-- phpMyAdmin SQL Dump
-- version 4.0.8
-- http://www.phpmyadmin.net
--
-- Host: localhost
-- Generation Time: Nov 24, 2013 at 01:58 PM
-- Server version: 5.5.32-cll
-- PHP Version: 5.3.17

SET SQL_MODE = "NO_AUTO_VALUE_ON_ZERO";
SET time_zone = "+00:00";


/*!40101 SET @OLD_CHARACTER_SET_CLIENT=@@CHARACTER_SET_CLIENT */;
/*!40101 SET @OLD_CHARACTER_SET_RESULTS=@@CHARACTER_SET_RESULTS */;
/*!40101 SET @OLD_COLLATION_CONNECTION=@@COLLATION_CONNECTION */;
/*!40101 SET NAMES utf8 */;

--
-- Database: `polaronc_projects`
--

-- --------------------------------------------------------

--
-- Table structure for table `addresses`
--

CREATE TABLE IF NOT EXISTS `addresses` (
  `id` int(12) NOT NULL AUTO_INCREMENT,
  `applicant_id` int(11) NOT NULL DEFAULT '0',
  `address_line` varchar(100) DEFAULT NULL,
  `suburb` varchar(100) DEFAULT NULL,
  `postcode` varchar(15) DEFAULT NULL,
  `state` varchar(26) DEFAULT NULL,
  `country_id` int(11) DEFAULT NULL,
  `date_changed` date DEFAULT NULL,
  `created` datetime DEFAULT NULL,
  PRIMARY KEY (`id`),
  KEY `applicant_id` (`applicant_id`)
) ENGINE=InnoDB  DEFAULT CHARSET=latin1 AUTO_INCREMENT=427 ;

--
-- Dumping data for table `addresses`
--

INSERT INTO `addresses` (`id`, `applicant_id`, `address_line`, `suburb`, `postcode`, `state`, `country_id`, `date_changed`, `created`) VALUES
(66, 66, '91 Albermarle Street', NULL, NULL, 'NSW', 15, NULL, '2012-10-29 00:00:00'),
(67, 67, '6 Kyle Place', 'Hannans', NULL, 'WA', 15, NULL, '2013-03-12 00:00:00'),
(68, 68, '162 Dempster Street', 'Esperance', NULL, 'WA', 15, NULL, '2012-10-29 00:00:00'),
(69, 69, '7 Park Road', 'Prahran 3181', NULL, 'VIC', 15, NULL, '2012-10-29 00:00:00'),
(70, 70, '26/40-46 Buxton Street', 'Ascot 4007', NULL, 'QLD', 15, NULL, '2012-10-31 00:00:00'),
(71, 71, '2 Mozart Circle', 'Donvale 3111', NULL, 'VIC', 15, NULL, '2012-10-31 00:00:00'),
(72, 72, NULL, NULL, NULL, NULL, NULL, NULL, '2012-11-02 00:00:00'),
(73, 73, '132 Louisa Road', 'Birchgrove 2041', NULL, 'NSW', 15, NULL, '2012-11-02 00:00:00'),
(74, 74, '20a Eagle Street', 'Alderley 4051', NULL, 'QLD', 15, NULL, '2012-11-09 00:00:00'),
(75, 75, 'tedst', 'Melbourne', '234234', '', 15, '2013-10-22', '2012-11-09 00:00:00'),
(76, 76, '26 Wanda Road', 'North Caulfield 3161', NULL, 'VIC', 15, NULL, '2013-03-20 00:00:00'),
(77, 77, NULL, NULL, NULL, NULL, NULL, NULL, '2012-11-12 00:00:00'),
(78, 78, NULL, NULL, NULL, NULL, 243, NULL, '2012-11-12 00:00:00'),
(79, 79, '1/247H Burwood Rd', 'Concord', '2137', 'NSW', 15, NULL, '2012-11-13 00:00:00'),
(80, 80, NULL, NULL, NULL, NULL, NULL, NULL, '2012-11-13 00:00:00'),
(81, 81, NULL, NULL, NULL, NULL, 15, NULL, '2012-11-13 00:00:00'),
(82, 82, NULL, NULL, NULL, NULL, NULL, NULL, '2012-11-14 00:00:00'),
(83, 83, NULL, NULL, NULL, NULL, NULL, NULL, '2012-11-14 00:00:00'),
(85, 85, NULL, NULL, NULL, NULL, NULL, NULL, '2012-11-15 00:00:00'),
(86, 86, '15 Picardo Court', 'Pacifica CA 94044', NULL, NULL, 244, NULL, '2012-11-15 00:00:00'),
(87, 87, NULL, NULL, NULL, NULL, 15, NULL, '2012-11-16 00:00:00'),
(88, 88, '110 Woodend Road', 'Woodend', '4305', 'QLD', 15, NULL, '2012-11-16 00:00:00'),
(89, 89, NULL, NULL, NULL, NULL, 15, NULL, '2012-11-16 00:00:00'),
(90, 90, NULL, NULL, NULL, NULL, 244, NULL, '2012-11-19 00:00:00'),
(91, 91, NULL, NULL, NULL, 'NSW', 15, NULL, '2012-11-19 00:00:00'),
(92, 92, NULL, NULL, NULL, NULL, 243, NULL, '2012-11-20 00:00:00'),
(93, 93, NULL, NULL, NULL, 'NSW', 15, NULL, '2012-11-28 00:00:00'),
(94, 94, NULL, NULL, NULL, 'WA', NULL, NULL, '2012-11-29 00:00:00'),
(95, 95, NULL, NULL, NULL, NULL, 190, NULL, '2012-11-29 00:00:00'),
(96, 96, NULL, NULL, NULL, NULL, 15, NULL, '2012-11-29 00:00:00'),
(97, 97, NULL, NULL, NULL, NULL, 43, NULL, '2012-11-29 00:00:00'),
(98, 98, NULL, NULL, NULL, NULL, 15, NULL, '2012-11-29 00:00:00'),
(99, 99, NULL, NULL, NULL, NULL, 244, NULL, '2012-11-29 00:00:00'),
(100, 100, NULL, NULL, NULL, NULL, 244, NULL, '2012-11-29 00:00:00'),
(101, 101, NULL, NULL, NULL, NULL, 244, NULL, '2012-11-29 00:00:00'),
(102, 102, NULL, NULL, NULL, NULL, 243, NULL, '2012-11-29 00:00:00'),
(103, 103, NULL, NULL, NULL, NULL, 15, NULL, '2012-11-29 00:00:00'),
(104, 104, NULL, NULL, NULL, NULL, 15, NULL, '2012-11-29 00:00:00'),
(105, 105, NULL, NULL, NULL, 'NSW', 15, NULL, '2012-11-29 00:00:00'),
(106, 106, NULL, NULL, NULL, NULL, 15, NULL, '2012-11-29 00:00:00'),
(107, 107, NULL, NULL, NULL, NULL, 244, NULL, '2012-11-30 00:00:00'),
(108, 108, NULL, NULL, NULL, 'SA', 15, NULL, '2012-12-03 00:00:00'),
(110, 110, NULL, NULL, NULL, NULL, 108, NULL, '2012-12-03 00:00:00'),
(111, 111, 'Unit 21/32-36 Rainbow Street', 'Kingsford 2032', NULL, 'NSW', 15, NULL, '2012-12-03 00:00:00'),
(112, 112, NULL, NULL, NULL, NULL, 18, NULL, '2012-12-06 00:00:00'),
(113, 113, NULL, NULL, NULL, 'VIC', 15, NULL, '2012-12-06 00:00:00'),
(114, 114, NULL, NULL, NULL, NULL, 15, NULL, '2012-12-07 00:00:00'),
(115, 115, NULL, NULL, NULL, 'NSW', 15, NULL, '2012-12-10 00:00:00'),
(116, 116, NULL, NULL, NULL, NULL, 15, NULL, '2012-12-10 00:00:00'),
(117, 117, NULL, NULL, NULL, 'VIC', 15, NULL, '2012-12-10 00:00:00'),
(118, 118, NULL, NULL, NULL, NULL, 15, NULL, '2012-12-12 00:00:00'),
(119, 119, NULL, NULL, NULL, NULL, 15, NULL, '2012-12-12 00:00:00'),
(120, 120, '23 Benelong Cres,', 'Bellevue Hill', '2023', 'NSW', 15, NULL, '2012-12-12 00:00:00'),
(122, 122, NULL, NULL, NULL, NULL, 15, NULL, '2012-12-12 00:00:00'),
(123, 123, NULL, NULL, NULL, NULL, 15, NULL, '2012-12-12 00:00:00'),
(124, 124, NULL, NULL, NULL, NULL, 15, NULL, '2012-12-13 00:00:00'),
(125, 125, NULL, NULL, NULL, NULL, 15, NULL, '2013-01-07 00:00:00'),
(129, 129, '91 Norfolk Street', 'Maidstone', '3012', 'VIC', 15, NULL, '2013-01-07 00:00:00'),
(130, 130, NULL, NULL, NULL, 'NSW', 15, NULL, '2013-01-07 00:00:00'),
(131, 131, '46 Kingsall Road', 'Attadale', '6156', 'WA', 15, NULL, '2013-01-07 00:00:00'),
(132, 132, NULL, NULL, NULL, NULL, NULL, NULL, '2013-01-07 00:00:00'),
(133, 133, NULL, NULL, NULL, NULL, 15, NULL, '2013-01-07 00:00:00'),
(134, 134, NULL, NULL, NULL, NULL, 15, NULL, '2013-01-07 00:00:00'),
(135, 135, NULL, 'London', NULL, NULL, 243, NULL, '2013-01-08 00:00:00'),
(136, 136, NULL, NULL, NULL, NULL, 15, NULL, '2013-01-08 00:00:00'),
(137, 137, NULL, NULL, NULL, NULL, 15, NULL, '2013-01-08 00:00:00'),
(138, 138, '4 Weston Avenue', 'South Perth', '6151', 'WA', 15, NULL, '2013-01-08 00:00:00'),
(139, 139, NULL, NULL, NULL, 'NSW', 15, NULL, '2013-01-09 00:00:00'),
(140, 140, NULL, NULL, NULL, 'NSW', 15, NULL, '2013-01-09 00:00:00'),
(142, 142, NULL, NULL, NULL, NULL, 15, NULL, '2013-01-09 00:00:00'),
(143, 143, NULL, NULL, NULL, NULL, 244, NULL, '2013-01-09 00:00:00'),
(144, 144, NULL, NULL, NULL, NULL, 15, NULL, '2013-01-10 00:00:00'),
(145, 145, NULL, NULL, NULL, NULL, 244, NULL, '2013-01-10 00:00:00'),
(146, 146, NULL, NULL, NULL, 'WA', 15, NULL, '2013-01-11 00:00:00'),
(147, 147, NULL, NULL, NULL, NULL, 15, NULL, '2013-01-11 00:00:00'),
(148, 148, '5 Hotham Crescent', 'Deakin', '2600', 'ACT', 15, NULL, '2013-01-11 00:00:00'),
(150, 150, NULL, NULL, NULL, NULL, 244, NULL, '2013-01-11 00:00:00'),
(151, 151, NULL, NULL, NULL, NULL, 15, NULL, '2013-01-17 00:00:00'),
(152, 152, NULL, NULL, NULL, NULL, 15, NULL, '2013-01-17 00:00:00'),
(154, 154, '9 Trelawney Street', 'Woollahra', '2025', 'NSW', 15, NULL, '2013-01-17 00:00:00'),
(155, 155, NULL, NULL, NULL, NULL, 15, NULL, '2013-01-17 00:00:00'),
(156, 156, 'Post Office Box 793', 'Armidale', '2350', 'NSW', 15, NULL, '2013-01-17 00:00:00'),
(157, 157, NULL, NULL, NULL, NULL, 15, NULL, '2013-01-17 00:00:00'),
(158, 158, NULL, NULL, NULL, NULL, 15, NULL, '2013-01-17 00:00:00'),
(159, 159, NULL, NULL, NULL, NULL, 222, NULL, '2013-01-17 00:00:00'),
(160, 160, NULL, NULL, NULL, NULL, 244, NULL, '2013-01-18 00:00:00'),
(161, 161, NULL, NULL, NULL, NULL, 243, NULL, '2013-01-18 00:00:00'),
(162, 162, NULL, NULL, NULL, NULL, 244, NULL, '2013-01-18 00:00:00'),
(163, 163, NULL, NULL, NULL, 'VIC', 15, NULL, '2013-01-18 00:00:00'),
(164, 164, NULL, NULL, NULL, NULL, 15, NULL, '2013-01-18 00:00:00'),
(165, 165, NULL, NULL, NULL, NULL, 15, NULL, '2013-01-18 00:00:00'),
(166, 166, NULL, NULL, NULL, 'NSW', 15, NULL, '2013-01-18 00:00:00'),
(167, 167, NULL, NULL, NULL, NULL, 15, NULL, '2013-01-18 00:00:00'),
(168, 168, NULL, NULL, NULL, NULL, 15, NULL, '2013-01-18 00:00:00'),
(169, 169, NULL, NULL, NULL, NULL, 244, NULL, '2013-01-18 00:00:00'),
(170, 170, NULL, NULL, NULL, NULL, 15, NULL, '2013-01-18 00:00:00'),
(171, 171, NULL, NULL, NULL, 'QLD', 15, NULL, '2013-01-18 00:00:00'),
(172, 172, NULL, NULL, NULL, NULL, 15, NULL, '2013-01-21 00:00:00'),
(173, 173, '5 High Street', 'Lambton', '2299', 'NSW', 15, NULL, '2013-01-21 00:00:00'),
(174, 174, NULL, NULL, NULL, NULL, 15, NULL, '2013-01-21 00:00:00'),
(175, 175, NULL, NULL, NULL, 'QLD', 15, NULL, '2013-01-21 00:00:00'),
(176, 176, NULL, NULL, NULL, NULL, 43, NULL, '2013-01-21 00:00:00'),
(177, 177, NULL, NULL, NULL, NULL, 244, NULL, '2013-01-22 00:00:00'),
(178, 178, NULL, NULL, NULL, NULL, 15, NULL, '2013-01-22 00:00:00'),
(179, 179, NULL, NULL, NULL, NULL, 15, NULL, '2013-01-22 00:00:00'),
(180, 180, NULL, NULL, NULL, NULL, 82, NULL, '2013-01-23 00:00:00'),
(181, 181, NULL, NULL, NULL, NULL, 15, NULL, '2013-01-23 00:00:00'),
(182, 182, NULL, NULL, NULL, NULL, 243, NULL, '2013-01-23 00:00:00'),
(183, 183, NULL, NULL, NULL, NULL, 15, NULL, '2013-01-24 00:00:00'),
(184, 184, '137 Orrong Road', 'Elsternwick', '3185', 'VIC', 15, NULL, '2013-01-25 00:00:00'),
(185, 185, NULL, NULL, NULL, NULL, 15, NULL, '2013-01-25 00:00:00'),
(186, 186, NULL, NULL, NULL, NULL, 15, NULL, '2013-01-29 00:00:00'),
(187, 187, NULL, NULL, NULL, 'VIC', 15, NULL, '2013-01-29 00:00:00'),
(188, 188, NULL, NULL, NULL, 'QLD', 15, NULL, '2013-01-29 00:00:00'),
(189, 189, NULL, NULL, NULL, NULL, 243, NULL, '2013-01-29 00:00:00'),
(190, 190, NULL, NULL, NULL, NULL, 15, NULL, '2013-01-29 00:00:00'),
(191, 191, NULL, NULL, NULL, 'VIC', 15, NULL, '2013-01-29 00:00:00'),
(192, 192, NULL, NULL, NULL, NULL, 64, NULL, '2013-01-29 00:00:00'),
(193, 193, '3 Beddoe Avenue', 'Clayton', '3168', 'VIC', 15, NULL, '2013-01-30 00:00:00'),
(194, 194, NULL, NULL, NULL, NULL, 15, NULL, '2013-01-31 00:00:00'),
(196, 196, '1/594 Willoughby Road', 'Willioughby', '2068', 'NSW', 15, NULL, '2013-01-31 00:00:00'),
(197, 197, NULL, NULL, NULL, NULL, 15, NULL, '2013-02-01 00:00:00'),
(201, 201, NULL, NULL, NULL, NULL, 15, NULL, '2013-02-01 00:00:00'),
(202, 202, NULL, NULL, NULL, NULL, 43, NULL, '2013-02-01 00:00:00'),
(207, 207, '15a Middleton Avenue', 'North Bondi', NULL, 'NSW', 15, NULL, '2013-02-05 00:00:00'),
(208, 208, '145 Burnley Street', 'Richmond', '3121', 'VIC', 15, NULL, '2013-02-05 00:00:00'),
(209, 209, NULL, NULL, NULL, NULL, 15, NULL, '2013-02-05 00:00:00'),
(211, 211, NULL, 'Caulfield North', NULL, 'VIC', 15, NULL, '2013-02-05 00:00:00'),
(213, 213, NULL, NULL, NULL, NULL, 15, NULL, '2013-02-05 00:00:00'),
(215, 215, NULL, NULL, NULL, NULL, 15, NULL, '2013-02-05 00:00:00'),
(216, 216, NULL, NULL, NULL, 'VIC', 15, NULL, '2013-02-05 00:00:00'),
(217, 217, NULL, NULL, NULL, NULL, 244, NULL, '2013-02-05 00:00:00'),
(218, 218, '20 Tiwi Palace,  Wara Manga, Canberra', NULL, NULL, 'ACT', 15, NULL, '2013-02-06 00:00:00'),
(219, 219, NULL, NULL, NULL, NULL, 43, NULL, '2013-02-06 00:00:00'),
(221, 221, NULL, NULL, NULL, NULL, 15, NULL, '2013-02-06 00:00:00'),
(223, 223, NULL, NULL, NULL, NULL, 244, NULL, '2013-02-06 00:00:00'),
(224, 224, NULL, NULL, NULL, NULL, 244, NULL, '2013-02-06 00:00:00'),
(225, 225, NULL, NULL, NULL, NULL, 43, NULL, '2013-02-06 00:00:00'),
(226, 226, NULL, NULL, NULL, NULL, 15, NULL, '2013-02-06 00:00:00'),
(228, 228, NULL, NULL, NULL, NULL, 43, NULL, '2013-02-06 00:00:00'),
(230, 230, '21 Paradise Close', 'Plumpton', '2761', 'NSW', 15, NULL, '2013-02-06 00:00:00'),
(231, 231, NULL, NULL, NULL, NULL, NULL, NULL, '2013-02-06 00:00:00'),
(232, 232, NULL, NULL, NULL, NULL, NULL, NULL, '2013-02-06 00:00:00'),
(233, 233, NULL, NULL, NULL, NULL, NULL, NULL, '2013-02-06 00:00:00'),
(234, 234, '6 Broome St', 'Cottlesloe', '6011', 'WA', 15, NULL, '2013-02-07 00:00:00'),
(236, 236, '133 Clarence Avenue', 'London', 'SW4 8LX', NULL, 243, NULL, '2013-02-07 00:00:00'),
(237, 237, '1 Moore Road', 'Bolwarra Heights', '2320', 'NSW', 15, NULL, '2013-02-07 00:00:00'),
(239, 239, NULL, NULL, NULL, NULL, 244, NULL, '2013-02-07 00:00:00'),
(240, 240, '17 Beavers Road', 'Northcote', '3070', NULL, 15, NULL, '2013-02-07 00:00:00'),
(241, 241, NULL, NULL, NULL, NULL, 15, NULL, '2013-02-07 00:00:00'),
(242, 242, NULL, NULL, NULL, NULL, 15, NULL, '2013-02-07 00:00:00'),
(243, 243, NULL, NULL, NULL, NULL, 15, NULL, '2013-02-07 00:00:00'),
(244, 244, NULL, NULL, NULL, NULL, 213, NULL, '2013-02-07 00:00:00'),
(245, 245, '3215 Shelburne Road\r\nBaltimore, Maryland 21208\r\n3215 Shelburne Road', 'Baltimore, Maryland', '21208', NULL, 244, NULL, '2013-02-07 00:00:00'),
(246, 246, NULL, NULL, NULL, NULL, 244, NULL, '2013-02-07 00:00:00'),
(247, 247, NULL, NULL, NULL, NULL, NULL, NULL, '2013-02-04 00:00:00'),
(248, 248, '101 The Avenue', 'Armidale', NULL, 'NSW', 15, NULL, '2013-02-07 00:00:00'),
(249, 249, '101 The Avenue', 'Armidale', '2350', 'NSW', 15, NULL, '2013-02-07 00:00:00'),
(250, 250, NULL, NULL, NULL, NULL, NULL, NULL, '2013-02-07 00:00:00'),
(251, 251, NULL, NULL, NULL, NULL, NULL, NULL, '2013-02-07 00:00:00'),
(252, 252, '26 Wanda Road', 'North Caulfield', '3161', 'VIC', 15, NULL, '2013-02-07 00:00:00'),
(253, 253, '10 Redcourt Ave', 'Armadale', '3143', 'VIC', 15, NULL, '2013-02-07 00:00:00'),
(255, 255, '114 Charles St', 'Seddon', '3011', 'VIC', 15, NULL, '2013-02-08 00:00:00'),
(256, 256, NULL, NULL, NULL, NULL, 15, NULL, '2013-02-08 00:00:00'),
(259, 259, NULL, NULL, NULL, NULL, NULL, NULL, '2013-02-08 00:00:00'),
(260, 260, '8A Cranham Terrace', 'Oxford OX2 6DG', NULL, NULL, 243, NULL, '2013-02-08 00:00:00'),
(261, 261, NULL, NULL, NULL, NULL, 15, NULL, '2013-02-08 00:00:00'),
(262, 262, NULL, NULL, NULL, NULL, 15, NULL, '2013-02-08 00:00:00'),
(263, 263, NULL, NULL, NULL, NULL, 15, NULL, '2013-02-08 00:00:00'),
(264, 264, NULL, NULL, NULL, NULL, 15, NULL, '2013-02-08 00:00:00'),
(265, 265, NULL, NULL, NULL, NULL, 15, NULL, '2013-02-08 00:00:00'),
(266, 266, NULL, NULL, NULL, NULL, 15, NULL, '2013-02-08 00:00:00'),
(267, 267, '26 Rosalind Crescent', 'Blackburn', '3130', 'VIC', 15, NULL, '2013-02-08 00:00:00'),
(268, 268, NULL, NULL, NULL, NULL, NULL, NULL, '2013-02-08 00:00:00'),
(269, 269, NULL, NULL, NULL, NULL, NULL, NULL, '2013-02-08 00:00:00'),
(271, 271, NULL, NULL, NULL, NULL, NULL, NULL, '2013-02-10 00:00:00'),
(272, 272, '3 Lovell Street', 'Hawthorn East', '3123', 'VIC', 15, NULL, '2013-02-10 00:00:00'),
(273, 273, NULL, NULL, NULL, NULL, NULL, NULL, '2013-02-10 00:00:00'),
(274, 274, 'The Jewel 1, Atp. 502', 'PO Box 211 085 Dubai', NULL, NULL, 242, NULL, '2013-02-10 00:00:00'),
(275, 275, '36 Teck St', 'Ashwood', '3147', 'VIC', 15, NULL, '2013-02-10 00:00:00'),
(276, 276, NULL, NULL, NULL, NULL, 15, NULL, '2013-02-10 00:00:00'),
(277, 277, '19 Duke Street', 'Windsor', '3181', 'VIC', 15, NULL, '2013-02-10 00:00:00'),
(279, 279, '63 Minnamura Crescent', 'Tamworth', '2340', 'VIC', 15, NULL, '2013-02-10 00:00:00'),
(280, 280, NULL, NULL, NULL, NULL, NULL, NULL, '2013-02-11 00:00:00'),
(281, 281, NULL, NULL, NULL, NULL, NULL, NULL, '2013-02-11 00:00:00'),
(282, 282, NULL, NULL, NULL, NULL, NULL, NULL, '2013-02-11 00:00:00'),
(283, 283, NULL, NULL, NULL, NULL, NULL, NULL, '2013-02-11 00:00:00'),
(284, 284, NULL, NULL, NULL, NULL, 15, NULL, '2013-02-11 00:00:00'),
(285, 285, NULL, NULL, NULL, NULL, 244, NULL, '2013-02-11 00:00:00'),
(286, 286, NULL, NULL, NULL, NULL, 15, NULL, '2013-02-11 00:00:00'),
(287, 287, NULL, NULL, NULL, NULL, 15, NULL, '2013-02-11 00:00:00'),
(288, 288, '132A Virgil Ave, Yokine', NULL, '6060', 'WA', 15, NULL, '2013-02-11 00:00:00'),
(289, 289, '132A Virgil Ave, Yokine', NULL, '6060', 'WA', 15, NULL, '2013-02-11 00:00:00'),
(290, 290, '132A Virgil Ave, Yokine', NULL, '6060', 'WA', 15, NULL, '2013-02-11 00:00:00'),
(291, 291, 'Unit 12/16 Woorigoleen Road, Toorak', NULL, '3142', 'VIC', 15, NULL, '2013-02-11 00:00:00'),
(292, 292, 'Erskine Ridge', 'Mooroolbark', NULL, NULL, 15, NULL, '2013-02-11 00:00:00'),
(293, 293, '5 Harnett Place', 'Chatswood', '2067', 'NSW', 15, NULL, '2013-02-11 00:00:00'),
(295, 295, NULL, NULL, NULL, NULL, 15, NULL, '2013-02-12 00:00:00'),
(296, 296, NULL, NULL, NULL, NULL, 15, NULL, '2013-02-12 00:00:00'),
(297, 297, '36 Bridgwood Rd, Lesmurdie', NULL, '6076', 'WA', 15, NULL, '2013-02-12 00:00:00'),
(298, 298, '1 Heather Rd', 'South Caulfield', '3162', 'VIC', 15, NULL, '2013-02-12 00:00:00'),
(299, 299, NULL, NULL, NULL, NULL, NULL, NULL, '2013-02-12 00:00:00'),
(300, 300, NULL, NULL, NULL, NULL, NULL, NULL, '2013-02-13 00:00:00'),
(301, 301, '35 Alexander Crescent', 'Macquarie Fields', '2564', 'NSW', 15, NULL, '2013-02-14 00:00:00'),
(302, 302, 'PO BOX 692', 'Bowral', '2576', 'NSW', 15, NULL, '2013-02-14 00:00:00'),
(305, 305, 'PO Box 3151, Newstead', '21/20 Newstead Terrace, Newstead', '4006', 'QLD', 15, NULL, '2013-02-14 00:00:00'),
(308, 308, '30 Orcitaxo Cr', 'Toronto', 'M8Z3EI', NULL, 43, NULL, '2013-02-14 00:00:00'),
(310, 310, NULL, NULL, NULL, NULL, 15, NULL, '2013-02-14 00:00:00'),
(312, 312, '165 Oak Road', 'Matcham', '2250', 'NSW', 15, NULL, '2013-02-15 00:00:00'),
(313, 313, NULL, NULL, NULL, NULL, NULL, NULL, '2013-02-15 00:00:00'),
(314, 314, '119 Groove Green Rd, Leyton Stone', 'London', 'E11 4ED', NULL, 243, NULL, '2013-02-18 00:00:00'),
(315, 315, '237 William St', 'Devonport', '7310', 'TAS', 15, NULL, '2013-02-19 00:00:00'),
(317, 317, '45c Zanon Circuit, Education City Community Housing', 'Doha', '1000', NULL, 190, NULL, '2013-02-19 00:00:00'),
(318, 318, 'PO Box 1480', 'Moolooba', '4557', 'QLD', 15, NULL, '2013-02-19 00:00:00'),
(319, 319, '7 Gambie Close', 'Murdoch', '6150', 'WA', 15, NULL, '2013-02-19 00:00:00'),
(320, 320, '25 Greenhills St', 'Croydon', '2132', 'NSW', 15, NULL, '2013-02-19 00:00:00'),
(321, 321, NULL, NULL, NULL, NULL, NULL, NULL, '2013-02-19 00:00:00'),
(322, 322, '13A Byron St', 'Leederville', '6007', 'WA', 15, NULL, '2013-02-19 00:00:00'),
(323, 323, NULL, NULL, NULL, NULL, 15, NULL, '2013-02-19 00:00:00'),
(324, 324, NULL, NULL, NULL, NULL, NULL, NULL, '2013-02-20 00:00:00'),
(325, 325, '2/70 Bemboka Rd', 'Croydon Hill', '3136', 'VIC', 15, NULL, '2013-02-20 00:00:00'),
(328, 328, NULL, NULL, NULL, NULL, NULL, NULL, '2013-02-21 00:00:00'),
(331, 331, NULL, NULL, NULL, NULL, 43, NULL, '2013-02-21 00:00:00'),
(332, 332, NULL, NULL, NULL, NULL, 15, NULL, '2013-02-21 00:00:00'),
(333, 333, NULL, NULL, NULL, NULL, NULL, NULL, '2013-02-21 00:00:00'),
(334, 334, NULL, NULL, NULL, NULL, 15, NULL, '2013-02-21 00:00:00'),
(335, 335, NULL, NULL, NULL, NULL, 15, NULL, '2013-02-21 00:00:00'),
(336, 336, NULL, NULL, NULL, NULL, 15, NULL, '2013-02-21 00:00:00'),
(337, 337, NULL, NULL, NULL, NULL, 15, NULL, '2013-02-21 00:00:00'),
(338, 338, NULL, NULL, NULL, NULL, 15, NULL, '2013-02-21 00:00:00'),
(340, 340, NULL, NULL, NULL, NULL, 15, NULL, '2013-02-21 00:00:00'),
(341, 341, NULL, NULL, NULL, NULL, 15, NULL, '2013-02-21 00:00:00'),
(342, 342, NULL, NULL, NULL, NULL, 15, NULL, '2013-02-21 00:00:00'),
(343, 343, NULL, NULL, NULL, NULL, 243, NULL, '2013-02-21 00:00:00'),
(344, 344, NULL, NULL, NULL, NULL, 15, NULL, '2013-02-21 00:00:00'),
(345, 345, NULL, NULL, NULL, 'NSW', 15, NULL, '2013-02-21 00:00:00'),
(346, 346, '50 Alma Rd', 'St Kilda', '3182', 'VIC', 15, NULL, '2012-03-21 00:00:00'),
(347, 347, NULL, NULL, NULL, NULL, NULL, NULL, '2012-03-22 00:00:00'),
(348, 348, NULL, NULL, NULL, NULL, 244, NULL, '2013-02-22 00:00:00'),
(349, 349, NULL, NULL, NULL, 'QLD', 15, NULL, '2013-02-22 00:00:00'),
(350, 350, '9 Peasholm Corner', 'Craigieburn', '3064', 'VIC', 15, NULL, '2013-02-25 00:00:00'),
(351, 351, NULL, NULL, NULL, NULL, NULL, NULL, '2013-02-25 00:00:00'),
(352, 352, NULL, NULL, NULL, NULL, NULL, NULL, '2013-02-25 00:00:00'),
(353, 353, '57 Charles St', 'Liverpool', '2170', 'NSW', 15, NULL, '2013-02-25 00:00:00'),
(354, 354, NULL, NULL, NULL, NULL, 15, NULL, '2013-02-26 00:00:00'),
(355, 355, NULL, NULL, NULL, NULL, 15, NULL, '2013-02-26 00:00:00'),
(356, 356, NULL, NULL, NULL, NULL, 15, NULL, '2013-02-26 00:00:00'),
(357, 357, NULL, NULL, NULL, NULL, 43, NULL, '2013-02-26 00:00:00'),
(358, 358, '17 Garrell St, Caulfield North', NULL, '3161', 'VIC', 15, NULL, '2013-02-26 00:00:00'),
(359, 359, NULL, NULL, NULL, NULL, 244, NULL, '2013-02-27 00:00:00'),
(361, 361, NULL, NULL, NULL, NULL, 15, NULL, '2013-02-27 00:00:00'),
(362, 362, NULL, NULL, NULL, NULL, 15, NULL, '2013-02-27 00:00:00'),
(364, 364, '538 Churchill Ave', 'Sandy Bay', '7005', 'TAS', 15, NULL, '2013-02-28 00:00:00'),
(365, 365, NULL, NULL, NULL, NULL, 43, NULL, '2013-02-28 00:00:00'),
(366, 366, NULL, NULL, NULL, NULL, NULL, NULL, '2013-02-28 00:00:00'),
(367, 367, NULL, NULL, NULL, NULL, NULL, NULL, '2013-02-28 00:00:00'),
(368, 368, NULL, NULL, NULL, NULL, NULL, NULL, '2013-02-28 00:00:00'),
(369, 369, NULL, NULL, NULL, NULL, 15, NULL, '2013-02-28 00:00:00'),
(374, 374, NULL, NULL, NULL, NULL, 15, NULL, '2013-02-28 00:00:00'),
(376, 376, '23 Melville Ave', 'Newtown', '3220', 'VIC', 15, NULL, '2013-02-28 00:00:00'),
(377, 377, NULL, NULL, NULL, NULL, 15, NULL, '2013-03-01 00:00:00'),
(378, 378, NULL, NULL, NULL, NULL, 187, NULL, '2013-03-01 00:00:00'),
(379, 379, NULL, NULL, NULL, NULL, 243, NULL, '2013-03-01 00:00:00'),
(381, 381, NULL, NULL, NULL, NULL, NULL, NULL, '2013-03-01 00:00:00'),
(382, 382, NULL, NULL, NULL, NULL, 11, NULL, '2013-03-01 00:00:00'),
(386, 386, NULL, NULL, NULL, NULL, NULL, NULL, '2013-03-04 00:00:00'),
(387, 387, NULL, NULL, NULL, NULL, NULL, NULL, '2013-03-04 00:00:00'),
(388, 388, NULL, NULL, NULL, NULL, NULL, NULL, '2013-03-04 00:00:00'),
(390, 390, NULL, NULL, NULL, 'VIC', 15, NULL, '2013-03-04 00:00:00'),
(393, 393, '19 Raggatt Cr', 'Edgeworth', '2285', 'NSW', 15, NULL, '2013-03-04 00:00:00'),
(394, 394, '4 Snowdon Ave', 'Caulfield', '3162', 'VIC', 15, NULL, '2013-03-05 00:00:00'),
(395, 395, NULL, NULL, NULL, NULL, 15, NULL, '2013-03-05 00:00:00'),
(396, 396, NULL, NULL, NULL, NULL, 82, NULL, '2013-03-05 00:00:00'),
(397, 397, NULL, NULL, NULL, NULL, 244, NULL, '2013-03-05 00:00:00'),
(398, 398, NULL, NULL, NULL, NULL, 15, NULL, '2013-03-05 00:00:00'),
(400, 400, NULL, NULL, NULL, NULL, 15, NULL, '2013-03-05 00:00:00'),
(401, 401, NULL, NULL, NULL, NULL, 15, NULL, '2013-03-05 00:00:00'),
(402, 402, NULL, NULL, NULL, NULL, 15, NULL, '2013-03-06 00:00:00'),
(403, 403, NULL, NULL, NULL, NULL, 244, NULL, '2013-03-06 00:00:00'),
(405, 405, '21 Douglass Ave', 'Carlingford', '2118', 'NSW', 15, NULL, '2013-03-06 00:00:00'),
(407, 407, '14 Angophora Cres', 'Forestville', '2087', 'VIC', 15, NULL, '2013-03-06 00:00:00'),
(408, 408, 'PO Box 456', 'Fortitude Valley', '4006', 'QLD', 15, NULL, '2013-03-07 00:00:00'),
(409, 409, '305/169 Leichhardt Street', 'Spring Hill, Brisbane', '4000', 'QLD', 15, NULL, '2013-03-07 00:00:00'),
(412, 412, '17 Augustine Tce', 'Glenroy', '3046', 'VIC', 15, NULL, '2013-03-07 00:00:00'),
(414, 414, 'PO Box 108', 'Hawthorn', '3122', 'VIC', 15, NULL, '2013-04-07 00:00:00'),
(415, 415, NULL, NULL, NULL, NULL, NULL, NULL, '2013-04-07 00:00:00'),
(416, 416, NULL, NULL, NULL, NULL, NULL, NULL, '2013-04-07 00:00:00'),
(417, 417, NULL, NULL, NULL, NULL, NULL, NULL, '2013-04-07 00:00:00'),
(418, 418, NULL, NULL, NULL, NULL, 213, NULL, '2013-04-07 00:00:00'),
(419, 419, NULL, NULL, NULL, NULL, 244, NULL, '2013-04-07 00:00:00'),
(420, 0, 'ertert', 'wer', '56', 'wer', 15, NULL, '2013-10-20 02:02:55'),
(421, 420, 'sdf', 'sdf', '342', 'sda', 15, NULL, '2013-10-20 02:03:56'),
(422, 424, '45 Test lane', 'Testingtonish', '4234', 'TST', 15, '2013-10-20', '2013-10-20 02:52:16'),
(423, 424, '45 Test laned', 'Testingtonisha', '4234', 'TST', 15, '2013-10-23', '2013-10-20 02:53:05'),
(424, 75, 'tedst', 'Melbourne', '234234', '', 15, NULL, '2013-10-22 05:48:26'),
(425, 424, '45 Test laned', 'Testingtonisha', '4234', 'TST', 15, NULL, '2013-10-23 08:35:22'),
(426, 458, '8 Muirfield Close', 'Heatherton', '3202', 'VIC', 15, NULL, '2013-10-25 20:07:32');

-- --------------------------------------------------------

--
-- Table structure for table `ancestortypes`
--

CREATE TABLE IF NOT EXISTS `ancestortypes` (
  `id` int(11) NOT NULL AUTO_INCREMENT,
  `ancestor_type` varchar(50) DEFAULT NULL,
  PRIMARY KEY (`id`)
) ENGINE=InnoDB  DEFAULT CHARSET=latin1 AUTO_INCREMENT=12 ;

--
-- Dumping data for table `ancestortypes`
--

INSERT INTO `ancestortypes` (`id`, `ancestor_type`) VALUES
(1, 'Mother'),
(2, 'Father'),
(3, 'Grandmother'),
(4, 'Grandfather'),
(5, 'Great grandmother'),
(6, 'Great grandfather'),
(7, 'Grandparents'),
(8, 'Family'),
(9, 'Parents'),
(10, 'Self'),
(11, 'Great Uncle');

-- --------------------------------------------------------

--
-- Table structure for table `applicants`
--

CREATE TABLE IF NOT EXISTS `applicants` (
  `id` int(12) NOT NULL AUTO_INCREMENT,
  `clientcase_id` int(11) NOT NULL DEFAULT '0',
  `birthdate` date DEFAULT NULL,
  `title` varchar(12) DEFAULT NULL,
  `first_name` varchar(100) NOT NULL DEFAULT '',
  `middle_name` varchar(100) DEFAULT '',
  `surname` varchar(100) NOT NULL DEFAULT '',
  `email` varchar(50) DEFAULT NULL,
  `landline_number` varchar(50) DEFAULT NULL,
  `mobile_number` varchar(50) DEFAULT NULL,
  `created` datetime DEFAULT NULL,
  `modified` datetime DEFAULT NULL,
  PRIMARY KEY (`id`),
  KEY `clientcase_id` (`clientcase_id`)
) ENGINE=InnoDB  DEFAULT CHARSET=latin1 AUTO_INCREMENT=465 ;

--
-- Dumping data for table `applicants`
--

INSERT INTO `applicants` (`id`, `clientcase_id`, `birthdate`, `title`, `first_name`, `middle_name`, `surname`, `email`, `landline_number`, `mobile_number`, `created`, `modified`) VALUES
(66, 66, '1969-12-31', '', 'Tania', '', 'Humphreys', 'dc@polaron.com.au', '', '0438854355', '2012-10-29 00:00:00', '2013-10-25 19:29:18'),
(67, 67, NULL, NULL, 'Rick', 'Adam', 'Grzyb', 'mibberz@hotmail.com', 'n/a', '0422 839 372', '2013-03-12 00:00:00', '2013-03-08 00:00:00'),
(68, 68, NULL, NULL, 'Danuta', 'Margaret', 'Layman', 'danilayman@hotmail.com', '08 9071 2237', '0400 234 157', '2012-10-29 00:00:00', '2012-08-22 00:00:00'),
(69, 69, NULL, NULL, 'Joshua', '', 'Strawczynski', 'josh@jmarketing.com.au', NULL, '0402 844 409', '2012-10-29 00:00:00', NULL),
(70, 70, NULL, NULL, 'Corinne', '', 'Allsopp', 'kai_182@hotmail.com', NULL, '0431 738 472', '2012-10-31 00:00:00', '2011-03-23 00:00:00'),
(71, 71, NULL, NULL, 'Richard', '', 'Falls', 'richard@ryteclighting.com.au', '03 9842 0853', '0425 737 179', '2012-10-31 00:00:00', '2012-09-28 00:00:00'),
(72, 72, NULL, NULL, 'Robert', '', 'Kay', 'robkay@live.com', NULL, '0448 815 989', '2012-11-02 00:00:00', '2012-11-01 00:00:00'),
(73, 73, NULL, NULL, 'Nathan', '', 'Waks', 'nathan@kilikanoon.com.au', '02 9555 8273', '0403 398 193', '2012-11-02 00:00:00', '2012-08-09 00:00:00'),
(74, 74, NULL, NULL, 'Troy', '', 'Hindley', 'troyhindley@hotmail.com', '07 3162 0710', '0412 580 570', '2012-11-09 00:00:00', '2012-11-09 00:00:00'),
(75, 75, NULL, NULL, 'Lisa', '', 'Schnell', 'lisaschnell@hotmail.com', NULL, '0422 429 357', '2012-11-09 00:00:00', '2013-03-08 00:00:00'),
(76, 76, NULL, NULL, 'Warren', 'Matthew', 'Rozen', 'warrenrozen@hotmail.com', 'n/a', '0411 456 644', '2013-03-20 00:00:00', '2013-03-08 00:00:00'),
(77, 77, NULL, NULL, 'John', '', 'Manual', 'villa411@hotmail.com', '08 8377 4316', NULL, '2012-11-12 00:00:00', '2012-11-12 00:00:00'),
(78, 78, NULL, NULL, 'Ofir', '', 'Goldstein', 'ofirg@email.com', '44 7774854347', NULL, '2012-11-12 00:00:00', '2012-11-12 00:00:00'),
(79, 79, NULL, NULL, 'Aaron', 'Nicholas', 'Frater', '61cjs94@gmail.com', '(02) 8068 0434', '0401 849 693', '2012-11-13 00:00:00', '2012-11-13 00:00:00'),
(80, 80, NULL, NULL, 'Paul', '', 'Codognotto', 'paulstillen@gmail.com', NULL, '0432343866', '2012-11-13 00:00:00', '2012-11-13 00:00:00'),
(81, 81, NULL, NULL, 'Daniel', '', 'Bell', 'belld11@hotmail.com', NULL, '0421 210 792', '2012-11-13 00:00:00', '2012-11-13 00:00:00'),
(82, 82, NULL, NULL, 'Karina', '', 'McKenzie', 'kmmckenzie93@gmail.com', '02 9979 7139', '(612) 99797139', '2012-11-14 00:00:00', '2012-11-14 00:00:00'),
(83, 83, NULL, NULL, 'Stephan', '', 'Siryj', 'sjsiryj@gmail.com', '+64 272 831 069', NULL, '2012-11-14 00:00:00', NULL),
(85, 85, NULL, NULL, 'James', '', 'Marzec', 'jamesrichardmarzec@hotmail.com', NULL, '0407 989 688', '2012-11-15 00:00:00', '2012-11-15 00:00:00'),
(86, 86, NULL, NULL, 'Roberta', '', 'Tugendreich', 'roberta707@gmail.com', '+44 79399 07725', '+16503596097', '2012-11-15 00:00:00', '2012-11-06 00:00:00'),
(87, 87, NULL, NULL, 'Jason', '', 'Mandzij', 'jmandzij@live.com.au', NULL, '0438 996 575', '2012-11-16 00:00:00', '2012-11-16 00:00:00'),
(88, 88, NULL, NULL, 'Matthew', '', 'Huggins', 'matthew.huggins@uqconnect.edu.au', NULL, '0408 485 898', '2012-11-16 00:00:00', '2013-03-08 00:00:00'),
(89, 89, NULL, NULL, 'Adrian', '', 'Gruszka', 'adriangruszka@hotmail.com', NULL, '0433 763 95?', '2012-11-16 00:00:00', '2012-11-16 00:00:00'),
(90, 90, NULL, NULL, 'Ann', '', 'Bilesky', 'villaavbbh@sbcglobal.net', '310 8601401', NULL, '2012-11-19 00:00:00', '2012-11-19 00:00:00'),
(91, 91, NULL, NULL, 'Rose', '', 'Mautner', 'rose_mautner@yahoo.com.au', '02 9389 2223', NULL, '2012-11-19 00:00:00', '2012-11-19 00:00:00'),
(92, 92, NULL, NULL, 'Ella', '', 'Zomer', 'ebella1983@gmail.com', '+44 7445358122', NULL, '2012-11-20 00:00:00', '2012-11-20 00:00:00'),
(93, 93, NULL, NULL, 'Laura', '', 'Wesolowski', 'laura.wesolowski@rocketmail.com', '02 9716 6503', NULL, '2012-11-28 00:00:00', '2012-11-28 00:00:00'),
(94, 94, NULL, NULL, 'Michael', '', 'Korycin', 'm.korycin@bigpond.com', '08 9304 1110', NULL, '2012-11-29 00:00:00', '2012-11-29 00:00:00'),
(95, 95, NULL, NULL, 'Andrew', '', 'Bilszczyk', 'andbli@yahoo.com', '+974 334 779 04', NULL, '2012-11-29 00:00:00', '2012-11-29 00:00:00'),
(96, 96, NULL, NULL, 'David', '', 'Clarke', 'dcla.6359@bigpond.com', '03 9820 3684', NULL, '2012-11-29 00:00:00', '2012-11-29 00:00:00'),
(97, 97, NULL, NULL, 'A', 'L', 'Struk', 'sam@siteplat.com', '416 402 9736', NULL, '2012-11-29 00:00:00', '2012-11-29 00:00:00'),
(98, 98, NULL, NULL, 'Laura', '', 'McDonald', 'laurawmcdonald@gmail.com', '9387 4404', NULL, '2012-11-29 00:00:00', '2012-11-29 00:00:00'),
(99, 99, NULL, NULL, 'Laura', '', 'Kassmier', 'laurabreynolds@comcast.net', '630 3030454', NULL, '2012-11-29 00:00:00', '2012-11-29 00:00:00'),
(100, 100, NULL, NULL, 'Lee', '', 'Smolinski', 'leesmolinski@comcast.net', '561 4179729', NULL, '2012-11-29 00:00:00', '2012-11-29 00:00:00'),
(101, 101, NULL, NULL, 'George', '', 'Bielski', 'zorak1997@yahoo.com', '617 859 8213', NULL, '2012-11-29 00:00:00', '2012-11-29 00:00:00'),
(102, 102, NULL, NULL, 'Anthony', '', 'Kisiel', 'Anthony_kisiel@hotmail.com', '01256 324582', NULL, '2012-11-29 00:00:00', '2012-11-29 00:00:00'),
(103, 103, NULL, NULL, 'Andrew', '', 'Young', 'ajy@hotmail.com', NULL, '0400 727 900', '2012-11-29 00:00:00', '2012-11-29 00:00:00'),
(104, 104, NULL, NULL, 'Paul', '', 'Martyniak', 'martyniak@gmail.com', NULL, '0417 875 070', '2012-11-29 00:00:00', '2012-11-29 00:00:00'),
(105, 105, NULL, NULL, 'Alison', '', 'Dabros', 'alisondabros@hotmail.com', NULL, '0434 587 345', '2012-11-29 00:00:00', '2013-03-20 00:00:00'),
(106, 106, NULL, NULL, 'Peter', '', 'Richards', 'aupeterrichards@yahoo.com', NULL, '0410 636 910', '2012-11-29 00:00:00', '2012-11-29 00:00:00'),
(107, 107, NULL, NULL, 'Peter', '', 'Jackson', 'nyul-nyul@web.de', '10128 6748', NULL, '2012-11-30 00:00:00', '2012-11-30 00:00:00'),
(108, 108, NULL, NULL, 'Stefania', '', 'Bochenski', 'sbochens@gmail.com', NULL, NULL, '2012-12-03 00:00:00', '2012-12-03 00:00:00'),
(110, 110, NULL, NULL, 'Aneta', '', 'Peretko', 'anetaper@gmail.com', '+852 9669 6463', NULL, '2012-12-03 00:00:00', '2012-12-03 00:00:00'),
(111, 111, NULL, NULL, 'Eleanor', '', 'Stankiewicz', 'elean_or@hotmail.com', NULL, '0422 758 560', '2012-12-03 00:00:00', '2012-12-03 00:00:00'),
(112, 112, NULL, NULL, 'Tadeusz', '', 'Klejne', 'ivan19@o2.pl', '242 421 31 47', NULL, '2012-12-06 00:00:00', '2012-12-06 00:00:00'),
(113, 113, NULL, NULL, 'Kristy', '', 'Skiel', 'kristy_skiel@hotmail.co.uk', '03 9623 5364', NULL, '2012-12-06 00:00:00', '2012-12-06 00:00:00'),
(114, 114, NULL, NULL, 'Eytan', '', 'Udovich', 'eudovich@bigpond.net.au', NULL, '0412 110 259', '2012-12-07 00:00:00', '2012-12-07 00:00:00'),
(115, 115, NULL, NULL, 'Michal', '', 'Maslanka', 'michal_maslanka@hotmail.com', '02 4236 0720', NULL, '2012-12-10 00:00:00', '2012-12-10 00:00:00'),
(116, 116, NULL, NULL, 'Sasha', '', 'Kliger', 'skliger@bigpond.com', NULL, NULL, '2012-12-10 00:00:00', '2012-12-10 00:00:00'),
(117, 117, NULL, NULL, 'Kathrin', '', 'Bulat', 'kathrin@ymail.com', '03 8613 1452', NULL, '2012-12-10 00:00:00', '2012-12-10 00:00:00'),
(118, 118, NULL, NULL, 'Dariusz', '', 'Rusiecki', 'dariusz.rusiecki@gmail.com', NULL, NULL, '2012-12-12 00:00:00', '2012-12-12 00:00:00'),
(119, 119, NULL, NULL, 'Trevor', '', 'Ziemer', 'trevor.ziemer61@gmail.com', NULL, '0419 118 295', '2012-12-12 00:00:00', '2012-12-12 00:00:00'),
(120, 120, NULL, NULL, 'Evi', '', 'Perlmutter', 'eviperlmutter@hotmail.com', '02 9130 7647', NULL, '2012-12-12 00:00:00', '2012-12-12 00:00:00'),
(122, 122, NULL, NULL, 'Kyle', '', 'Czech', 'kyle.czech@live.com.au', NULL, '0400 019 092', '2012-12-12 00:00:00', '2012-12-12 00:00:00'),
(123, 123, NULL, NULL, 'Nicholas', '', 'Barclay', 'nbarclay@serviceworks.com.au', NULL, '0402 699 279', '2012-12-12 00:00:00', '2012-12-12 00:00:00'),
(124, 124, NULL, NULL, 'Julian', '', 'Kudelko', 'jmkudelko@gmail.com', NULL, '0414 767 085', '2012-12-13 00:00:00', '2012-12-13 00:00:00'),
(125, 125, NULL, NULL, 'Hannah', '', 'Warren', 'hannahjwarren@hotmail.com', NULL, '0449 604 671', '2013-01-07 00:00:00', NULL),
(129, 129, NULL, NULL, 'Alexandra', '', 'Radywonik', 'radywonik.alex@gmail.com', '93186785', '0400 067 080', '2013-01-07 00:00:00', NULL),
(130, 130, NULL, NULL, 'Elisabeth', '', 'Akhurst', 'elisabethakhurst@gmail.com', '02 9087 4600', NULL, '2013-01-07 00:00:00', NULL),
(131, 131, NULL, NULL, 'Monika', '', 'Page', 'monika.page@horizonpower.com.au', NULL, '0400 097 199', '2013-01-07 00:00:00', NULL),
(132, 132, NULL, NULL, 'Lucas', '', 'Page', 'monika.page@horizonpower.com.au', NULL, '0428 979 283', '2013-01-07 00:00:00', NULL),
(133, 133, NULL, NULL, 'Sam', '', 'Margalit', 'sam@margalit.com.au', NULL, '0400 429 423', '2013-01-07 00:00:00', NULL),
(134, 134, NULL, NULL, 'Mark', '', 'Cullen', 'markcullen66@hotmail.com', NULL, '0431 979 047', '2013-01-07 00:00:00', NULL),
(135, 135, NULL, NULL, 'Tamara', '', 'Smolinski', 'tamara.smolinski@live.com', '44 7703980975', NULL, '2013-01-08 00:00:00', NULL),
(136, 136, NULL, NULL, 'Rina', '', 'Neustroski', 'rina@kithbrookepark.com.au', NULL, '0407 336 006', '2013-01-08 00:00:00', NULL),
(137, 137, NULL, NULL, 'Antonina', '', 'Pilat', 'Antonina.Pilat@bakermckenzie.com', NULL, NULL, '2013-01-08 00:00:00', NULL),
(138, 138, NULL, NULL, 'Lauren', '', 'Burgoyne', 'lozburgoyne@hotmail.com', NULL, '0401 829 959', '2013-01-08 00:00:00', NULL),
(139, 139, NULL, NULL, 'Eddy', '', 'Reksmiss', 'traceyreksmiss@optusnet.com.au', NULL, '02 0400 917 061', '2013-01-09 00:00:00', NULL),
(140, 140, NULL, NULL, 'Benjamin', '', 'Niciak', 'ben.niciak@gmail.com', '02 4758 8388', NULL, '2013-01-09 00:00:00', NULL),
(142, 142, NULL, NULL, 'Leon', '', 'Lewandowski', 'leonl@westnet.com.au', NULL, '0419 786 376', '2013-01-09 00:00:00', NULL),
(143, 143, NULL, NULL, 'Mark', '', 'Szulgit', 'markszulgit@hotmail.com', '646 2489486', NULL, '2013-01-09 00:00:00', NULL),
(144, 144, NULL, NULL, 'John-Paul', '', 'Syriatowicz', 'jp@squiz.net', NULL, '0416 209 413', '2013-01-10 00:00:00', NULL),
(145, 145, NULL, NULL, 'Malia', '', 'Swieconek', 'malia.price-morris@wellsfargo.com', '(202) 3211607', NULL, '2013-01-10 00:00:00', NULL),
(146, 146, NULL, NULL, 'Naomi', '', 'Adamczyk', 'naomi.adamczyk@gmail.com', '08 9377 7186', NULL, '2013-01-11 00:00:00', NULL),
(147, 147, NULL, NULL, 'John', '', 'Duris', 'jduristrading@gmail.com', NULL, '0410 114 119', '2013-01-11 00:00:00', NULL),
(148, 148, NULL, NULL, 'Roman', '', 'Anorov', 'anorovs@gmail.com', NULL, '0439 245 788', '2013-01-11 00:00:00', NULL),
(150, 150, NULL, NULL, 'Samara', '', 'White', 'samaraw29@gmail.com', '520 444 6259', NULL, '2013-01-11 00:00:00', NULL),
(151, 151, NULL, NULL, 'Miriam', '', 'Baz', 'miriamb@hotkey.net.au', NULL, NULL, '2013-01-17 00:00:00', NULL),
(152, 152, NULL, NULL, 'Sonia', '', 'Newell', 'newell-knespal@bigpond.com', NULL, NULL, '2013-01-17 00:00:00', NULL),
(154, 154, NULL, NULL, 'Paulina', 'Henrieta', 'Gray', 'acrgray@gmail.com', '02 9363 4352', '0423 459 750', '2013-01-17 00:00:00', NULL),
(155, 155, NULL, NULL, 'Naomi', '', 'Batiste', 'naomibatiste@hotmail.com', NULL, NULL, '2013-01-17 00:00:00', NULL),
(156, 156, NULL, NULL, 'Stan', '', 'Kozera', 'kozera@northnet.com.au', '02 6772 9728', NULL, '2013-01-17 00:00:00', NULL),
(157, 157, NULL, NULL, 'Yolanda', '', 'Loughnan', 'yolanda.loughnan@gmail.com', NULL, '0411 542 260', '2013-01-17 00:00:00', NULL),
(158, 158, NULL, NULL, 'Bianca', '', 'Patrick', 'nathan.patrick@insearch.edu.au', NULL, '0412 884 994', '2013-01-17 00:00:00', NULL),
(159, 159, NULL, NULL, 'Patricia', '', 'Einh?rning', 'patricia.e@live.se', '46 46709237626', NULL, '2013-01-17 00:00:00', NULL),
(160, 160, NULL, NULL, 'Eva', '', 'Krystoff', 'eva.krystoff@alliancebernstein.com', '954 646 2884', NULL, '2013-01-18 00:00:00', NULL),
(161, 161, NULL, NULL, 'Paula', '', 'Tudek', 'paulatudek@gmail.com', '44 7535810139', NULL, '2013-01-18 00:00:00', NULL),
(162, 162, NULL, NULL, 'John', '', 'Kasbara', 'ipitythefool101@gmail.com', '902 1012232', NULL, '2013-01-18 00:00:00', NULL),
(163, 163, NULL, NULL, 'Mathew', '', 'Mertuszka', 'mer1989@bigpond.com', '03 94368034', NULL, '2013-01-18 00:00:00', NULL),
(164, 164, NULL, NULL, 'Marek', '', 'Kostrzewa', 'mark.sam@iinet.net.au', NULL, '0419 167 158', '2013-01-18 00:00:00', NULL),
(165, 165, NULL, NULL, 'Kylie', '', 'Ewart', 'skewart@bigpond.com', NULL, '0401 136 691', '2013-01-18 00:00:00', NULL),
(166, 166, NULL, NULL, 'Karolina', '', 'Kozlowska', 'kk_magna@bigpond.com', '02 9676 4225', NULL, '2013-01-18 00:00:00', NULL),
(167, 167, NULL, NULL, 'Stefan', '', 'Zasiadczyk', 'stefan.zasiadczyk@deewr.gov.au', NULL, '0434 534 533', '2013-01-18 00:00:00', '2013-03-08 00:00:00'),
(168, 168, NULL, NULL, 'Jacqueline', '', 'Szady', 'szadyj@transfieldservices.com', NULL, '0422 279 508', '2013-01-18 00:00:00', NULL),
(169, 169, NULL, NULL, 'Benjamin', '', 'Grady', 'benjamingrady@hotmail.com', '505 903 9286', NULL, '2013-01-18 00:00:00', NULL),
(170, 170, NULL, NULL, 'Earanee', '', 'Niedzwiecki', 'earanee.n@gmail.com', '08 8269 1870', NULL, '2013-01-18 00:00:00', NULL),
(171, 171, NULL, NULL, 'Shane', '', 'Rafanowicz', 'shane.rafanowicz@gmail.com', NULL, '0422 150 313', '2013-01-18 00:00:00', NULL),
(172, 172, NULL, NULL, 'Hania', '', 'Owsinski', 'haniajoy@gmail.com', NULL, '0434 834 816', '2013-01-21 00:00:00', NULL),
(173, 173, NULL, NULL, 'Elizabeth', '', 'Reynolds', 'ge.reynolds@optusnet.com.au', '02 4952 7674', '0402 409 474', '2013-01-21 00:00:00', NULL),
(174, 174, NULL, NULL, 'Izabela', '', 'Nowakowska', 'izabela.nowakowska@mail.com', NULL, '0466 832 065', '2013-01-21 00:00:00', NULL),
(175, 175, NULL, NULL, 'Michelle', '', 'Matheson', 'mmatheson3@hotmail.com', '07 5545 0821', NULL, '2013-01-21 00:00:00', NULL),
(176, 176, NULL, NULL, 'Chris', '', 'Dziuba', 'c.dziuba@hotmail.com', '403 919 1577', NULL, '2013-01-21 00:00:00', NULL),
(177, 177, NULL, NULL, 'Celeste', '', 'Kolanko', 'celestek3@yahoo.com', '(917) 2501795', NULL, '2013-01-22 00:00:00', NULL),
(178, 178, NULL, NULL, 'Tess', '', 'Schlink', 'tessalexandraschlink@hotmail.com', NULL, '0409 992 072', '2013-01-22 00:00:00', NULL),
(179, 179, NULL, NULL, 'Madeline', '', 'McShane', 'madeline_helena@hotmail.com', NULL, '0402 733 550', '2013-01-22 00:00:00', NULL),
(180, 180, NULL, NULL, 'Joanne', '', 'Masternak', 'jmmasternak@gmail.com', '(33) 0668780301', NULL, '2013-01-23 00:00:00', NULL),
(181, 181, NULL, NULL, 'Elliot', '', 'Wasniewski', 'elliot.wasniewski@live.com', NULL, '0401 200 663', '2013-01-23 00:00:00', NULL),
(182, 182, NULL, NULL, 'Robert', '', 'Frankow', 'rob.frankow@blueyonder.co.uk', '01752 290 767', NULL, '2013-01-23 00:00:00', NULL),
(183, 183, NULL, NULL, 'Aleksander', '', 'Kornel', 'alekskornel@hotmail.com', NULL, '0421 728 140', '2013-01-24 00:00:00', NULL),
(184, 184, NULL, NULL, 'Peter', 'John', 'Chesterfield', 'peter.chesterfield@mcarthur.com.au', 'chesterfieldpeter@gmail.com', '0415 508 800', '2013-01-25 00:00:00', NULL),
(185, 185, NULL, NULL, 'Michelle', '', 'Korycin', 'michelle.korycin@hotmail.com', NULL, '0439 691 324', '2013-01-25 00:00:00', '2013-03-08 00:00:00'),
(186, 186, NULL, NULL, 'Bodhi', '', 'Randell-Deptula', 'brandell-deptula@hotmail.com', '08 8355 4466', NULL, '2013-01-29 00:00:00', NULL),
(187, 187, NULL, NULL, 'Joel', '', 'Gory', 'evagory@gmail.com', '03 9532 4024', NULL, '2013-01-29 00:00:00', NULL),
(188, 188, NULL, NULL, 'Christyna', '', 'Kruczaj', 'christyna.kruczaj@cosmeditour.com', '07 5570 6699', NULL, '2013-01-29 00:00:00', NULL),
(189, 189, NULL, NULL, 'Daniel', '', 'Powiecki', 'danielpowiecki@hotmail.com', '07 968614012', NULL, '2013-01-29 00:00:00', NULL),
(190, 190, NULL, NULL, 'Zevon', '', 'Hiltz', 'zevon01@hotmail.com', NULL, '0438 123 021', '2013-01-29 00:00:00', NULL),
(191, 191, NULL, NULL, 'Marama', '', 'Whyte', 'marama.whyte@gmail.com', '03 9544 7692', NULL, '2013-01-29 00:00:00', NULL),
(192, 192, NULL, NULL, 'Brian', '', 'Exelbierd', 'bex@pobox.com', '420 606055877', NULL, '2013-01-29 00:00:00', NULL),
(193, 193, NULL, NULL, 'Jeffrey', '', 'Bender', 'jeffreysbender1@gmail.com', '03 9544 7692', '0417 031149', '2013-01-30 00:00:00', NULL),
(194, 194, NULL, NULL, 'David', '', 'Pipczak', 'd_pipczak@yahoo.com.au', '0468 377 917', NULL, '2013-01-31 00:00:00', NULL),
(196, 196, NULL, NULL, 'Olivia', '', 'Piskadlo-Jones', 'oliviap@showbiz.com.au', NULL, '0422 330 712', '2013-01-31 00:00:00', NULL),
(197, 197, NULL, NULL, 'Jocelyn', '', 'Fantasia', 'jocelyn.fantasia@gmail.com', NULL, '0423 376 372', '2013-02-01 00:00:00', NULL),
(201, 201, NULL, NULL, 'Mathew', '', 'Trec', 'trecky1992@live.com', '(08)9296 7353', NULL, '2013-02-01 00:00:00', NULL),
(202, 202, NULL, NULL, 'David', '', 'Winter', 'heydavewinter@gmail.com', NULL, '+ 6474002139', '2013-02-01 00:00:00', NULL),
(207, 207, NULL, NULL, 'Adela', '', 'Debuse', 'adela@wunderkind.comau', NULL, '0410618721', '2013-02-05 00:00:00', NULL),
(208, 208, NULL, NULL, 'Thomas', '', 'Mills', 'mills_tom@hotmail.com', NULL, '0403235343', '2013-02-05 00:00:00', NULL),
(209, 209, NULL, NULL, 'Simon', '', 'Olenski', 'simonolenski@gmailcom', NULL, '0402 138 157', '2013-02-05 00:00:00', NULL),
(211, 211, NULL, NULL, 'Justin', '', 'Cohen', 'juz.cohen@gmail.com', '03 9523 0707', NULL, '2013-02-05 00:00:00', NULL),
(213, 213, NULL, NULL, 'Marcus', '', 'Frajman', NULL, NULL, NULL, '2013-02-05 00:00:00', NULL),
(215, 215, NULL, NULL, 'Stan', '', 'Kucharski', 'stan_kucharski@hotmail.com', '98301528', '0400050609', '2013-02-05 00:00:00', NULL),
(216, 216, NULL, NULL, 'David', '', 'Zalcberg', 'lynette@zalcberg.com.au', NULL, '0417 308 984', '2013-02-05 00:00:00', '2013-03-08 00:00:00'),
(217, 217, NULL, NULL, 'Ray', '', 'Busch', 'raybusch@gmail.com', NULL, NULL, '2013-02-05 00:00:00', NULL),
(218, 218, NULL, NULL, 'Beata', '', 'English', 'info@beataenglish.com', NULL, '0422 952 506', '2013-02-06 00:00:00', NULL),
(219, 219, NULL, NULL, 'Miriam', '', 'Balsam', 'miriambalsam@gmail.com', '(416) 9538607', NULL, '2013-02-06 00:00:00', NULL),
(221, 221, NULL, NULL, 'Gideon', '', 'Katz', 'gideon.katz@hotmail.com', '(03) 9532 07723', NULL, '2013-02-06 00:00:00', NULL),
(223, 223, NULL, NULL, 'Glen', '', 'Tarnowski', 'gptski@gmail.com', '(561) 414-0705', NULL, '2013-02-06 00:00:00', NULL),
(224, 224, NULL, NULL, 'Jeremy', '', 'Hoptowit', 'jeremy.hoptowit@gmail.com', '(530) 5182033', NULL, '2013-02-06 00:00:00', NULL),
(225, 225, NULL, NULL, 'Melanie', '', 'Johnston', 'melanielaurenjohnston@gmail.com', '(416) 6709832', NULL, '2013-02-06 00:00:00', NULL),
(226, 226, NULL, NULL, 'Travis', '', 'Rosolak', 'wakka2079@hotmail.com', '(07) 3814 1515', NULL, '2013-02-06 00:00:00', NULL),
(228, 228, NULL, NULL, 'Frances', '', 'Johnston', 'fjohnston@trebnet.com', '(416) 558-2528', NULL, '2013-02-06 00:00:00', NULL),
(230, 230, NULL, NULL, 'Bon', '', 'Szyfer', 'bszyfer@gmail.com', '02 9677 1764', '0402 603 063', '2013-02-06 00:00:00', NULL),
(231, 231, NULL, NULL, 'Zoe', '', 'Bochynski-Szyfer', 'miz_zoe@hotmail.com', NULL, '0433 359 372', '2013-02-06 00:00:00', NULL),
(232, 232, NULL, NULL, 'Amber', 'Susan', 'Szyfer', 'n/a - liaising via Bon Szyfer', NULL, NULL, '2013-02-06 00:00:00', NULL),
(233, 233, NULL, NULL, 'Richard', '', 'Szyfer', 'n/a, all communication via Bon', NULL, NULL, '2013-02-06 00:00:00', NULL),
(234, 234, NULL, NULL, 'Camilla', '', 'Bourke', NULL, NULL, '0417 281 067', '2013-02-07 00:00:00', NULL),
(236, 236, NULL, NULL, 'Alexander', '', 'Bourke', NULL, NULL, NULL, '2013-02-07 00:00:00', '2013-03-15 00:00:00'),
(237, 237, NULL, NULL, 'Krystyna', 'Bourke', 'Kurzydlo)', NULL, NULL, NULL, '2013-02-07 00:00:00', NULL),
(239, 239, NULL, NULL, 'Kathleen', '', 'Lovatt', 'bradleyfivee@yahoo.com', '(316) 8825503', NULL, '2013-02-07 00:00:00', NULL),
(240, 240, NULL, NULL, 'Ilanit', '', 'Kaplan', 'illyk86@gmail.com', '(03) 9942 8479', '(61) 0418992603', '2013-02-07 00:00:00', NULL),
(241, 241, NULL, NULL, 'Patryk', '', 'Marach', 'patryk.marach@icloud.com', '(08) 9305 5587', NULL, '2013-02-07 00:00:00', NULL),
(242, 242, NULL, NULL, 'Julia', '', 'Gregg', 'jules.once@gmail.com', NULL, '(61) 0423 689 245', '2013-02-07 00:00:00', NULL),
(243, 243, NULL, NULL, 'Cassandra', '', 'McManus', 'cassandramcmanus@hotmail.com', '(04) 50169554', NULL, '2013-02-07 00:00:00', NULL),
(244, 244, NULL, NULL, 'Di', '', 'Zhang', 'udcbht@gmail.com', '(27) 824791004', NULL, '2013-02-07 00:00:00', NULL),
(245, 245, NULL, NULL, 'Shelby', '', 'Fishkind', 'yehuda@fishkind.org', '+ (1) 4103584580', NULL, '2013-02-07 00:00:00', '2013-03-14 00:00:00'),
(246, 246, NULL, NULL, 'Tom', '', 'Mankowski', 'esdftom@gmail.com', NULL, NULL, '2013-02-07 00:00:00', NULL),
(247, 247, NULL, NULL, 'Benjamin', '', 'Jozefiak', 'benjozefiak@gmail.com', '0413 361 940', NULL, '2013-02-04 00:00:00', NULL),
(248, 248, NULL, NULL, 'Joseph', 'Stan', 'Kozera', 'joseph.kozera@gmail.com', NULL, '0411466382', '2013-02-07 00:00:00', NULL),
(249, 249, NULL, NULL, 'Emily', 'Kay', 'Kozera', 'emily.kozera@hotmail.com', '02 6772 3807', '0439 173 960', '2013-02-07 00:00:00', NULL),
(250, 250, NULL, NULL, 'Sarah', 'J.', 'Layman', NULL, NULL, NULL, '2013-02-07 00:00:00', NULL),
(251, 251, NULL, NULL, 'Kate', 'P.', 'Layman', NULL, NULL, NULL, '2013-02-07 00:00:00', NULL),
(252, 252, NULL, NULL, 'Myer', 'Michael', 'Rozen', 'myer@amalgadent.com.au', NULL, NULL, '2013-02-07 00:00:00', NULL),
(253, 253, NULL, NULL, 'Harry', '', 'Bryce', 'harry.bryce@vu.edu.au', '95097946', '0438 201 368', '2013-02-07 00:00:00', NULL),
(255, 255, NULL, NULL, 'Sarah', '', 'Kaleta', NULL, NULL, '0405 935 917', '2013-02-08 00:00:00', NULL),
(256, 256, NULL, NULL, 'Victoria', '', 'Kolankiewicz', 'tokicat@gmail.com', '(03) 9367 5047', NULL, '2013-02-08 00:00:00', NULL),
(259, 259, NULL, NULL, 'Jess', '', 'Kozera', 'kozfour@hotmail.ca', '(519) 472-3208', NULL, '2013-02-08 00:00:00', NULL),
(260, 260, NULL, NULL, 'Stephanie', '', 'Solywoda', 'ssolywoda@hotmail.com', '(+447786) 364094', NULL, '2013-02-08 00:00:00', '2013-03-08 00:00:00'),
(261, 261, NULL, NULL, 'Natalie', '', 'Palmowski', 'natalie220988@gmail.com', '(0249) 334337', NULL, '2013-02-08 00:00:00', NULL),
(262, 262, NULL, NULL, 'Wojciech', '', 'Klonowski', 'woytek21@gmail.com', '(08) 9386 2203', NULL, '2013-02-08 00:00:00', NULL),
(263, 263, NULL, NULL, 'Irena', '', 'Morgan', 'mwtrain@powerup.com.au', '(07) 32038374', NULL, '2013-02-08 00:00:00', NULL),
(264, 264, NULL, NULL, 'Larissa', '', 'Falls', NULL, NULL, NULL, '2013-02-08 00:00:00', NULL),
(265, 265, NULL, NULL, 'Tim', '', 'Oznobyshyn', 'timoznobyshyn@me.com', '(04) 11177741', NULL, '2013-02-08 00:00:00', NULL),
(266, 266, NULL, NULL, 'Charlotte', '', 'Falls', NULL, NULL, NULL, '2013-02-08 00:00:00', NULL),
(267, 267, NULL, NULL, 'Yvette', '', 'Zegenhagen', 'yvette.zegenhagen@gmail.com', '03 9878 7989', '0413 251 862', '2013-02-08 00:00:00', NULL),
(268, 268, NULL, NULL, 'Nicole', '', 'Landau', NULL, NULL, NULL, '2013-02-08 00:00:00', NULL),
(269, 269, NULL, NULL, 'Sasha', '', 'Zegenhagen', NULL, NULL, NULL, '2013-02-08 00:00:00', NULL),
(271, 271, NULL, NULL, 'Dorothy', '', 'Mrocki', NULL, NULL, NULL, '2013-02-10 00:00:00', NULL),
(272, 272, NULL, NULL, 'Suzanne', '', 'Adler', 'suzanne.adler@gmail.com', '9822 8786', '0412 325 254', '2013-02-10 00:00:00', NULL),
(273, 273, NULL, NULL, 'Maria', '', 'Bidwell', 'avoland@bigpond.com.au', '03 64252646', NULL, '2013-02-10 00:00:00', NULL),
(274, 274, NULL, NULL, 'Kate', 'Louise', 'Bidwell', 'katebidwell@hotmail.com', NULL, '+971 567 594 155', '2013-02-10 00:00:00', NULL),
(275, 275, NULL, NULL, 'Tamara', '', 'Targo-Bailey', 'stillwaters@live.com', NULL, '0417 700 710', '2013-02-10 00:00:00', NULL),
(276, 276, NULL, NULL, 'Monika', '', 'Beer', 'monskib@hotmail.com', NULL, NULL, '2013-02-10 00:00:00', '2013-03-08 00:00:00'),
(277, 277, NULL, NULL, 'Benjamin', 'Leslie', 'Karpeta', 'bkarpeta@westpac.com.au', '9608 4571', '0438 227 338', '2013-02-10 00:00:00', NULL),
(279, 279, NULL, NULL, 'Robert', 'Joseph', 'Kaspar', 'bobykas@hotmail.com', '02 67665 8823', NULL, '2013-02-10 00:00:00', NULL),
(280, 280, NULL, NULL, 'Max', '', 'Lederman', NULL, NULL, NULL, '2013-02-11 00:00:00', NULL),
(281, 281, NULL, NULL, 'Celia', '', 'Perelis', NULL, NULL, NULL, '2013-02-11 00:00:00', NULL),
(282, 282, NULL, NULL, 'Simon', '', 'Mrocki', NULL, NULL, NULL, '2013-02-11 00:00:00', NULL),
(283, 283, NULL, NULL, 'Kathleen', '', 'Kocaj', 'kat258@hotmail.com', NULL, '(04) 07282877', '2013-02-11 00:00:00', NULL),
(284, 284, NULL, NULL, 'John', '', 'Meke', 'rob@gm.com', NULL, '(085) 48745772', '2013-02-11 00:00:00', NULL),
(285, 285, NULL, NULL, 'Christopher', '', 'Kabala', 'christopherkabala@peoplepc.com', '(212) 89733792', NULL, '2013-02-11 00:00:00', NULL),
(286, 286, NULL, NULL, 'Daniel', '', 'Kruk', 'krukem@gmail.com', NULL, '(61) 413315191', '2013-02-11 00:00:00', NULL),
(287, 287, NULL, NULL, 'Peter', '', 'Morgan', 'peter.morgan@ymail.com', '(02) 9580 1982', NULL, '2013-02-11 00:00:00', NULL),
(288, 288, NULL, NULL, 'Benjamin', '', 'Drezner', 'bdrezner@hlbwa.com.au', '(08) 9276 6398', '0412 244 682', '2013-02-11 00:00:00', NULL),
(289, 289, NULL, NULL, 'Rachel', '', 'Drezner', 'bdrezner@hlbwa.com.au', '(08) 9276 6398', '0412 244 682', '2013-02-11 00:00:00', NULL),
(290, 290, NULL, NULL, 'Jack', '', 'Drezner', 'bdrezner@hlbwa.com.au', '(08) 9276 6398', '0412 244 682', '2013-02-11 00:00:00', NULL),
(291, 291, NULL, NULL, 'Sally', 'Anne', 'Robin', 'sallyrobin18@yahoo.com', NULL, '0411877002', '2013-02-11 00:00:00', NULL),
(292, 292, NULL, NULL, 'Patrick', 'Peter', 'Hayes', 'patphayes@hotmail.com', NULL, '0401 801 001', '2013-02-11 00:00:00', NULL),
(293, 293, NULL, NULL, 'Leslie', '', 'Burnett', 'leslie.bee@me.com', '02 9411 2896', NULL, '2013-02-11 00:00:00', NULL),
(295, 295, NULL, NULL, 'Jasmine', '', 'Dwyer', 'jasmine-dwyer@hotmail.com', NULL, '(03) 0423 024 863', '2013-02-12 00:00:00', NULL),
(296, 296, NULL, NULL, 'Julian', '', 'Wozniak', 'julian_wozniak@optusnet.com.au', '(04) 03211855', NULL, '2013-02-12 00:00:00', NULL),
(297, 297, NULL, NULL, 'Angela', '', 'Davey', 'angeladavey81@hotmail.com', '(08) 9291 4585', '0419 623 598', '2013-02-12 00:00:00', NULL),
(298, 298, NULL, NULL, 'Harry', 'Jacob', 'Kempler', 'hkempler@gmail.com', '03 9505 4100', '0419 380 248', '2013-02-12 00:00:00', NULL),
(299, 299, NULL, NULL, 'Jane', 'Anita', 'Kempler', NULL, NULL, NULL, '2013-02-12 00:00:00', NULL),
(300, 300, NULL, NULL, 'Catherine', '', 'Gurevich', NULL, NULL, NULL, '2013-02-13 00:00:00', NULL),
(301, 301, NULL, NULL, 'Diana', 'Elizabeth', 'Misiak', 'diana.m.125@gmail.com', NULL, '0417 259 152', '2013-02-14 00:00:00', NULL),
(302, 302, NULL, NULL, 'Michele', '', 'Mountford', 'cocoshel@hotmail.com.au', '02 486 82433', '0404 139 983', '2013-02-14 00:00:00', NULL),
(305, 305, NULL, NULL, 'Joshua', '', 'Slusarski', 'josh_slu@me.com', NULL, '0417443943', '2013-02-14 00:00:00', NULL),
(308, 308, NULL, NULL, 'Rita', 'Ann', 'Lemick', 'ral401@rogers.com', '(416) 231-8703', '(416) 954-7053', '2013-02-14 00:00:00', NULL),
(310, 310, NULL, NULL, 'Jarrah', 'Max', 'Bender', 'bender@monash.edu', NULL, NULL, '2013-02-14 00:00:00', NULL),
(312, 312, NULL, NULL, 'Anna', '', 'Watters', 'anka.cyganka@hotmail.com', '02 9845 8178', '0439 741 018', '2013-02-15 00:00:00', NULL),
(313, 313, NULL, NULL, 'Teresa', '', 'Zylka', NULL, NULL, NULL, '2013-02-15 00:00:00', NULL),
(314, 314, NULL, NULL, 'Simone', '', 'Turner', 'simone.a.turner@gmail.com', NULL, '0409 528 060', '2013-02-18 00:00:00', NULL),
(315, 315, NULL, NULL, 'Nickolas', '', 'Plummer', 'nickolasplummer@bigpond.com', '6427 9727', '0438 550 138', '2013-02-19 00:00:00', NULL),
(317, 317, NULL, NULL, 'Joseph', '', 'Lewczuk', 'jrlewczuk@gmail.com', '+974 44991620', '+974 77668425', '2013-02-19 00:00:00', NULL),
(318, 318, NULL, NULL, 'Kazimiery', 'Henry', 'Lewczuk', 'henrynina@mooloolabarealestate.com.au', NULL, '0418 714 384', '2013-02-19 00:00:00', NULL),
(319, 319, NULL, NULL, 'Michael', 'Stephen', 'Jagiello', 'jagiello.ms@gmail.com', '(08) 9332 7174', '0417 171 501', '2013-02-19 00:00:00', NULL),
(320, 320, NULL, NULL, 'Tess', '', 'Brasington', 'tessbd@hotmail.com', '(02) 9799 6725', '0412 301 704', '2013-02-19 00:00:00', NULL),
(321, 321, NULL, NULL, 'Annette', '', 'Brasington', 'adekel1@optusnet.com.au', NULL, NULL, '2013-02-19 00:00:00', NULL),
(322, 322, NULL, NULL, 'Erin', '', 'O''Reilly', 'ezmay28@hotmail.com', NULL, '0448 801 851', '2013-02-19 00:00:00', NULL),
(323, 323, NULL, NULL, 'Peter', '', 'Witkowski', 'witkowskip@theweeklytimes.com.au', NULL, '0425 894 017', '2013-02-19 00:00:00', NULL),
(324, 324, NULL, NULL, 'Evelyn', '', 'Perlmutter', 'eviperlmutter@hotmail.com', NULL, NULL, '2013-02-20 00:00:00', NULL),
(325, 325, NULL, NULL, 'Eigenia', '', 'Marshall', 'robertlittlejohn@bigpond.com', '9876 45 47', NULL, '2013-02-20 00:00:00', NULL),
(328, 328, NULL, NULL, 'Yehuda', '', 'Fishkind', NULL, NULL, NULL, '2013-02-21 00:00:00', NULL),
(331, 331, NULL, NULL, 'Samantha', '', 'Bielanski', 'samantha_bielanski@hotmail.com', '(647) 9836626', NULL, '2013-02-21 00:00:00', NULL),
(332, 332, NULL, NULL, 'Jessica', '', 'Donaldson', 'donaldsonjm@yahoo.com.au', '(04) 3173 6901', NULL, '2013-02-21 00:00:00', NULL),
(333, 333, NULL, NULL, 'Matthew', '', 'Lansdown', 'matt@synthesisproductions.com', '(614) 05014630', NULL, '2013-02-21 00:00:00', NULL),
(334, 334, NULL, NULL, 'Frank', '', 'Kurzel', 'frank.kurzel@unisa.edu.au', '(08) 82694086', NULL, '2013-02-21 00:00:00', NULL),
(335, 335, NULL, NULL, 'Jenice', '', 'Harley', 'hj_jenice@live.com.au', NULL, '(61) 0404596111', '2013-02-21 00:00:00', NULL),
(336, 336, NULL, NULL, 'Garry', '', 'Charny', 'gcharny@wolseleycorporate.com', '(02) 9223 1000', NULL, '2013-02-21 00:00:00', NULL),
(337, 337, NULL, NULL, 'Lisa', '', 'Dibbs', 'lisa.dibbs@mater.org.au', '(07) 31631975', NULL, '2013-02-21 00:00:00', NULL),
(338, 338, NULL, NULL, 'Martin', '', 'Pucilowski', 'mdpucilowski@gmail.com', '(03) 97870246', NULL, '2013-02-21 00:00:00', NULL),
(340, 340, NULL, NULL, 'Andrew', '', 'Pollard', 'andeepollard@gmail.com', '(08) 94543469', NULL, '2013-02-21 00:00:00', NULL),
(341, 341, NULL, NULL, 'Ana', '', 'Fernandez', 'ana@fernandezdeaguirre.com', NULL, '(04) 00124587', '2013-02-21 00:00:00', NULL),
(342, 342, NULL, NULL, 'Zosia', '', 'Tymerski', 'sophie_tymerski@hotmail.com', '(04) 38631957', NULL, '2013-02-21 00:00:00', NULL),
(343, 343, NULL, NULL, 'Miss.', 'C.', 'A', 'caroashford@hotmail.com', '(07816) 525999', NULL, '2013-02-21 00:00:00', NULL),
(344, 344, NULL, NULL, 'David', '', 'Sandomierski', 'david@acli.com.au', '(02) 9669 7007', NULL, '2013-02-21 00:00:00', NULL),
(345, 345, NULL, NULL, 'Lea', '', 'Binetter', 'learose_b@bigpond.com', NULL, '0413 047 241', '2013-02-21 00:00:00', NULL),
(346, 346, NULL, NULL, 'George', '', 'Labuc', 'georgielab2@hotmail.com', '(03) 9593 9320', '9827 7942 (work)', '2012-03-21 00:00:00', NULL),
(347, 347, NULL, NULL, 'Pippa', '', 'Labuc', NULL, NULL, NULL, '2012-03-22 00:00:00', NULL),
(348, 348, NULL, NULL, 'Jon', '', 'Belko', 'jrdejean1@yahoo.com', '(225) 6208019', NULL, '2013-02-22 00:00:00', NULL),
(349, 349, NULL, NULL, 'Anna', '', 'Taylor', NULL, '(07) 559842771', NULL, '2013-02-22 00:00:00', NULL),
(350, 350, NULL, NULL, 'Lianna', '', 'Sliwczynski', 'ljsliw@gmail.com', NULL, NULL, '2013-02-25 00:00:00', NULL),
(351, 351, NULL, NULL, 'Paul', '', 'Sliwczynski', 'paul@mobilityplus.com.au', NULL, '0419 516 605', '2013-02-25 00:00:00', NULL),
(352, 352, NULL, NULL, 'Julia', '', 'Rogozinski', 'rowse@netspace.net.au', '9557 2205', NULL, '2013-02-25 00:00:00', NULL),
(353, 353, NULL, NULL, 'Tanya', '', 'Janina', 'tjkwasnica@hotmail.com.au', '02 9600 8130', '0449 255 464', '2013-02-25 00:00:00', NULL),
(354, 354, NULL, NULL, 'Julius', '', 'Zieleniecki', 'ziel10015@flinders.edu.au', '(614) 32184838', NULL, '2013-02-26 00:00:00', NULL),
(355, 355, NULL, NULL, 'Scott', '', 'Goldsmith', 'scttgldsmth@gmail.com', NULL, '(+61) 422089386', '2013-02-26 00:00:00', NULL),
(356, 356, NULL, NULL, 'James', '', 'Studniberg', 'jamestraveller@yahoo.com.au', NULL, '0405 123 251', '2013-02-26 00:00:00', NULL),
(357, 357, NULL, NULL, 'Lori', '', 'Williams', 'einheibl@gmail.com', '+1-416-955-1456', NULL, '2013-02-26 00:00:00', NULL),
(358, 358, NULL, NULL, 'Boris', '', 'Gelberg', 'bgelberg@hothamtax.com', '9555 5322', '0418 173 594', '2013-02-26 00:00:00', NULL),
(359, 359, NULL, NULL, 'Regina', '', 'Peterson', 'luckysprite@gmail.com', '(760) 231 7989', NULL, '2013-02-27 00:00:00', NULL),
(361, 361, NULL, NULL, 'Dave', '', 'Sequin', 'banana@gmail.com', NULL, '(045) 5455455', '2013-02-27 00:00:00', NULL),
(362, 362, NULL, NULL, 'Sarah', '', 'Smith', 'smitty_94@live.com', NULL, '(+61) 457355977', '2013-02-27 00:00:00', NULL),
(364, 364, NULL, NULL, 'Christian', 'Francis', 'Ryan', 'trishan_ryan@hotmail.com', NULL, '0448 813 961', '2013-02-28 00:00:00', NULL),
(365, 365, NULL, NULL, 'Jennifer', '', 'Nadwodny', 'jennifer.nadwodny@gmail.com', '(905) 5173312', NULL, '2013-02-28 00:00:00', NULL),
(366, 366, NULL, NULL, 'Janina', 'Maria', 'Ryan', NULL, NULL, NULL, '2013-02-28 00:00:00', NULL),
(367, 367, NULL, NULL, 'Leo', 'Van', 'Ryan', NULL, NULL, NULL, '2013-02-28 00:00:00', NULL),
(368, 368, NULL, NULL, 'Samuel', 'Adam', 'Ryan', NULL, NULL, NULL, '2013-02-28 00:00:00', NULL),
(369, 369, NULL, NULL, 'Jonathan', '', 'Ahearn', 'jonts85@hotmail.com', NULL, '(+61) 431522750', '2013-02-28 00:00:00', NULL),
(374, 374, NULL, NULL, 'Sandra', '', 'Kasprowicz', 's.andra.k@hotmail.com', '(03) 51277174', NULL, '2013-02-28 00:00:00', NULL),
(376, 376, NULL, NULL, 'Alexander', '', 'Moodie', 'alex.moodie@gmail.com', '(03) 5224 2282', '0432 984 393', '2013-02-28 00:00:00', NULL),
(377, 377, NULL, NULL, 'Leith', '', 'Poulson', 'leithpoulsen@hotmail.com', NULL, NULL, '2013-03-01 00:00:00', NULL),
(378, 378, NULL, NULL, 'Robert', '', 'Ward', 'gabrielle.ward@neostrada.pl', NULL, NULL, '2013-03-01 00:00:00', NULL),
(379, 379, NULL, NULL, 'Paul', '', 'Koros', 'paul@comtek.co.uk', '(44) 07983437156', NULL, '2013-03-01 00:00:00', NULL),
(381, 381, NULL, NULL, 'Kenneth', 'Francis', 'Madej', 'ken_madej@hotmail.com / ken.madej@anu.edu.au', '(02) 6262 8882', '0404 042 080', '2013-03-01 00:00:00', NULL),
(382, 382, NULL, NULL, 'Diego', '', 'Gomez-Grun', 'diegogrun@yahoo.com', '(54) 11-4797-3580', NULL, '2013-03-01 00:00:00', NULL),
(386, 386, NULL, NULL, 'Rachel', '', 'Anorov', NULL, NULL, NULL, '2013-03-04 00:00:00', NULL),
(387, 387, NULL, NULL, 'David', '', 'Anorov', NULL, NULL, NULL, '2013-03-04 00:00:00', NULL),
(388, 388, NULL, NULL, 'Laura', '', 'Anorov', NULL, NULL, NULL, '2013-03-04 00:00:00', NULL),
(390, 390, NULL, NULL, 'Justin', '', 'Ridgeway', 'justin.ridgeway@whittlesea.vic.gov.au', NULL, NULL, '2013-03-04 00:00:00', NULL),
(393, 393, NULL, NULL, 'James', '', 'Mathers', 'jaymzxyz@hotmail.com, jamesmathers@live.com.au', '(02) 4950 6206', '0421 192 494', '2013-03-04 00:00:00', NULL),
(394, 394, NULL, NULL, 'Ivan', '', 'Grauer', 'ivan@yourpharmacy.com.au', NULL, '0417 541 186', '2013-03-05 00:00:00', NULL),
(395, 395, NULL, NULL, 'Danielle', '', 'Fisher', 'danielle.fisher@scu.edu.au', NULL, '0422 058 869', '2013-03-05 00:00:00', NULL),
(396, 396, NULL, NULL, 'Tamara', '', 'Kusz', 'sm.tm@live.com.au', '(33) 676828688', NULL, '2013-03-05 00:00:00', '2013-03-08 00:00:00'),
(397, 397, NULL, NULL, 'Edward', '', 'Korzeniewski', 'bamcram@hushmail.com', '(858) 7773649', NULL, '2013-03-05 00:00:00', NULL),
(398, 398, NULL, NULL, 'Edna', '', 'Kutcher', 'edna.k@optusnet.com.au', '(02) 95940361', NULL, '2013-03-05 00:00:00', NULL),
(400, 400, NULL, NULL, 'Sally', '', 'Vellar', 'svell13@eq.edu.au', NULL, '(61) 0409 482 256', '2013-03-05 00:00:00', NULL),
(401, 401, NULL, NULL, 'Cassandra', '', 'Peszko', 'cassandrapeszko@hotmail.com', NULL, '0450 310 356', '2013-03-05 00:00:00', NULL),
(402, 402, NULL, NULL, 'Bradley', '', 'Smorgan', 'bsmorgan@gmail.com', NULL, '(04) 19826888', '2013-03-06 00:00:00', NULL),
(403, 403, NULL, NULL, 'Denise', '', 'Coffey', 'denisecoffey62@gmail.com', '(802) 2499154', NULL, '2013-03-06 00:00:00', NULL),
(405, 405, NULL, NULL, 'Helen', '', 'Jaworski', 'hjaworski@hotmail.com', '9871 3019', '0434 641 827', '2013-03-06 00:00:00', NULL),
(407, 407, NULL, NULL, 'Simon', '', 'Lewicki', 'simonlewicki@me.com', NULL, '0417 453 893', '2013-03-06 00:00:00', NULL),
(408, 408, NULL, NULL, 'Shelley', '', 'Jelonek', 'shelleyliana@gmail.com', NULL, '0409 266 955', '2013-03-07 00:00:00', NULL),
(409, 409, NULL, NULL, 'Nathan', '', 'Jelonek', 'nathan.jelonek@bigpond.com', NULL, '0423 884 597', '2013-03-07 00:00:00', NULL),
(412, 412, NULL, NULL, 'Anna', '', 'Kohut', 'anna.kohut007@gmail.com', NULL, '0417 566 234', '2013-03-07 00:00:00', '2013-03-08 00:00:00'),
(414, 414, NULL, NULL, 'Michael', '', 'Zajd', 'mnzajd@gmail.com', '9819 1361', NULL, '2013-04-07 00:00:00', '2013-03-08 00:00:00'),
(415, 415, NULL, NULL, 'Daniel', 'Sam', 'Zajd', NULL, NULL, NULL, '2013-04-07 00:00:00', '2013-03-08 00:00:00'),
(416, 416, NULL, NULL, 'Monica', '', 'Zajd', NULL, NULL, NULL, '2013-04-07 00:00:00', '2013-03-08 00:00:00'),
(417, 417, NULL, NULL, 'Bernadette', '', 'Zajd', NULL, NULL, NULL, '2013-04-07 00:00:00', '2013-03-08 00:00:00'),
(418, 418, NULL, NULL, 'Genevieve', '', 'Wessels', 'genevieve.wessels@hotmail.com', '(041) 3653059', NULL, '2013-04-07 00:00:00', '2013-03-08 00:00:00'),
(419, 419, NULL, NULL, 'Melanie', '', 'Mika', 'star_angel7777@hotmail.com', '(410) 5555555', NULL, '2013-04-07 00:00:00', '2013-03-08 00:00:00'),
(420, 420, NULL, 'Mr', 'd', '', 'd', 'jwgre2@student.monash.edu', '', '', '2013-08-25 12:35:41', '2013-10-20 02:11:49'),
(421, 421, NULL, '', 'd', '', 'd', 'jwgre2@student.monash.edu', '', NULL, '2013-08-26 03:16:56', '2013-08-26 03:16:56'),
(422, 422, NULL, '', 'v', '', 'v', 'jwgre2@student.monash.edu', '', NULL, '2013-08-26 11:13:51', '2013-08-26 11:13:51'),
(423, 423, NULL, '', 'Frangklin', '', 'M', '', '', NULL, '2013-08-26 12:19:27', '2013-08-26 12:19:27'),
(424, 424, '2000-07-05', 'Mr', 'Thomas', '', 'Tester', 'dc@polaron.com.au', '234234234', '', '2013-08-26 22:12:06', '2013-10-25 19:41:03'),
(425, 425, NULL, '', 'g', '', 'g', 'jwgre2@student.monash.edu', '', NULL, '2013-08-27 00:14:26', '2013-08-27 00:14:26'),
(426, 426, NULL, 'Mr', 'Eva', '', 'Hussain', 'info@polaron.com.au', '0412221031', NULL, '2013-08-27 00:31:37', '2013-08-27 00:31:37'),
(427, 428, NULL, 'Mr', 'Bob', '', 'McBobski', 'dc@polaron.com.au', '3456789876532', NULL, '2013-08-27 03:41:50', '2013-08-27 03:41:50'),
(428, 430, NULL, '', 'd', '', 'd', 'jwgre2@student.monash.edu', '', NULL, '2013-08-28 02:28:15', '2013-08-28 02:28:15'),
(429, 431, NULL, '', 'f', '', 'f', 'jwgre2@student.monash.edu', '', NULL, '2013-08-28 02:31:55', '2013-08-28 02:31:55'),
(430, 432, NULL, '', 'r', '', 'r', 'jwgre2@student.monash.edu', '', NULL, '2013-08-28 02:51:35', '2013-08-28 02:51:35'),
(431, 433, NULL, '', 'r', '', 'r', 'jwgre2@student.monash.edu', '', NULL, '2013-08-28 02:52:40', '2013-08-28 02:52:40'),
(432, 434, NULL, '', 't', '', 't', 'jwgre2@student.monash.edu', '', NULL, '2013-08-28 02:56:31', '2013-08-28 02:56:31'),
(433, 435, NULL, '', 'Robert', '', 'Redford', 'rob@gmail.com', '45454545', NULL, '2013-09-17 00:42:01', '2013-09-17 00:42:01'),
(434, 436, '0000-00-00', 'Miss', 'Alicia', '', 'Blake', 'ablake@gmail.com', '67676767', NULL, '2013-09-17 01:24:40', '2013-09-17 01:24:40'),
(435, 437, NULL, '', 'Four', '', 'Four', 'Four@test.com', '99999999', NULL, '2013-09-24 03:05:44', '2013-09-24 03:05:44'),
(436, 438, NULL, '', 'Five', '', 'Five', 'lizziness@gmail.com', '55555555', NULL, '2013-09-24 03:09:17', '2013-09-24 03:09:17'),
(437, 68, '2013-10-01', 'Sir', 'Lance', 'A', 'Lot', 'dominic.carter@gmail.com', '0412 5860281', '', '2013-10-01 22:50:01', '2013-10-01 22:50:01'),
(438, 424, NULL, '', 'sdf', 'sdf', 'df', 'sdf@sdf.com', '3234234234', '', '2013-10-13 05:40:28', '2013-10-13 05:40:28'),
(439, 446, NULL, '', 'fghjf', 'fgh', 'fghfgh', 'fgh@sfd.com', '345345', '', '2013-10-14 02:41:40', '2013-10-14 02:41:40'),
(440, 424, NULL, '', 'sdf', 'sdf', 'sdf', 'dsf@dfg.com', '345345', '', '2013-10-14 05:44:28', '2013-10-14 05:44:28'),
(441, 420, NULL, '', 'dfg', 'dfg', 'dfg', 'dfg@dfg.com', '345345', '', '2013-10-19 20:40:24', '2013-10-19 20:40:24'),
(442, 420, NULL, '', 'testh', 'sdfsdh', 'testrh', 'sdf@fgdfgh.com', '345345h', '', '2013-10-19 20:53:41', '2013-10-20 01:36:45'),
(443, 66, '0000-00-00', '', 'sfsfn', 'sdfsn', 'sdfssdn', '345@sdf.xcomn', '234234234n', '', '2013-10-19 23:57:08', '2013-10-20 00:04:10'),
(444, 420, NULL, '', 'asdasd', 'asdasd', 'asdasd', 'asd@werwer.com', '234234', '', '2013-10-20 01:30:33', '2013-10-20 01:30:33'),
(445, 420, NULL, '', 'ASa', '', 'asd', '', '', '', '2013-10-20 01:31:51', '2013-10-20 01:31:51'),
(446, 450, '0000-00-00', 'Miss', 'denied', '', 'test', 'lizziness@gmail.com', '22452345', NULL, '2013-10-21 22:18:12', '2013-10-21 22:18:12'),
(447, 424, '2004-04-01', 'Ms', 'Test', 'test2', 'test', 'TEST@TEST.COM', '12345678', '12345678', '2013-10-22 01:54:58', '2013-10-22 02:15:32'),
(448, 72, '1970-06-10', 'Mrs', 'Jacky', 'P.', 'Freely', 'dc@polaron.com.au', '876352352', '12345654123', '2013-10-22 21:10:33', '2013-10-22 21:10:33'),
(449, 451, '1967-08-12', 'Mr', 'John', '', 'Smith', 'joshuaso91@gmail.com', '00000000', NULL, '2013-10-22 21:24:47', '2013-10-22 21:24:47'),
(450, 452, '1969-12-31', '', 'Frangklin', '', 'Mewengkang', 'mewengkang@gmail.com', '349287528', NULL, '2013-10-22 21:25:42', '2013-10-22 21:25:42'),
(451, 451, '1995-01-31', 'Miss', 'Anastasia', '', 'Smith', 'anas.smith@gmail.com', '0433371100', '', '2013-10-22 21:36:32', '2013-10-22 21:37:11'),
(452, 453, '1979-10-01', '', 'Frangklin', '', 'Mewengkang', 'kikimewengkang@gmail.com', '091324324', NULL, '2013-10-22 21:59:34', '2013-10-22 21:59:34'),
(453, 454, '1969-12-31', '', 'Frangklin', '', 'Mewengkang', 'kikimewengkang@gmail.com', '764657576', NULL, '2013-10-22 22:06:09', '2013-10-22 22:06:09'),
(454, 424, '1969-12-31', 'Mrs', 'dfgdfg', '', 'dfgdfg', '', '', '', '2013-10-23 08:34:26', '2013-10-23 08:34:26'),
(455, 455, '2013-10-21', 'Mrs', 'sfsdff', '', 'sfsfsdsd', 'lizziness@gmail.com', '34343434', NULL, '2013-10-25 17:31:57', '2013-10-25 17:31:57'),
(456, 456, '2013-10-09', '', 'dfgd', '', 'dfgdf', 'lizziness@gmail.com', '35343445', NULL, '2013-10-25 17:39:48', '2013-10-25 17:39:48'),
(457, 457, '2013-10-08', '', 'sffdf', '', 'sdfsdf', 'lizziness@gmail.com', '5454545', NULL, '2013-10-25 17:41:18', '2013-10-25 17:41:18'),
(458, 458, '1974-04-15', 'Ms', 'Dominic', '', 'Carter', 'dc@polaron.com.au', '0412 22 10 31', '', '2013-10-25 19:55:57', '2013-10-25 19:56:30'),
(459, 458, '1975-10-22', 'Mr', 'Evo', 'Van', 'Hussain', 'dc@polaron.com.au', '', '', '2013-10-25 20:10:11', '2013-10-25 20:10:36'),
(460, 459, '2013-10-25', 'Mr', 'Dominic', '', 'Potato', 'dc@polaron.com.au', '041202201031', NULL, '2013-10-25 20:30:37', '2013-10-25 20:30:37'),
(461, 460, '1994-10-11', 'Mrs', 'Hatstand', '', 'Pooolish', 'henry.kissinger69@gmail.com', '123456789', NULL, '2013-10-25 20:36:01', '2013-10-25 20:36:01'),
(462, 461, '1969-12-31', 'Mr', 'Trying to get to the staff page', '', 'Still', 'dc@polaron.com.au', '0412 33 55 44', NULL, '2013-11-21 18:01:24', '2013-11-21 18:01:24'),
(463, 462, '1969-12-31', 'Mr', 'Trying to get to the staff page', '', 'Still', 'dc@polaron.com.au', '0412 33 55 44', NULL, '2013-11-21 18:01:41', '2013-11-21 18:01:41'),
(464, 463, '2013-11-04', 'Mrs', 'Dommow', '', 're', 'dc@polaron.com.au', '452 123 123 123', NULL, '2013-11-21 19:17:32', '2013-11-21 19:17:32');

-- --------------------------------------------------------

--
-- Table structure for table `archiveloans`
--

CREATE TABLE IF NOT EXISTS `archiveloans` (
  `id` int(11) NOT NULL AUTO_INCREMENT,
  `archive_id` int(12) NOT NULL,
  `employee_id` int(12) DEFAULT NULL,
  `date_borrowed` datetime DEFAULT NULL,
  `date_returned` datetime DEFAULT NULL,
  PRIMARY KEY (`id`),
  KEY `archive_id` (`archive_id`),
  KEY `employee_id` (`employee_id`)
) ENGINE=InnoDB  DEFAULT CHARSET=latin1 AUTO_INCREMENT=32 ;

--
-- Dumping data for table `archiveloans`
--

INSERT INTO `archiveloans` (`id`, `archive_id`, `employee_id`, `date_borrowed`, `date_returned`) VALUES
(3, 1, 6, '0000-00-00 00:00:00', '0000-00-00 00:00:00'),
(4, 1, 6, '0000-00-00 00:00:00', '0000-00-00 00:00:00'),
(5, 1, 6, '0000-00-00 00:00:00', '0000-00-00 00:00:00'),
(6, 1, 6, '0000-00-00 00:00:00', '0000-00-00 00:00:00'),
(7, 1, 6, '2013-09-16 00:00:00', '0000-00-00 00:00:00'),
(8, 1, 6, '2013-09-16 04:05:23', '0000-00-00 00:00:00'),
(9, 1, 6, '2013-09-16 04:06:55', '2013-10-22 05:07:53'),
(22, 3, 6, '2013-10-01 10:47:25', NULL),
(23, 3, 6, '2013-10-01 10:47:25', NULL),
(24, 2, 6, '2013-10-05 11:52:53', '2013-10-06 12:00:10'),
(25, 1, 6, '2013-10-22 05:08:07', '2013-10-25 07:47:26'),
(26, 5, 6, '2013-10-22 08:56:30', '2013-10-22 08:58:31'),
(27, 6, 6, '2013-10-23 06:35:08', '2013-10-23 06:35:14'),
(28, 9, 6, '2013-10-23 11:48:18', NULL),
(29, 6, 6, '2013-10-24 07:03:11', '2013-10-24 07:21:23'),
(30, 1, 6, '2013-10-25 07:47:37', '2013-10-25 07:50:04'),
(31, 1, 6, '2013-10-25 07:50:08', '2013-10-25 07:53:34');

-- --------------------------------------------------------

--
-- Table structure for table `archivenametable`
--

CREATE TABLE IF NOT EXISTS `archivenametable` (
  `ArchiveName` varchar(50) NOT NULL,
  `FamilyName` varchar(50) NOT NULL,
  PRIMARY KEY (`ArchiveName`)
) ENGINE=InnoDB DEFAULT CHARSET=latin1;

--
-- Dumping data for table `archivenametable`
--

INSERT INTO `archivenametable` (`ArchiveName`, `FamilyName`) VALUES
('ADA-1/13', 'none'),
('AHE-1/13', 'none'),
('AKH-1/13', 'none'),
('ALL-1/11', 'Kazimierz Widera'),
('ANO-4/12', 'Awdiejew'),
('ANO-4/13', 'Aleksy Awdiejew'),
('ASH-1/13', 'none'),
('BAL-1/13', '-'),
('BAR-1/13', 'Mikolaj Chaszczewski'),
('BATI-1/13', 'Zbigniew Jan Szabatowski'),
('BEE-1/13', 'Monika Beer'),
('BEL-1/12', 'Bell'),
('BEL-1/13', 'none'),
('BEN-3/13', 'Mordka (Max) Bender'),
('BID-2-10', 'Michal Bajdo'),
('BIE-1/13', 'none'),
('BIL-1/12', 'Bileckyj'),
('BIN-2/13', 'Herman Rappaport'),
('BOU-4/12', 'Kurzydlo'),
('BRA-1/12', 'Dek'),
('BRY-6/11', 'Zygmunt Brysz'),
('BUR-1/13', 'none'),
('BUR-3/13', 'Anna Pidhirnyj'),
('BUS-1/12', 'Marcel Kazemmer Szczepanski'),
('CHA-1/13', 'none'),
('CHE-1/13', 'Stanislaw Urbanowicz'),
('COD-1/12', 'Codognotto'),
('COH-1/13', 'none'),
('CUL-1/13', 'none'),
('DAV-1/09', 'Beinhauer'),
('DEB-1/11', 'Waldemar Zadembski'),
('DIB-1/13', 'none'),
('DON-1/13', 'none'),
('DRE-3/09', 'Drezner'),
('DUR-1/13', 'Maria Duris'),
('DWY-1/13', 'none'),
('DZI-1/13', 'none'),
('ENG-1/12', 'Stezowska Victoria'),
('ENH-1/13', 'none'),
('EWA-1/13', 'none'),
('EXE-1/13', 'Jozef Exelbierd'),
('FALL-3/12', 'Michalina Faliszewska'),
('FAN-1/13', 'Fantasia Jolecyn'),
('FER-1/13', 'none'),
('FIS-8/13', 'Kopit / Triluk'),
('FRA-1/13', 'none'),
('GEL-4/13', 'Gelberg'),
('GOL-1/13', 'none'),
('GOL-2/12', 'Goldstein'),
('GOR-1/13', 'Roza Fuks'),
('GRA-1/12', 'Grauer'),
('GRA-3/13', 'Arnold Grynbaum'),
('GRADY-1/13', 'Michal Michalski'),
('GRE-1/13', 'none'),
('GRU-1/12', 'Gruszka'),
('GRU-1/13', 'Grun'),
('GRZ-1/12', 'Zygmunt Grzyb'),
('GUR-3/10', 'Bella Freeman'),
('HAR-1/13', 'none'),
('HAY-1/10', 'Szaraszek'),
('HIL-1/13', 'none'),
('HIN-1/12', 'Cyryl Depta'),
('HOP-1/13', 'none'),
('HUG-1/12', 'Huggins'),
('HUM-1/12', 'Wieslawa Farbotko'),
('JAG-4/11', 'Jagiello'),
('JAW-1/11', 'Jaworski'),
('JEL-2/12', 'Jelonek'),
('JOH-1/13', 'none'),
('JOZ-1/13', 'none'),
('KAB-1/13', 'none'),
('KAL-1/12', 'Kaleta'),
('KAP-1/13', 'none'),
('KAR-1/12', 'Frank Karpeta'),
('KAS-1/13', 'none'),
('KASP-1/12', 'Jozef Artur Kaspar'),
('KASP-1/13', 'none'),
('KAT-1/13', 'none'),
('KAY-1/12', 'Roman Stanny'),
('KEM- 1/11', 'Fleischer / Kempler'),
('KLO-1/13', 'none'),
('KOC-1/13', 'none'),
('KOHUT', 'Wasyl Kohut'),
('KOL-1/13', 'Jan Kolanko'),
('KOLA-1/13', 'none'),
('KOR-1/13', 'none'),
('KORN-1/13', 'none'),
('KOS-1/13', 'none'),
('KOZ-1/13', 'none'),
('KOZ-3/13', 'Ludwik Kozera'),
('KOZL-1/13', 'none'),
('KRU-1/13', 'none'),
('KRUK-1/13', 'none'),
('KRY-1/13', 'none'),
('KUCH-1/12', 'Stan Kucharski'),
('KUR-1/13', 'none'),
('KWA-1/11', 'Zareba / Kwasnica'),
('LAB-2/12', 'Labuc / Kolodziejczyk'),
('LAN-1/13', 'none'),
('LAY-3/12', 'Antoni Jozef Rak'),
('LEDM-1/12', 'Josek Lederman'),
('LEM-1/12', 'Kowalski'),
('LEW-2/13', 'Marian Lewandowski'),
('LEWC-2/12', 'Lewczuk'),
('LEWIC-1/13', 'Julius Lewicki'),
('LOU-5/13', 'Mikolaj Kremko'),
('LOV-1/13', 'none'),
('MAD-1/12', 'Madej'),
('MAJ-1/12', 'Madzij'),
('MAN-1/12', 'Manual'),
('MAN-1/13', 'none'),
('MAR-1/12', 'Marzec'),
('MAR-1/13', 'none'),
('MARG-1/13', 'none'),
('MARS-2/13', 'Stefan Pawlowski'),
('MAS-1/13', 'none'),
('MAT-1/10', 'Rudyj'),
('MAT-1/13', 'none'),
('MAU-1/12', 'Gerstner'),
('MCK-1/12', 'McKenzie'),
('MCM-1/13', 'none'),
('MEK-1/13', 'none'),
('MER-1/13', 'none'),
('MIL-3/10', 'Gertrude Kwiatkowski'),
('MIS-1/11', 'Misiak'),
('MOO-2/12', 'Reszba'),
('MOR-1/13', 'none'),
('MORG-1/13', 'none'),
('MOUN-1/12', 'Michelle Mountford'),
('MRO-1/10', 'Dorothy Mrocki'),
('NAD-1/13', 'none'),
('NEU-1/13', 'none'),
('NIC-1/13', 'none'),
('NIE-1/3', 'none'),
('none', 'not yet assigned'),
('NOW-1/13', 'none'),
('OLE-2/12', 'Dawid Olenski'),
('ORE-1/12', 'Punko'),
('OWS-1/13', 'none'),
('OZN-1/13', 'none'),
('PAG-2/13', 'Monika Page'),
('PAL-1/13', 'none'),
('PAT-1/13', 'none'),
('PER-1/13', 'Greif & Perlmutter'),
('PET-1/13', 'none'),
('PIS-1/13', 'Piskadlo, Jozef'),
('PLU-1/12', 'Chrusciel'),
('POL-1/13', 'none'),
('POU-1/13', 'none'),
('POW-1/13', 'none'),
('PUC-1/13', 'none'),
('RAD-1/13', 'Michel Radywonik'),
('RAF-1/13', 'Stanislaw Rafanowicz'),
('RAN-1/13', 'none'),
('REY-1/13', 'Bronislawa Szychter'),
('RIDG-1/13', 'Ridgeway'),
('ROB-2/12', 'Hilfstein'),
('ROG-3/13', 'Jakub Rogozinski'),
('ROS-1/13', 'none'),
('ROZ-1/12', 'Rozen, Podplomyk'),
('RYA-1/12', 'Tokarski'),
('SAN-1/13', 'none'),
('SCH-1/12', 'Schnell'),
('SCH-1/13', 'none'),
('SEQ-1/13', 'none'),
('SIR-1/12', 'Siryj'),
('SLI-2/12', 'Sarnecki / Sliwceynski'),
('SLU-1/12', 'Slusarski'),
('SMI-1/13', 'none'),
('SMO-1/13', 'none'),
('SOL-1/13', 'none'),
('STA-2/12', 'Jan Stankiewicz'),
('STR-1/12', 'Zygmunt Strawczynski'),
('STR-1/13', 'none'),
('STU-1/13', 'none'),
('SWI-1/13', 'none'),
('SYR-1/13', 'none'),
('SZA-1/13', 'none'),
('SZE-1/12', 'Marian Szewczyk'),
('SZU-1/13', 'none'),
('SZY-3/12', 'Czeslaw Szyfer'),
('TAR-1/13', 'none'),
('TAR-B-1/11', 'Jolanta Maria Kakol'),
('TAY-1/13', 'none'),
('TRC-1/13', 'Stefan Trec'),
('TUD-1/13', 'none'),
('TUG-1/12', 'Michael Tugendreich'),
('TUR-1/12', 'Szkwarek'),
('TYM-1/13', 'none'),
('WAK-3/12', 'Lejb Waks and Chana Jakubowicz'),
('WAR-1/13', 'none'),
('WAS-1/13', 'Wasniewski Boleslaw'),
('WAT-1/10', 'Zylka'),
('WHI-1/13', 'none'),
('WIL-1/13', 'none'),
('WIN-1/13', 'Chana Meszen'),
('WIT-1/13', 'Stanislaw Witkowski'),
('WOZ-1/13', 'none'),
('ZAJ-4/12', 'Zajd'),
('ZAL-1/12', 'Abraham Zalcberg'),
('ZAS-1/13', 'none'),
('ZEG_3/11', 'Landau'),
('ZHA-1/13', 'none'),
('ZIE-1/13', 'none');

-- --------------------------------------------------------

--
-- Table structure for table `archives`
--

CREATE TABLE IF NOT EXISTS `archives` (
  `id` int(11) NOT NULL AUTO_INCREMENT,
  `archive_name` varchar(16) DEFAULT NULL,
  `family_name` varchar(56) DEFAULT NULL,
  `created` datetime DEFAULT NULL,
  `modified` datetime DEFAULT NULL,
  PRIMARY KEY (`id`)
) ENGINE=InnoDB  DEFAULT CHARSET=latin1 AUTO_INCREMENT=253 ;

--
-- Dumping data for table `archives`
--

INSERT INTO `archives` (`id`, `archive_name`, `family_name`, `created`, `modified`) VALUES
(1, 'HUM-1/12', 'Wieslawa Farbotko', NULL, NULL),
(2, 'GRZ-1/12', 'Zygmunt Grzyb', NULL, NULL),
(3, 'LAY-3/12', 'Antoni Jozef Rak', NULL, NULL),
(4, 'STR-1/12', 'Zygmunt Strawczynski', NULL, NULL),
(5, 'ALL-1/11', 'Kazimierz Widera', NULL, NULL),
(6, 'FALL-3/12', 'Michalina Faliszewska', NULL, NULL),
(7, 'KAY-1/12', 'Roman Stanny', NULL, NULL),
(8, 'WAK-3/12', 'Lejb Waks and Chana Jakubowicz', NULL, NULL),
(9, 'HIN-1/12', 'Cyryl Depta', NULL, NULL),
(10, 'SCH-1/12', 'Schnell', NULL, NULL),
(11, 'ROZ-1/12', 'Rozen, Podplomyk', NULL, NULL),
(12, 'MAN-1/12', 'Manual', NULL, NULL),
(13, 'GOL-2/12', 'Goldstein', NULL, NULL),
(14, 'SZE-1/12', 'Marian Szewczyk', NULL, NULL),
(15, 'COD-1/12', 'Codognotto', NULL, NULL),
(16, 'BEL-1/12', 'Bell', NULL, NULL),
(17, 'MCK-1/12', 'McKenzie', NULL, NULL),
(18, 'SIR-1/12', 'Siryj', NULL, NULL),
(19, 'MAR-1/12', 'Marzec', NULL, NULL),
(20, 'none', 'not yet assigned', NULL, NULL),
(21, 'MAJ-1/12', 'Madzij', NULL, NULL),
(22, 'HUG-1/12', 'Huggins', NULL, NULL),
(23, 'GRU-1/12', 'Gruszka', NULL, NULL),
(24, 'BIL-1/12', 'Bileckyj', NULL, NULL),
(25, 'MAU-1/12', 'Gerstner', NULL, NULL),
(26, 'STR-1/13', 'none', NULL, NULL),
(27, 'STA-2/12', 'Jan Stankiewicz', NULL, NULL),
(28, 'BAR-1/13', 'Mikolaj Chaszczewski', NULL, NULL),
(29, 'WAR-1/13', 'none', NULL, NULL),
(30, 'RAD-1/13', 'Michel Radywonik', NULL, NULL),
(31, 'AKH-1/13', 'none', NULL, NULL),
(32, 'PAG-2/13', 'Monika Page', NULL, NULL),
(33, 'MARG-1/13', 'none', NULL, NULL),
(34, 'CUL-1/13', 'none', NULL, NULL),
(35, 'SMO-1/13', 'none', NULL, NULL),
(36, 'NEU-1/13', 'none', NULL, NULL),
(37, 'BUR-3/13', 'Anna Pidhirnyj', NULL, NULL),
(38, 'NIC-1/13', 'none', NULL, NULL),
(39, 'LEW-2/13', 'Marian Lewandowski', NULL, NULL),
(40, 'SZU-1/13', 'none', NULL, NULL),
(41, 'SYR-1/13', 'none', NULL, NULL),
(42, 'SWI-1/13', 'none', NULL, NULL),
(43, 'ADA-1/13', 'none', NULL, NULL),
(44, 'DUR-1/13', 'Maria Duris', NULL, NULL),
(45, 'ANO-4/13', 'Aleksy Awdiejew', NULL, NULL),
(46, 'WHI-1/13', 'none', NULL, NULL),
(47, 'GRA-3/13', 'Arnold Grynbaum', NULL, NULL),
(48, 'BATI-1/13', 'Zbigniew Jan Szabatowski', NULL, NULL),
(49, 'KOZ-3/13', 'Ludwik Kozera', NULL, NULL),
(50, 'LOU-5/13', 'Mikolaj Kremko', NULL, NULL),
(51, 'PAT-1/13', 'none', NULL, NULL),
(52, 'ENH-1/13', 'none', NULL, NULL),
(53, 'KRY-1/13', 'none', NULL, NULL),
(54, 'TUD-1/13', 'none', NULL, NULL),
(55, 'KAS-1/13', 'none', NULL, NULL),
(56, 'MER-1/13', 'none', NULL, NULL),
(57, 'KOS-1/13', 'none', NULL, NULL),
(58, 'EWA-1/13', 'none', NULL, NULL),
(59, 'KOZL-1/13', 'none', NULL, NULL),
(60, 'ZAS-1/13', 'none', NULL, NULL),
(61, 'SZA-1/13', 'none', NULL, NULL),
(62, 'GRADY-1/13', 'Michal Michalski', NULL, NULL),
(63, 'NIE-1/3', 'none', NULL, NULL),
(64, 'RAF-1/13', 'Stanislaw Rafanowicz', NULL, NULL),
(65, 'OWS-1/13', 'none', NULL, NULL),
(66, 'REY-1/13', 'Bronislawa Szychter', NULL, NULL),
(67, 'NOW-1/13', 'none', NULL, NULL),
(68, 'MAT-1/13', 'none', NULL, NULL),
(69, 'DZI-1/13', 'none', NULL, NULL),
(70, 'KOL-1/13', 'Jan Kolanko', NULL, NULL),
(71, 'SCH-1/13', 'none', NULL, NULL),
(72, 'MAS-1/13', 'none', NULL, NULL),
(73, 'WAS-1/13', 'Wasniewski Boleslaw', NULL, NULL),
(74, 'FRA-1/13', 'none', NULL, NULL),
(75, 'KORN-1/13', 'none', NULL, NULL),
(76, 'CHE-1/13', 'Stanislaw Urbanowicz', NULL, NULL),
(77, 'KOR-1/13', 'none', NULL, NULL),
(78, 'RAN-1/13', 'none', NULL, NULL),
(79, 'GOR-1/13', 'Roza Fuks', NULL, NULL),
(80, 'KRU-1/13', 'none', NULL, NULL),
(81, 'POW-1/13', 'none', NULL, NULL),
(82, 'HIL-1/13', 'none', NULL, NULL),
(83, 'BEN-3/13', 'Mordka (Max) Bender', NULL, NULL),
(84, 'EXE-1/13', 'Jozef Exelbierd', NULL, NULL),
(85, 'PIS-1/13', 'Piskadlo, Jozef', NULL, NULL),
(86, 'FAN-1/13', 'Fantasia Jolecyn', NULL, NULL),
(87, 'TRC-1/13', 'Stefan Trec', NULL, NULL),
(88, 'WIN-1/13', 'Chana Meszen', NULL, NULL),
(89, 'DEB-1/11', 'Waldemar Zadembski', NULL, NULL),
(90, 'MIL-3/10', 'Gertrude Kwiatkowski', NULL, NULL),
(91, 'OLE-2/12', 'Dawid Olenski', NULL, NULL),
(92, 'COH-1/13', 'none', NULL, NULL),
(93, 'KUCH-1/12', 'Stan Kucharski', NULL, NULL),
(94, 'ZAL-1/12', 'Abraham Zalcberg', NULL, NULL),
(95, 'BUS-1/12', 'Marcel Kazemmer Szczepanski', NULL, NULL),
(96, 'ENG-1/12', 'Stezowska Victoria', NULL, NULL),
(97, 'BAL-1/13', '-', NULL, NULL),
(98, 'KAT-1/13', 'none', NULL, NULL),
(99, 'TAR-1/13', 'none', NULL, NULL),
(100, 'HOP-1/13', 'none', NULL, NULL),
(101, 'JOH-1/13', 'none', NULL, NULL),
(102, 'ROS-1/13', 'none', NULL, NULL),
(103, 'SZY-3/12', 'Czeslaw Szyfer', NULL, NULL),
(104, 'BOU-4/12', 'Kurzydlo', NULL, NULL),
(105, 'LOV-1/13', 'none', NULL, NULL),
(106, 'KAP-1/13', 'none', NULL, NULL),
(107, 'MAR-1/13', 'none', NULL, NULL),
(108, 'GRE-1/13', 'none', NULL, NULL),
(109, 'MCM-1/13', 'none', NULL, NULL),
(110, 'ZHA-1/13', 'none', NULL, NULL),
(111, 'FIS-8/13', 'Kopit / Triluk', NULL, NULL),
(112, 'MAN-1/13', 'none', NULL, NULL),
(113, 'JOZ-1/13', 'none', NULL, NULL),
(114, 'BRY-6/11', 'Zygmunt Brysz', NULL, NULL),
(115, 'KAL-1/12', 'Kaleta', NULL, NULL),
(116, 'KOLA-1/13', 'none', NULL, NULL),
(117, 'KOZ-1/13', 'none', NULL, NULL),
(118, 'SOL-1/13', 'none', NULL, NULL),
(119, 'PAL-1/13', 'none', NULL, NULL),
(120, 'KLO-1/13', 'none', NULL, NULL),
(121, 'MOR-1/13', 'none', NULL, NULL),
(122, 'OZN-1/13', 'none', NULL, NULL),
(123, 'ZEG_3/11', 'Landau', NULL, NULL),
(124, 'MRO-1/10', 'Dorothy Mrocki', NULL, NULL),
(125, 'ADL-1/08', NULL, NULL, NULL),
(126, 'BID-2-10', 'Michal Bajdo', NULL, NULL),
(127, 'TAR-B-1/11', 'Jolanta Maria Kakol', NULL, NULL),
(128, 'BEE-1/13', 'Monika Beer', NULL, NULL),
(129, 'KAR-1/12', 'Frank Karpeta', NULL, NULL),
(130, 'KASP-1/12', 'Jozef Artur Kaspar', NULL, NULL),
(131, 'LEDM-1/12', 'Josek Lederman', NULL, NULL),
(132, 'KOC-1/13', 'none', NULL, NULL),
(133, 'MEK-1/13', 'none', NULL, NULL),
(134, 'KAB-1/13', 'none', NULL, NULL),
(135, 'KRUK-1/13', 'none', NULL, NULL),
(136, 'MORG-1/13', 'none', NULL, NULL),
(137, 'DRE-3/09', 'Drezner', NULL, NULL),
(138, 'ROB-2/12', 'Hilfstein', NULL, NULL),
(139, 'HAY-1/10', 'Szaraszek', NULL, NULL),
(140, 'BUR-1/13', 'none', NULL, NULL),
(141, 'DWY-1/13', 'none', NULL, NULL),
(142, 'WOZ-1/13', 'none', NULL, NULL),
(143, 'DAV-1/09', 'Beinhauer', NULL, NULL),
(144, 'KEM- 1/11', 'Fleischer / Kempler', NULL, NULL),
(145, 'GUR-3/10', 'Bella Freeman', NULL, NULL),
(146, 'MIS-1/11', 'Misiak', NULL, NULL),
(147, 'MOUN-1/12', 'Michelle Mountford', NULL, NULL),
(148, 'SLU-1/12', 'Slusarski', NULL, NULL),
(149, 'LEM-1/12', 'Kowalski', NULL, NULL),
(150, 'WAT-1/10', 'Zylka', NULL, NULL),
(151, 'TUR-1/12', 'Szkwarek', NULL, NULL),
(152, 'PLU-1/12', 'Chrusciel', NULL, NULL),
(153, 'LEWC-2/12', 'Lewczuk', NULL, NULL),
(154, 'JAG-4/11', 'Jagiello', NULL, NULL),
(155, 'BRA-1/12', 'Dek', NULL, NULL),
(156, 'ORE-1/12', 'Punko', NULL, NULL),
(157, 'PER-1/13', 'Greif & Perlmutter', NULL, NULL),
(158, 'MARS-2/13', 'Stefan Pawlowski', NULL, NULL),
(159, 'BIE-1/13', 'none', NULL, NULL),
(160, 'DON-1/13', 'none', NULL, NULL),
(161, 'LAN-1/13', 'none', NULL, NULL),
(162, 'KUR-1/13', 'none', NULL, NULL),
(163, 'HAR-1/13', 'none', NULL, NULL),
(164, 'CHA-1/13', 'none', NULL, NULL),
(165, 'DIB-1/13', 'none', NULL, NULL),
(166, 'PUC-1/13', 'none', NULL, NULL),
(167, 'POL-1/13', 'none', NULL, NULL),
(168, 'FER-1/13', 'none', NULL, NULL),
(169, 'TYM-1/13', 'none', NULL, NULL),
(170, 'ASH-1/13', 'none', NULL, NULL),
(171, 'SAN-1/13', 'none', NULL, NULL),
(172, 'BIN-2/13', 'Herman Rappaport', NULL, NULL),
(173, 'LAB-2/12', 'Labuc / Kolodziejczyk', NULL, NULL),
(174, 'BEL-1/13', 'none', NULL, NULL),
(175, 'TAY-1/13', 'none', NULL, NULL),
(176, 'SLI-2/12', 'Sarnecki / Sliwceynski', NULL, NULL),
(177, 'ROG-3/13', 'Jakub Rogozinski', NULL, NULL),
(178, 'KWA-1/11', 'Zareba / Kwasnica', NULL, NULL),
(179, 'ZIE-1/13', 'none', NULL, NULL),
(180, 'GOL-1/13', 'none', NULL, NULL),
(181, 'STU-1/13', 'none', NULL, NULL),
(182, 'WIL-1/13', 'none', NULL, NULL),
(183, 'GEL-4/13', 'Gelberg', NULL, NULL),
(184, 'PET-1/13', 'none', NULL, NULL),
(185, 'SEQ-1/13', 'none', NULL, NULL),
(186, 'SMI-1/13', 'none', NULL, NULL),
(187, 'RYA-1/12', 'Tokarski', NULL, NULL),
(188, 'NAD-1/13', 'none', NULL, NULL),
(189, 'AHE-1/13', 'none', NULL, NULL),
(190, 'KASP-1/13', 'none', NULL, NULL),
(191, 'MOO-2/12', 'Reszba', NULL, NULL),
(192, 'POU-1/13', 'none', NULL, NULL),
(193, 'MAD-1/12', 'Madej', NULL, NULL),
(194, 'GRU-1/13', 'Grun', NULL, NULL),
(195, 'RIDG-1/13', 'Ridgeway', NULL, NULL),
(196, 'MAT-1/10', 'Rudyj', NULL, NULL),
(197, 'GRA-1/12', 'Grauer', NULL, NULL),
(198, 'JAW-1/11', 'Jaworski', NULL, NULL),
(199, 'LEWIC-1/13', 'Julius Lewicki', NULL, NULL),
(200, 'JEL-2/12', 'Jelonek', NULL, NULL),
(201, 'KOHUT', 'Wasyl Kohut', NULL, NULL),
(202, 'ZAJ-4/12', 'Zajd', NULL, NULL),
(203, 'D-1/13', NULL, '2013-08-25 12:35:40', '2013-08-25 12:35:40'),
(204, 'D-2/13', NULL, '2013-08-26 03:16:56', '2013-08-26 03:16:56'),
(205, 'V-1/13', NULL, '2013-08-26 11:13:51', '2013-08-26 11:13:51'),
(206, 'M-1/13', NULL, '2013-08-26 12:19:27', '2013-08-26 12:19:27'),
(207, 'TES-1/13', NULL, '2013-08-26 22:12:06', '2013-08-26 22:12:06'),
(208, 'G-1/13', NULL, '2013-08-27 00:14:26', '2013-08-27 00:14:26'),
(209, 'HUS-1/13', NULL, '2013-08-27 00:31:36', '2013-08-27 00:31:36'),
(210, '-1/13', NULL, '2013-08-27 00:38:21', '2013-08-27 00:38:21'),
(211, 'MCB-1/13', NULL, '2013-08-27 03:41:50', '2013-08-27 03:41:50'),
(212, '-2/13', NULL, '2013-08-27 05:46:00', '2013-08-27 05:46:00'),
(213, 'D-3/13', NULL, '2013-08-28 02:28:15', '2013-08-28 02:28:15'),
(214, 'F-1/13', NULL, '2013-08-28 02:31:54', '2013-08-28 02:31:54'),
(215, 'R-1/13', NULL, '2013-08-28 02:51:35', '2013-08-28 02:51:35'),
(216, 'R-2/13', NULL, '2013-08-28 02:52:40', '2013-08-28 02:52:40'),
(217, 'T-1/13', NULL, '2013-08-28 02:56:30', '2013-08-28 02:56:30'),
(218, '-3/13', NULL, '2013-08-30 00:19:11', '2013-08-30 00:19:11'),
(219, 'RRR-1/13', NULL, '2013-09-16 23:34:12', '2013-09-16 23:34:12'),
(220, 'RRR-2/13', NULL, '2013-09-16 23:40:27', '2013-09-16 23:40:27'),
(221, 'RRR-3/13', NULL, '2013-09-16 23:44:47', '2013-09-16 23:44:47'),
(222, 'RED-1/13', NULL, '2013-09-17 00:42:01', '2013-09-17 00:42:01'),
(223, 'BLA-1/13', NULL, '2013-09-17 01:24:40', '2013-09-17 01:24:40'),
(224, 'ETE-1/13', NULL, '2013-09-24 02:33:33', '2013-09-24 02:33:33'),
(225, 'ETE-2/13', NULL, '2013-09-24 02:35:58', '2013-09-24 02:35:58'),
(226, 'ETE-3/13', NULL, '2013-09-24 02:43:09', '2013-09-24 02:43:09'),
(227, 'TWO-1/13', NULL, '2013-09-24 02:47:28', '2013-09-24 02:47:28'),
(228, 'TWO-2/13', NULL, '2013-09-24 02:50:54', '2013-09-24 02:50:54'),
(229, 'THR-1/13', NULL, '2013-09-24 02:57:50', '2013-09-24 02:57:50'),
(230, 'FOU-1/13', NULL, '2013-09-24 03:05:44', '2013-09-24 03:05:44'),
(231, 'FIV-1/13', NULL, '2013-09-24 03:09:17', '2013-09-24 03:09:17'),
(232, 'SIX-1/13', NULL, '2013-09-24 03:10:11', '2013-09-24 03:10:11'),
(233, 'SIX-2/13', NULL, '2013-09-24 03:11:33', '2013-09-24 03:11:33'),
(234, 'SON-1/13', NULL, '2013-10-01 21:35:30', '2013-10-01 21:35:30'),
(235, 'GUE-1/13', NULL, '2013-10-01 21:39:25', '2013-10-01 21:39:25'),
(236, 'GUE-2/13', NULL, '2013-10-01 21:44:08', '2013-10-01 21:44:08'),
(237, 'MEW-1/13', NULL, '2013-10-01 21:46:43', '2013-10-01 21:46:43'),
(238, 'MEW-2/13', NULL, '2013-10-01 21:48:46', '2013-10-01 21:48:46'),
(239, 'DFG-1/13', NULL, '2013-10-13 20:30:56', '2013-10-13 20:30:56'),
(240, 'SMI-2/13', NULL, '2013-10-22 21:24:47', '2013-10-22 21:24:47'),
(241, 'MEW-3/13', NULL, '2013-10-22 22:06:09', '2013-10-22 22:06:09'),
(242, 'TUG-1/13', NULL, '2013-10-24 04:29:40', '2013-10-24 04:29:40'),
(243, 'ZOM-1/13', NULL, '2013-10-24 04:33:56', '2013-10-24 04:33:56'),
(244, 'WES-1/13', NULL, '2013-10-25 17:25:32', '2013-10-25 17:25:32'),
(245, 'CLA-1/13', NULL, '2013-10-25 17:26:01', '2013-10-25 17:26:01'),
(246, 'SFS-1/13', NULL, '2013-10-25 17:31:57', '2013-10-25 17:31:57'),
(247, 'SDF-1/13', NULL, '2013-10-25 17:41:18', '2013-10-25 17:41:18'),
(248, 'CAR-1/13', NULL, '2013-10-25 19:55:57', '2013-10-25 19:55:57'),
(249, 'POT-1/13', NULL, '2013-10-25 20:30:37', '2013-10-25 20:30:37'),
(250, 'STI-1/13', NULL, '2013-11-21 18:01:24', '2013-11-21 18:01:24'),
(251, 'STI-2/13', NULL, '2013-11-21 18:01:41', '2013-11-21 18:01:41'),
(252, 'RE-1/13', NULL, '2013-11-21 19:17:32', '2013-11-21 19:17:32');

-- --------------------------------------------------------

--
-- Table structure for table `casenotes`
--

CREATE TABLE IF NOT EXISTS `casenotes` (
  `id` int(11) NOT NULL AUTO_INCREMENT,
  `clientcase_id` int(12) NOT NULL,
  `user_id` int(12) NOT NULL,
  `subject` varchar(50) NOT NULL,
  `note_type` varchar(46) NOT NULL,
  `note` text NOT NULL,
  `created` datetime NOT NULL,
  PRIMARY KEY (`id`),
  KEY `clientcase_id` (`clientcase_id`),
  KEY `user_id` (`user_id`)
) ENGINE=InnoDB  DEFAULT CHARSET=latin1 AUTO_INCREMENT=38 ;

--
-- Dumping data for table `casenotes`
--

INSERT INTO `casenotes` (`id`, `clientcase_id`, `user_id`, `subject`, `note_type`, `note`, `created`) VALUES
(1, 424, 1, 'Test', 'Internal', 'sfsdf', '2013-09-26 00:00:00'),
(2, 436, 444, 'Test1', 'Public', 'Testing notes', '2013-10-01 00:00:00'),
(3, 66, 1, 'Appointment', 'Internal', 'Date ...', '2013-10-01 00:00:00'),
(4, 66, 1, 'Testing5', 'Public', 'dfgdfg', '2013-10-06 00:00:00'),
(5, 436, 1, 'Testing4', 'Public', 'dgdfgdfg', '2013-10-06 00:00:00'),
(6, 66, 1, 'Testing3', 'Public', 'grdrgdrg', '2013-10-06 00:00:00'),
(7, 436, 1, 'Testing2', 'Public', 'asdasdasd', '2013-10-06 00:00:00'),
(8, 66, 1, 'Testing1', 'Public', 'sfsdf', '2013-10-06 00:00:00'),
(9, 436, 1, 'Testing0', 'Internal', 'sfsdfsdf', '2013-10-06 00:00:00'),
(10, 66, 1, 'Testing length', 'Public', 'sdfkjs sdlfkj sdlfkj sdf lksdf l;kjsdf lkjsdf lsjd fwl wer topiwer lkj wero9i uwer pouj wer pou erp wepori wepro iw pwoeir wpeori we rpowi erpowie rwer pwoeri wpeoriwe ripwer opwerp w erjkwperi wpwpeoriw ieri wp pwoer  wpowe r pow power p ower power powe rpo werpo werp ower pwer opwer powr poerw power power power wpoer power owepor weorp wepor pwer opwer opwerp o w3erpo werpo werpo werpo werp ower', '2013-10-07 00:00:00'),
(11, 424, 1, 'Testing 2', 'Internal', 'sdfsdf', '2013-10-08 00:00:00'),
(12, 424, 1, 'sdfsdfsdf', 'Public', 'sdfsdf', '2013-10-08 00:00:00'),
(13, 66, 1, 'sefsef', 'Internal', 'sefsef', '2013-10-15 00:00:00'),
(14, 403, 1, 'testnote', 'Public', 'drgdrgdrgdrg  seof  aoie weioj paoiwj poiawe jfiopwje fa[ioje f[09wejf[0ewf09i wj[e0fj [w09ejf 09wej f0w9[ej f0 9wejfipowjf [wejf [wiosef [woiejf [iopwejf [oiwejf we', '2013-10-21 23:56:30'),
(15, 403, 1, 'testnote2', 'Internal', 'sefsefs sef sef ', '2013-10-21 23:58:24'),
(16, 403, 1, 'test', 'Public', 'sdf sdf ''sdf sdd;klfspo''df psfj s[dfj s[difj s[idfj [spoidjf[spodfk sdf sdf sdf sdf sdf sdf sdf sdf sdf sdf ', '2013-10-21 23:58:44'),
(17, 424, 1, 'dgdfg', 'Internal', 'dfgdfg drg dfg ', '2013-10-22 00:00:07'),
(18, 424, 1, 'ert', 'Public', 'dfgdf gdfg dfg ', '2013-10-22 00:00:17'),
(19, 436, 444, 'rert', 'Public', 'ertegsdgdfg', '2013-10-22 10:08:52'),
(20, 66, 1, 'Testing public', 'Public', 'Testing', '2013-10-22 17:13:15'),
(21, 66, 1, 'Test2', 'Public', 'Testing public email', '2013-10-22 17:17:19'),
(22, 424, 1, 'Testing the lopsided', 'Public', 'This is a test note', '2013-10-22 21:17:03'),
(23, 451, 1, 'Client Update', 'Internal', 'Test message for staff', '2013-10-22 21:43:49'),
(24, 454, 461, 'Test', 'Public', 'Test note blah blah blah', '2013-10-22 22:12:11'),
(25, 436, 444, 'test', 'Public', 'asdfasfd', '2013-10-23 06:25:00'),
(26, 424, 1, 'test', 'Public', 'test', '2013-10-23 07:31:07'),
(27, 424, 1, 'test', 'Public', 'test', '2013-10-23 07:54:55'),
(28, 424, 1, 'test', 'Public', 'test', '2013-10-23 08:11:48'),
(29, 424, 1, 'sdf', 'Public', 'sdfsdf', '2013-10-23 08:40:39'),
(30, 424, 1, 'sdf', 'Public', 'sdfsdf', '2013-10-23 08:47:49'),
(31, 424, 1, 'sdf', 'Public', 'sdfsdf', '2013-10-23 08:52:00'),
(32, 424, 1, 'hm ,g ', 'Internal', 'tkcuv', '2013-10-24 19:05:02'),
(33, 424, 1, 'ssesesese', 'Public', 'sesesese essesese', '2013-10-25 17:30:26'),
(34, 66, 1, 'Cabbaggio', 'Internal', 'This note is top secret because the client is an arsehole.', '2013-10-25 19:29:57'),
(35, 66, 1, 'Public note testing', 'Public', 'Client can see this.', '2013-10-25 19:30:18'),
(36, 424, 1, 'Poland', 'Internal', 'Internal tubing for carrots', '2013-10-25 19:41:37'),
(37, 424, 1, 'Pooland', 'Public', 'Blue beret', '2013-10-25 19:42:08');

-- --------------------------------------------------------

--
-- Table structure for table `casestatuses`
--

CREATE TABLE IF NOT EXISTS `casestatuses` (
  `id` int(11) NOT NULL AUTO_INCREMENT,
  `clientcase_id` int(11) DEFAULT NULL,
  `status_id` int(11) DEFAULT NULL,
  `date_updated` datetime DEFAULT NULL,
  `employee_id` int(10) DEFAULT NULL,
  PRIMARY KEY (`id`),
  KEY `clientcase_id` (`clientcase_id`),
  KEY `status_id` (`status_id`)
) ENGINE=InnoDB  DEFAULT CHARSET=latin1 AUTO_INCREMENT=39 ;

--
-- Dumping data for table `casestatuses`
--

INSERT INTO `casestatuses` (`id`, `clientcase_id`, `status_id`, `date_updated`, `employee_id`) VALUES
(1, 424, 8, '2013-09-29 00:00:00', 6),
(2, 424, 6, '2013-09-30 00:00:00', 6),
(3, 424, 6, '2013-09-30 00:00:00', 6),
(4, 424, 7, '2013-09-30 00:00:00', 6),
(5, NULL, 7, '2013-09-30 00:00:00', NULL),
(6, NULL, 10, '2013-09-30 00:00:00', NULL),
(7, NULL, 4, '2013-09-30 00:00:00', NULL),
(8, 424, 7, '2013-09-30 00:00:00', 6),
(9, 424, 9, '2013-09-30 00:00:00', 6),
(10, 424, 10, '2013-09-30 00:00:00', 6),
(11, 424, 5, '2013-09-30 00:00:00', 6),
(12, 424, 5, '2013-09-30 00:00:00', 6),
(13, 424, 4, '2013-09-30 00:00:00', 6),
(14, 424, 9, '2013-09-30 00:00:00', 6),
(15, 424, 2, '2013-10-01 07:09:16', 6),
(16, 424, 6, '2013-10-01 07:12:07', 6),
(17, 424, 4, '2013-10-01 10:25:47', 6),
(18, 424, 6, '2013-10-01 10:26:53', 6),
(19, 436, 1, '2013-10-01 12:05:23', 6),
(20, 436, 2, '2013-10-01 08:56:35', 6),
(21, 424, 6, '2013-10-01 09:25:06', 6),
(22, 68, 6, '2013-10-01 10:46:52', 6),
(23, 436, 3, '2013-10-04 01:24:57', 6),
(24, 423, 2, '2013-10-05 10:57:43', 6),
(25, 67, 9, '2013-10-05 11:52:37', 6),
(26, 446, 1, NULL, NULL),
(27, 451, 1, NULL, NULL),
(28, 451, 7, '2013-10-22 09:40:52', 6),
(29, 451, 8, '2013-10-22 09:41:11', 6),
(30, 454, 1, NULL, NULL),
(31, 424, 4, '2013-10-23 08:32:32', 6),
(32, 455, 1, NULL, NULL),
(33, 457, 1, NULL, NULL),
(34, 458, 1, NULL, NULL),
(35, 459, 1, NULL, NULL),
(36, 461, 1, NULL, NULL),
(37, 462, 1, NULL, NULL),
(38, 463, 1, NULL, NULL);

-- --------------------------------------------------------

--
-- Table structure for table `clientcases`
--

CREATE TABLE IF NOT EXISTS `clientcases` (
  `id` int(12) NOT NULL AUTO_INCREMENT,
  `user_id` int(11) NOT NULL DEFAULT '0',
  `archive_id` int(12) DEFAULT NULL,
  `status_id` int(12) DEFAULT NULL,
  `applicant_id` int(12) DEFAULT NULL,
  `open_or_closed` varchar(12) DEFAULT NULL,
  `existing_family` text,
  `contact_method` varchar(150) NOT NULL,
  `appointment_date` datetime DEFAULT NULL,
  `born_in_poland` varchar(12) DEFAULT NULL,
  `spouse_nationality` varchar(12) DEFAULT NULL,
  `nationality_of_parents` varchar(64) DEFAULT NULL,
  `mother_name` varchar(30) DEFAULT NULL,
  `father_name` varchar(30) DEFAULT NULL,
  `nationality_of_grandparents` varchar(200) DEFAULT NULL,
  `mat_grandmother_name` varchar(30) DEFAULT NULL,
  `mat_grandfather_name` varchar(30) DEFAULT NULL,
  `pat_grandmother_name` varchar(30) DEFAULT NULL,
  `pat_grandfather_name` varchar(30) DEFAULT NULL,
  `nationality_of_others` text,
  `serve_in_army` varchar(12) DEFAULT NULL,
  `serve_in_army_info` text,
  `when_left_poland` varchar(400) DEFAULT NULL,
  `where_left_poland` varchar(400) DEFAULT NULL,
  `where_left_poland_other` text,
  `have_passport` varchar(12) DEFAULT NULL,
  `possess_documents` varchar(12) DEFAULT NULL,
  `possess_documents_types` varchar(400) DEFAULT NULL,
  `possess_documents_other` text,
  `other_factors` varchar(200) DEFAULT NULL,
  `brief_history` text NOT NULL,
  `created` datetime DEFAULT NULL,
  `modified` datetime DEFAULT NULL,
  PRIMARY KEY (`id`),
  KEY `user_id` (`user_id`),
  KEY `archive_id` (`archive_id`),
  KEY `status_id` (`status_id`),
  KEY `applicant_id` (`applicant_id`)
) ENGINE=InnoDB  DEFAULT CHARSET=latin1 AUTO_INCREMENT=464 ;

--
-- Dumping data for table `clientcases`
--

INSERT INTO `clientcases` (`id`, `user_id`, `archive_id`, `status_id`, `applicant_id`, `open_or_closed`, `existing_family`, `contact_method`, `appointment_date`, `born_in_poland`, `spouse_nationality`, `nationality_of_parents`, `mother_name`, `father_name`, `nationality_of_grandparents`, `mat_grandmother_name`, `mat_grandfather_name`, `pat_grandmother_name`, `pat_grandfather_name`, `nationality_of_others`, `serve_in_army`, `serve_in_army_info`, `when_left_poland`, `where_left_poland`, `where_left_poland_other`, `have_passport`, `possess_documents`, `possess_documents_types`, `possess_documents_other`, `other_factors`, `brief_history`, `created`, `modified`) VALUES
(66, 66, 1, 11, 66, 'Open', NULL, '', '2013-10-20 00:01:00', NULL, NULL, NULL, NULL, NULL, NULL, NULL, NULL, NULL, NULL, NULL, NULL, NULL, NULL, NULL, NULL, NULL, NULL, NULL, NULL, NULL, '', '2012-10-29 00:00:00', '2013-10-24 01:15:49'),
(67, 67, 2, 9, 67, 'Open', NULL, '', NULL, NULL, NULL, NULL, NULL, NULL, NULL, NULL, NULL, NULL, NULL, NULL, NULL, NULL, NULL, NULL, NULL, NULL, NULL, NULL, NULL, NULL, '', '2013-03-12 00:00:00', '2013-10-05 23:52:53'),
(68, 68, 3, 11, 68, 'Open', NULL, '', NULL, NULL, NULL, NULL, NULL, NULL, NULL, NULL, NULL, NULL, NULL, NULL, NULL, NULL, NULL, NULL, NULL, NULL, NULL, NULL, NULL, NULL, '', '2012-10-29 00:00:00', '2012-08-22 00:00:00'),
(69, 69, 5, 11, 69, 'Open', NULL, '', NULL, NULL, NULL, NULL, NULL, NULL, NULL, NULL, NULL, NULL, NULL, NULL, NULL, NULL, NULL, NULL, NULL, NULL, NULL, NULL, NULL, NULL, '', '2012-10-29 00:00:00', '2013-10-24 00:03:00'),
(70, 70, 5, 11, 70, 'Open', NULL, '', '2013-10-30 00:00:00', NULL, NULL, NULL, NULL, NULL, NULL, NULL, NULL, NULL, NULL, NULL, NULL, NULL, NULL, NULL, NULL, NULL, NULL, NULL, NULL, NULL, '', '2012-10-31 00:00:00', '2013-10-22 20:56:30'),
(71, 71, 6, 11, 71, 'Open', NULL, '', '2013-10-15 00:00:00', NULL, NULL, NULL, NULL, NULL, NULL, NULL, NULL, NULL, NULL, NULL, NULL, NULL, NULL, NULL, NULL, NULL, NULL, NULL, NULL, NULL, '', '2012-10-31 00:00:00', '2013-10-22 01:11:05'),
(72, 72, 7, 10, 448, 'Closed', NULL, '', NULL, NULL, NULL, NULL, NULL, NULL, NULL, NULL, NULL, NULL, NULL, NULL, NULL, NULL, NULL, NULL, NULL, NULL, NULL, NULL, NULL, NULL, '', '2012-11-02 00:00:00', '2013-11-21 19:16:13'),
(73, 73, 8, 11, 73, 'Open', NULL, '', NULL, NULL, NULL, NULL, NULL, NULL, NULL, NULL, NULL, NULL, NULL, NULL, NULL, NULL, NULL, NULL, NULL, NULL, NULL, NULL, NULL, NULL, '', '2012-11-02 00:00:00', '2013-10-22 09:39:00'),
(74, 74, 9, 11, 74, 'Open', NULL, '', NULL, NULL, NULL, NULL, NULL, NULL, NULL, NULL, NULL, NULL, NULL, NULL, NULL, NULL, NULL, NULL, NULL, NULL, NULL, NULL, NULL, NULL, '', '2012-11-09 00:00:00', '2012-11-09 00:00:00'),
(75, 75, 9, 10, 75, 'Open', NULL, '', NULL, NULL, NULL, NULL, NULL, NULL, NULL, NULL, NULL, NULL, NULL, NULL, NULL, NULL, NULL, NULL, NULL, NULL, NULL, NULL, NULL, NULL, '', '2012-11-09 00:00:00', '2013-10-23 23:50:52'),
(76, 76, 11, 11, 76, 'Open', NULL, '', NULL, NULL, NULL, NULL, NULL, NULL, NULL, NULL, NULL, NULL, NULL, NULL, NULL, NULL, NULL, NULL, NULL, NULL, NULL, NULL, NULL, NULL, '', '2013-03-20 00:00:00', '2013-03-08 00:00:00'),
(77, 77, 12, 10, 77, 'Open', NULL, '', NULL, NULL, NULL, NULL, NULL, NULL, NULL, NULL, NULL, NULL, NULL, NULL, NULL, NULL, NULL, NULL, NULL, NULL, NULL, NULL, NULL, NULL, '', '2012-11-12 00:00:00', '2012-11-12 00:00:00'),
(78, 78, 13, 10, 78, 'Open', NULL, '', NULL, NULL, NULL, NULL, NULL, NULL, NULL, NULL, NULL, NULL, NULL, NULL, NULL, NULL, NULL, NULL, NULL, NULL, NULL, NULL, NULL, NULL, '', '2012-11-12 00:00:00', '2012-11-12 00:00:00'),
(79, 79, 14, 11, 79, 'Open', NULL, '', NULL, NULL, NULL, NULL, NULL, NULL, NULL, NULL, NULL, NULL, NULL, NULL, NULL, NULL, NULL, NULL, NULL, NULL, NULL, NULL, NULL, NULL, '', '2012-11-13 00:00:00', '2012-11-13 00:00:00'),
(80, 80, 15, 10, 80, 'Open', NULL, '', NULL, NULL, NULL, NULL, NULL, NULL, NULL, NULL, NULL, NULL, NULL, NULL, NULL, NULL, NULL, NULL, NULL, NULL, NULL, NULL, NULL, NULL, '', '2012-11-13 00:00:00', '2012-11-13 00:00:00'),
(81, 81, 16, 10, 81, 'Open', NULL, '', NULL, NULL, NULL, NULL, NULL, NULL, NULL, NULL, NULL, NULL, NULL, NULL, NULL, NULL, NULL, NULL, NULL, NULL, NULL, NULL, NULL, NULL, '', '2012-11-13 00:00:00', '2012-11-13 00:00:00'),
(82, 82, 17, 10, 82, 'Open', NULL, '', NULL, NULL, NULL, NULL, NULL, NULL, NULL, NULL, NULL, NULL, NULL, NULL, NULL, NULL, NULL, NULL, NULL, NULL, NULL, NULL, NULL, NULL, '', '2012-11-14 00:00:00', '2012-11-14 00:00:00'),
(83, 83, 18, 10, 83, 'Closed', NULL, '', NULL, NULL, NULL, NULL, NULL, NULL, NULL, NULL, NULL, NULL, NULL, NULL, NULL, NULL, NULL, NULL, NULL, NULL, NULL, NULL, NULL, NULL, '', '2012-11-14 00:00:00', NULL),
(85, 85, 19, 10, 85, 'Open', NULL, '', NULL, NULL, NULL, NULL, NULL, NULL, NULL, NULL, NULL, NULL, NULL, NULL, NULL, NULL, NULL, NULL, NULL, NULL, NULL, NULL, NULL, NULL, '', '2012-11-15 00:00:00', '2012-11-15 00:00:00'),
(86, 86, 242, 11, 86, 'Open', NULL, '', NULL, NULL, NULL, NULL, NULL, NULL, NULL, NULL, NULL, NULL, NULL, NULL, NULL, NULL, NULL, NULL, NULL, NULL, NULL, NULL, NULL, NULL, '', '2012-11-15 00:00:00', '2013-10-24 04:29:40'),
(87, 87, 21, 10, 87, 'Open', NULL, '', NULL, NULL, NULL, NULL, NULL, NULL, NULL, NULL, NULL, NULL, NULL, NULL, NULL, NULL, NULL, NULL, NULL, NULL, NULL, NULL, NULL, NULL, '', '2012-11-16 00:00:00', '2012-11-16 00:00:00'),
(88, 88, 22, 10, 88, 'Open', NULL, '', NULL, NULL, NULL, NULL, NULL, NULL, NULL, NULL, NULL, NULL, NULL, NULL, NULL, NULL, NULL, NULL, NULL, NULL, NULL, NULL, NULL, NULL, '', '2012-11-16 00:00:00', '2013-03-08 00:00:00'),
(89, 89, 23, 10, 89, 'Open', NULL, '', NULL, NULL, NULL, NULL, NULL, NULL, NULL, NULL, NULL, NULL, NULL, NULL, NULL, NULL, NULL, NULL, NULL, NULL, NULL, NULL, NULL, NULL, '', '2012-11-16 00:00:00', '2012-11-16 00:00:00'),
(90, 90, 24, 10, 90, 'Open', NULL, '', NULL, NULL, NULL, NULL, NULL, NULL, NULL, NULL, NULL, NULL, NULL, NULL, NULL, NULL, NULL, NULL, NULL, NULL, NULL, NULL, NULL, NULL, '', '2012-11-19 00:00:00', '2012-11-19 00:00:00'),
(91, 91, 25, 10, 91, 'Open', NULL, '', NULL, NULL, NULL, NULL, NULL, NULL, NULL, NULL, NULL, NULL, NULL, NULL, NULL, NULL, NULL, NULL, NULL, NULL, NULL, NULL, NULL, NULL, '', '2012-11-19 00:00:00', '2012-11-19 00:00:00'),
(92, 92, 243, 10, 92, 'Open', NULL, '', NULL, NULL, NULL, NULL, NULL, NULL, NULL, NULL, NULL, NULL, NULL, NULL, NULL, NULL, NULL, NULL, NULL, NULL, NULL, NULL, NULL, NULL, '', '2012-11-20 00:00:00', '2013-10-24 04:33:56'),
(93, 93, 244, 10, 93, 'Open', NULL, '', NULL, NULL, NULL, NULL, NULL, NULL, NULL, NULL, NULL, NULL, NULL, NULL, NULL, NULL, NULL, NULL, NULL, NULL, NULL, NULL, NULL, NULL, '', '2012-11-28 00:00:00', '2013-10-25 17:25:32'),
(94, 94, 20, 10, 94, 'Open', NULL, '', NULL, NULL, NULL, NULL, NULL, NULL, NULL, NULL, NULL, NULL, NULL, NULL, NULL, NULL, NULL, NULL, NULL, NULL, NULL, NULL, NULL, NULL, '', '2012-11-29 00:00:00', '2012-11-29 00:00:00'),
(95, 95, 20, 10, 95, 'Open', NULL, '', NULL, NULL, NULL, NULL, NULL, NULL, NULL, NULL, NULL, NULL, NULL, NULL, NULL, NULL, NULL, NULL, NULL, NULL, NULL, NULL, NULL, NULL, '', '2012-11-29 00:00:00', '2012-11-29 00:00:00'),
(96, 96, 244, 10, 96, 'Open', NULL, '', NULL, NULL, NULL, NULL, NULL, NULL, NULL, NULL, NULL, NULL, NULL, NULL, NULL, NULL, NULL, NULL, NULL, NULL, NULL, NULL, NULL, NULL, '', '2012-11-29 00:00:00', '2013-10-25 17:27:47'),
(97, 97, 26, 10, 97, 'Open', NULL, '', NULL, NULL, NULL, NULL, NULL, NULL, NULL, NULL, NULL, NULL, NULL, NULL, NULL, NULL, NULL, NULL, NULL, NULL, NULL, NULL, NULL, NULL, '', '2012-11-29 00:00:00', '2012-11-29 00:00:00'),
(98, 98, 20, 10, 98, 'Open', NULL, '', NULL, NULL, NULL, NULL, NULL, NULL, NULL, NULL, NULL, NULL, NULL, NULL, NULL, NULL, NULL, NULL, NULL, NULL, NULL, NULL, NULL, NULL, '', '2012-11-29 00:00:00', '2012-11-29 00:00:00'),
(99, 99, 20, 10, 99, 'Open', NULL, '', NULL, NULL, NULL, NULL, NULL, NULL, NULL, NULL, NULL, NULL, NULL, NULL, NULL, NULL, NULL, NULL, NULL, NULL, NULL, NULL, NULL, NULL, '', '2012-11-29 00:00:00', '2012-11-29 00:00:00'),
(100, 100, 20, 10, 100, 'Open', NULL, '', NULL, NULL, NULL, NULL, NULL, NULL, NULL, NULL, NULL, NULL, NULL, NULL, NULL, NULL, NULL, NULL, NULL, NULL, NULL, NULL, NULL, NULL, '', '2012-11-29 00:00:00', '2012-11-29 00:00:00'),
(101, 101, 20, 10, 101, 'Open', NULL, '', NULL, NULL, NULL, NULL, NULL, NULL, NULL, NULL, NULL, NULL, NULL, NULL, NULL, NULL, NULL, NULL, NULL, NULL, NULL, NULL, NULL, NULL, '', '2012-11-29 00:00:00', '2012-11-29 00:00:00'),
(102, 102, 20, 10, 102, 'Open', NULL, '', NULL, NULL, NULL, NULL, NULL, NULL, NULL, NULL, NULL, NULL, NULL, NULL, NULL, NULL, NULL, NULL, NULL, NULL, NULL, NULL, NULL, NULL, '', '2012-11-29 00:00:00', '2012-11-29 00:00:00'),
(103, 103, 20, 10, 103, 'Open', NULL, '', NULL, NULL, NULL, NULL, NULL, NULL, NULL, NULL, NULL, NULL, NULL, NULL, NULL, NULL, NULL, NULL, NULL, NULL, NULL, NULL, NULL, NULL, '', '2012-11-29 00:00:00', '2012-11-29 00:00:00'),
(104, 104, 20, 10, 104, 'Open', NULL, '', NULL, NULL, NULL, NULL, NULL, NULL, NULL, NULL, NULL, NULL, NULL, NULL, NULL, NULL, NULL, NULL, NULL, NULL, NULL, NULL, NULL, NULL, '', '2012-11-29 00:00:00', '2012-11-29 00:00:00'),
(105, 105, 20, 10, 105, 'Open', NULL, '', NULL, NULL, NULL, NULL, NULL, NULL, NULL, NULL, NULL, NULL, NULL, NULL, NULL, NULL, NULL, NULL, NULL, NULL, NULL, NULL, NULL, NULL, '', '2012-11-29 00:00:00', '2013-03-20 00:00:00'),
(106, 106, 20, 10, 106, 'Open', NULL, '', NULL, NULL, NULL, NULL, NULL, NULL, NULL, NULL, NULL, NULL, NULL, NULL, NULL, NULL, NULL, NULL, NULL, NULL, NULL, NULL, NULL, NULL, '', '2012-11-29 00:00:00', '2012-11-29 00:00:00'),
(107, 107, 20, 10, 107, 'Open', NULL, '', NULL, NULL, NULL, NULL, NULL, NULL, NULL, NULL, NULL, NULL, NULL, NULL, NULL, NULL, NULL, NULL, NULL, NULL, NULL, NULL, NULL, NULL, '', '2012-11-30 00:00:00', '2012-11-30 00:00:00'),
(108, 108, 20, 10, 108, 'Open', NULL, '', NULL, NULL, NULL, NULL, NULL, NULL, NULL, NULL, NULL, NULL, NULL, NULL, NULL, NULL, NULL, NULL, NULL, NULL, NULL, NULL, NULL, NULL, '', '2012-12-03 00:00:00', '2012-12-03 00:00:00'),
(110, 110, 20, 10, 110, 'Open', NULL, '', NULL, NULL, NULL, NULL, NULL, NULL, NULL, NULL, NULL, NULL, NULL, NULL, NULL, NULL, NULL, NULL, NULL, NULL, NULL, NULL, NULL, NULL, '', '2012-12-03 00:00:00', '2012-12-03 00:00:00'),
(111, 111, 27, 11, 111, 'Open', NULL, '', NULL, NULL, NULL, NULL, NULL, NULL, NULL, NULL, NULL, NULL, NULL, NULL, NULL, NULL, NULL, NULL, NULL, NULL, NULL, NULL, NULL, NULL, '', '2012-12-03 00:00:00', '2012-12-03 00:00:00'),
(112, 112, 20, 10, 112, 'Open', NULL, '', NULL, NULL, NULL, NULL, NULL, NULL, NULL, NULL, NULL, NULL, NULL, NULL, NULL, NULL, NULL, NULL, NULL, NULL, NULL, NULL, NULL, NULL, '', '2012-12-06 00:00:00', '2012-12-06 00:00:00'),
(113, 113, 20, 10, 113, 'Open', NULL, '', NULL, NULL, NULL, NULL, NULL, NULL, NULL, NULL, NULL, NULL, NULL, NULL, NULL, NULL, NULL, NULL, NULL, NULL, NULL, NULL, NULL, NULL, '', '2012-12-06 00:00:00', '2012-12-06 00:00:00'),
(114, 114, 20, 10, 114, 'Open', NULL, '', NULL, NULL, NULL, NULL, NULL, NULL, NULL, NULL, NULL, NULL, NULL, NULL, NULL, NULL, NULL, NULL, NULL, NULL, NULL, NULL, NULL, NULL, '', '2012-12-07 00:00:00', '2012-12-07 00:00:00'),
(115, 115, 20, 10, 115, 'Closed', NULL, '', NULL, NULL, NULL, NULL, NULL, NULL, NULL, NULL, NULL, NULL, NULL, NULL, NULL, NULL, NULL, NULL, NULL, NULL, NULL, NULL, NULL, NULL, '', '2012-12-10 00:00:00', '2012-12-10 00:00:00'),
(116, 116, 20, 10, 116, 'Open', NULL, '', NULL, NULL, NULL, NULL, NULL, NULL, NULL, NULL, NULL, NULL, NULL, NULL, NULL, NULL, NULL, NULL, NULL, NULL, NULL, NULL, NULL, NULL, '', '2012-12-10 00:00:00', '2012-12-10 00:00:00'),
(117, 117, 20, 10, 117, 'Open', NULL, '', NULL, NULL, NULL, NULL, NULL, NULL, NULL, NULL, NULL, NULL, NULL, NULL, NULL, NULL, NULL, NULL, NULL, NULL, NULL, NULL, NULL, NULL, '', '2012-12-10 00:00:00', '2012-12-10 00:00:00'),
(118, 118, 20, 10, 118, 'Closed', NULL, '', NULL, NULL, NULL, NULL, NULL, NULL, NULL, NULL, NULL, NULL, NULL, NULL, NULL, NULL, NULL, NULL, NULL, NULL, NULL, NULL, NULL, NULL, '', '2012-12-12 00:00:00', '2012-12-12 00:00:00'),
(119, 119, 20, 10, 119, 'Open', NULL, '', NULL, NULL, NULL, NULL, NULL, NULL, NULL, NULL, NULL, NULL, NULL, NULL, NULL, NULL, NULL, NULL, NULL, NULL, NULL, NULL, NULL, NULL, '', '2012-12-12 00:00:00', '2012-12-12 00:00:00'),
(120, 120, 20, 10, 120, 'Open', NULL, '', NULL, NULL, NULL, NULL, NULL, NULL, NULL, NULL, NULL, NULL, NULL, NULL, NULL, NULL, NULL, NULL, NULL, NULL, NULL, NULL, NULL, NULL, '', '2012-12-12 00:00:00', '2012-12-12 00:00:00'),
(122, 122, 20, 10, 122, 'Open', NULL, '', NULL, NULL, NULL, NULL, NULL, NULL, NULL, NULL, NULL, NULL, NULL, NULL, NULL, NULL, NULL, NULL, NULL, NULL, NULL, NULL, NULL, NULL, '', '2012-12-12 00:00:00', '2012-12-12 00:00:00'),
(123, 123, 28, 10, 123, 'On hold', NULL, '', NULL, NULL, NULL, NULL, NULL, NULL, NULL, NULL, NULL, NULL, NULL, NULL, NULL, NULL, NULL, NULL, NULL, NULL, NULL, NULL, NULL, NULL, '', '2012-12-12 00:00:00', '2012-12-12 00:00:00'),
(124, 124, 20, 10, 124, 'Open', NULL, '', NULL, NULL, NULL, NULL, NULL, NULL, NULL, NULL, NULL, NULL, NULL, NULL, NULL, NULL, NULL, NULL, NULL, NULL, NULL, NULL, NULL, NULL, '', '2012-12-13 00:00:00', '2012-12-13 00:00:00'),
(125, 125, 29, 10, 125, 'Open', NULL, '', NULL, NULL, NULL, NULL, NULL, NULL, NULL, NULL, NULL, NULL, NULL, NULL, NULL, NULL, NULL, NULL, NULL, NULL, NULL, NULL, NULL, NULL, '', '2013-01-07 00:00:00', NULL),
(129, 129, 30, 11, 129, 'On hold', NULL, '', NULL, NULL, NULL, NULL, NULL, NULL, NULL, NULL, NULL, NULL, NULL, NULL, NULL, NULL, NULL, NULL, NULL, NULL, NULL, NULL, NULL, NULL, '', '2013-01-07 00:00:00', NULL),
(130, 130, 31, 10, 130, 'Open', NULL, '', NULL, NULL, NULL, NULL, NULL, NULL, NULL, NULL, NULL, NULL, NULL, NULL, NULL, NULL, NULL, NULL, NULL, NULL, NULL, NULL, NULL, NULL, '', '2013-01-07 00:00:00', NULL),
(131, 131, 32, 11, 131, 'Open', NULL, '', NULL, NULL, NULL, NULL, NULL, NULL, NULL, NULL, NULL, NULL, NULL, NULL, NULL, NULL, NULL, NULL, NULL, NULL, NULL, NULL, NULL, NULL, '', '2013-01-07 00:00:00', NULL),
(132, 132, 32, 11, 132, 'Open', NULL, '', NULL, NULL, NULL, NULL, NULL, NULL, NULL, NULL, NULL, NULL, NULL, NULL, NULL, NULL, NULL, NULL, NULL, NULL, NULL, NULL, NULL, NULL, '', '2013-01-07 00:00:00', NULL),
(133, 133, 33, 10, 133, 'Open', NULL, '', NULL, NULL, NULL, NULL, NULL, NULL, NULL, NULL, NULL, NULL, NULL, NULL, NULL, NULL, NULL, NULL, NULL, NULL, NULL, NULL, NULL, NULL, '', '2013-01-07 00:00:00', NULL),
(134, 134, 34, 10, 134, 'Open', NULL, '', NULL, NULL, NULL, NULL, NULL, NULL, NULL, NULL, NULL, NULL, NULL, NULL, NULL, NULL, NULL, NULL, NULL, NULL, NULL, NULL, NULL, NULL, '', '2013-01-07 00:00:00', NULL),
(135, 135, 35, 10, 135, 'Open', NULL, '', NULL, NULL, NULL, NULL, NULL, NULL, NULL, NULL, NULL, NULL, NULL, NULL, NULL, NULL, NULL, NULL, NULL, NULL, NULL, NULL, NULL, NULL, '', '2013-01-08 00:00:00', NULL),
(136, 136, 36, 10, 136, 'Open', NULL, '', NULL, NULL, NULL, NULL, NULL, NULL, NULL, NULL, NULL, NULL, NULL, NULL, NULL, NULL, NULL, NULL, NULL, NULL, NULL, NULL, NULL, NULL, '', '2013-01-08 00:00:00', NULL),
(137, 137, 20, 10, 137, 'Open', NULL, '', NULL, NULL, NULL, NULL, NULL, NULL, NULL, NULL, NULL, NULL, NULL, NULL, NULL, NULL, NULL, NULL, NULL, NULL, NULL, NULL, NULL, NULL, '', '2013-01-08 00:00:00', NULL),
(138, 138, 37, 11, 138, 'Open', NULL, '', NULL, NULL, NULL, NULL, NULL, NULL, NULL, NULL, NULL, NULL, NULL, NULL, NULL, NULL, NULL, NULL, NULL, NULL, NULL, NULL, NULL, NULL, '', '2013-01-08 00:00:00', NULL),
(139, 139, 20, 10, 139, 'Open', NULL, '', NULL, NULL, NULL, NULL, NULL, NULL, NULL, NULL, NULL, NULL, NULL, NULL, NULL, NULL, NULL, NULL, NULL, NULL, NULL, NULL, NULL, NULL, '', '2013-01-09 00:00:00', NULL),
(140, 140, 38, 10, 140, 'Open', NULL, '', NULL, NULL, NULL, NULL, NULL, NULL, NULL, NULL, NULL, NULL, NULL, NULL, NULL, NULL, NULL, NULL, NULL, NULL, NULL, NULL, NULL, NULL, '', '2013-01-09 00:00:00', NULL),
(142, 142, 39, 10, 142, 'Open', NULL, '', NULL, NULL, NULL, NULL, NULL, NULL, NULL, NULL, NULL, NULL, NULL, NULL, NULL, NULL, NULL, NULL, NULL, NULL, NULL, NULL, NULL, NULL, '', '2013-01-09 00:00:00', NULL),
(143, 143, 40, 10, 143, 'Open', NULL, '', NULL, NULL, NULL, NULL, NULL, NULL, NULL, NULL, NULL, NULL, NULL, NULL, NULL, NULL, NULL, NULL, NULL, NULL, NULL, NULL, NULL, NULL, '', '2013-01-09 00:00:00', NULL),
(144, 144, 41, 10, 144, 'Open', NULL, '', NULL, NULL, NULL, NULL, NULL, NULL, NULL, NULL, NULL, NULL, NULL, NULL, NULL, NULL, NULL, NULL, NULL, NULL, NULL, NULL, NULL, NULL, '', '2013-01-10 00:00:00', NULL),
(145, 145, 42, 10, 145, 'Open', NULL, '', NULL, NULL, NULL, NULL, NULL, NULL, NULL, NULL, NULL, NULL, NULL, NULL, NULL, NULL, NULL, NULL, NULL, NULL, NULL, NULL, NULL, NULL, '', '2013-01-10 00:00:00', NULL),
(146, 146, 43, 10, 146, 'Open', NULL, '', NULL, NULL, NULL, NULL, NULL, NULL, NULL, NULL, NULL, NULL, NULL, NULL, NULL, NULL, NULL, NULL, NULL, NULL, NULL, NULL, NULL, NULL, '', '2013-01-11 00:00:00', NULL),
(147, 147, 44, 10, 147, 'On hold', NULL, '', NULL, NULL, NULL, NULL, NULL, NULL, NULL, NULL, NULL, NULL, NULL, NULL, NULL, NULL, NULL, NULL, NULL, NULL, NULL, NULL, NULL, NULL, '', '2013-01-11 00:00:00', NULL),
(148, 148, 45, 11, 148, 'Open', NULL, '', NULL, NULL, NULL, NULL, NULL, NULL, NULL, NULL, NULL, NULL, NULL, NULL, NULL, NULL, NULL, NULL, NULL, NULL, NULL, NULL, NULL, NULL, '', '2013-01-11 00:00:00', NULL),
(150, 150, 46, 10, 150, 'Open', NULL, '', NULL, NULL, NULL, NULL, NULL, NULL, NULL, NULL, NULL, NULL, NULL, NULL, NULL, NULL, NULL, NULL, NULL, NULL, NULL, NULL, NULL, NULL, '', '2013-01-11 00:00:00', NULL),
(151, 151, 20, 10, 151, 'Open', NULL, '', NULL, NULL, NULL, NULL, NULL, NULL, NULL, NULL, NULL, NULL, NULL, NULL, NULL, NULL, NULL, NULL, NULL, NULL, NULL, NULL, NULL, NULL, '', '2013-01-17 00:00:00', NULL),
(152, 152, 20, 10, 152, 'Open', NULL, '', NULL, NULL, NULL, NULL, NULL, NULL, NULL, NULL, NULL, NULL, NULL, NULL, NULL, NULL, NULL, NULL, NULL, NULL, NULL, NULL, NULL, NULL, '', '2013-01-17 00:00:00', NULL),
(154, 154, 47, 11, 154, 'Open', NULL, '', NULL, NULL, NULL, NULL, NULL, NULL, NULL, NULL, NULL, NULL, NULL, NULL, NULL, NULL, NULL, NULL, NULL, NULL, NULL, NULL, NULL, NULL, '', '2013-01-17 00:00:00', NULL),
(155, 155, 48, 10, 155, 'Open', NULL, '', NULL, NULL, NULL, NULL, NULL, NULL, NULL, NULL, NULL, NULL, NULL, NULL, NULL, NULL, NULL, NULL, NULL, NULL, NULL, NULL, NULL, NULL, '', '2013-01-17 00:00:00', NULL),
(156, 156, 49, 11, 156, 'Open', NULL, '', NULL, NULL, NULL, NULL, NULL, NULL, NULL, NULL, NULL, NULL, NULL, NULL, NULL, NULL, NULL, NULL, NULL, NULL, NULL, NULL, NULL, NULL, '', '2013-01-17 00:00:00', NULL),
(157, 157, 50, 10, 157, 'Open', NULL, '', NULL, NULL, NULL, NULL, NULL, NULL, NULL, NULL, NULL, NULL, NULL, NULL, NULL, NULL, NULL, NULL, NULL, NULL, NULL, NULL, NULL, NULL, '', '2013-01-17 00:00:00', NULL),
(158, 158, 51, 10, 158, 'Open', NULL, '', NULL, NULL, NULL, NULL, NULL, NULL, NULL, NULL, NULL, NULL, NULL, NULL, NULL, NULL, NULL, NULL, NULL, NULL, NULL, NULL, NULL, NULL, '', '2013-01-17 00:00:00', NULL),
(159, 159, 52, 10, 159, 'Open', NULL, '', NULL, NULL, NULL, NULL, NULL, NULL, NULL, NULL, NULL, NULL, NULL, NULL, NULL, NULL, NULL, NULL, NULL, NULL, NULL, NULL, NULL, NULL, '', '2013-01-17 00:00:00', NULL),
(160, 160, 53, 10, 160, 'Open', NULL, '', NULL, NULL, NULL, NULL, NULL, NULL, NULL, NULL, NULL, NULL, NULL, NULL, NULL, NULL, NULL, NULL, NULL, NULL, NULL, NULL, NULL, NULL, '', '2013-01-18 00:00:00', NULL),
(161, 161, 54, 10, 161, 'Open', NULL, '', NULL, NULL, NULL, NULL, NULL, NULL, NULL, NULL, NULL, NULL, NULL, NULL, NULL, NULL, NULL, NULL, NULL, NULL, NULL, NULL, NULL, NULL, '', '2013-01-18 00:00:00', NULL),
(162, 162, 55, 10, 162, 'Open', NULL, '', NULL, NULL, NULL, NULL, NULL, NULL, NULL, NULL, NULL, NULL, NULL, NULL, NULL, NULL, NULL, NULL, NULL, NULL, NULL, NULL, NULL, NULL, '', '2013-01-18 00:00:00', NULL),
(163, 163, 56, 10, 163, 'Open', NULL, '', NULL, NULL, NULL, NULL, NULL, NULL, NULL, NULL, NULL, NULL, NULL, NULL, NULL, NULL, NULL, NULL, NULL, NULL, NULL, NULL, NULL, NULL, '', '2013-01-18 00:00:00', NULL),
(164, 164, 57, 10, 164, 'Open', NULL, '', NULL, NULL, NULL, NULL, NULL, NULL, NULL, NULL, NULL, NULL, NULL, NULL, NULL, NULL, NULL, NULL, NULL, NULL, NULL, NULL, NULL, NULL, '', '2013-01-18 00:00:00', NULL),
(165, 165, 58, 10, 165, 'Open', NULL, '', NULL, NULL, NULL, NULL, NULL, NULL, NULL, NULL, NULL, NULL, NULL, NULL, NULL, NULL, NULL, NULL, NULL, NULL, NULL, NULL, NULL, NULL, '', '2013-01-18 00:00:00', NULL),
(166, 166, 59, 10, 166, 'Open', NULL, '', NULL, NULL, NULL, NULL, NULL, NULL, NULL, NULL, NULL, NULL, NULL, NULL, NULL, NULL, NULL, NULL, NULL, NULL, NULL, NULL, NULL, NULL, '', '2013-01-18 00:00:00', NULL),
(167, 167, 60, 10, 167, 'Open', NULL, '', NULL, NULL, NULL, NULL, NULL, NULL, NULL, NULL, NULL, NULL, NULL, NULL, NULL, NULL, NULL, NULL, NULL, NULL, NULL, NULL, NULL, NULL, '', '2013-01-18 00:00:00', '2013-03-08 00:00:00'),
(168, 168, 61, 10, 168, 'Open', NULL, '', NULL, NULL, NULL, NULL, NULL, NULL, NULL, NULL, NULL, NULL, NULL, NULL, NULL, NULL, NULL, NULL, NULL, NULL, NULL, NULL, NULL, NULL, '', '2013-01-18 00:00:00', NULL),
(169, 169, 62, 10, 169, 'Open', NULL, '', NULL, NULL, NULL, NULL, NULL, NULL, NULL, NULL, NULL, NULL, NULL, NULL, NULL, NULL, NULL, NULL, NULL, NULL, NULL, NULL, NULL, NULL, '', '2013-01-18 00:00:00', NULL),
(170, 170, 63, 10, 170, 'Open', NULL, '', NULL, NULL, NULL, NULL, NULL, NULL, NULL, NULL, NULL, NULL, NULL, NULL, NULL, NULL, NULL, NULL, NULL, NULL, NULL, NULL, NULL, NULL, '', '2013-01-18 00:00:00', NULL),
(171, 171, 64, 10, 171, 'Closed', NULL, '', NULL, NULL, NULL, NULL, NULL, NULL, NULL, NULL, NULL, NULL, NULL, NULL, NULL, NULL, NULL, NULL, NULL, NULL, NULL, NULL, NULL, NULL, '', '2013-01-18 00:00:00', NULL),
(172, 172, 65, 10, 172, 'Open', NULL, '', NULL, NULL, NULL, NULL, NULL, NULL, NULL, NULL, NULL, NULL, NULL, NULL, NULL, NULL, NULL, NULL, NULL, NULL, NULL, NULL, NULL, NULL, '', '2013-01-21 00:00:00', NULL),
(173, 173, 66, 11, 173, 'Open', NULL, '', NULL, NULL, NULL, NULL, NULL, NULL, NULL, NULL, NULL, NULL, NULL, NULL, NULL, NULL, NULL, NULL, NULL, NULL, NULL, NULL, NULL, NULL, '', '2013-01-21 00:00:00', NULL),
(174, 174, 67, 10, 174, 'Open', NULL, '', NULL, NULL, NULL, NULL, NULL, NULL, NULL, NULL, NULL, NULL, NULL, NULL, NULL, NULL, NULL, NULL, NULL, NULL, NULL, NULL, NULL, NULL, '', '2013-01-21 00:00:00', NULL),
(175, 175, 68, 10, 175, 'Open', NULL, '', NULL, NULL, NULL, NULL, NULL, NULL, NULL, NULL, NULL, NULL, NULL, NULL, NULL, NULL, NULL, NULL, NULL, NULL, NULL, NULL, NULL, NULL, '', '2013-01-21 00:00:00', NULL),
(176, 176, 69, 10, 176, 'Open', NULL, '', NULL, NULL, NULL, NULL, NULL, NULL, NULL, NULL, NULL, NULL, NULL, NULL, NULL, NULL, NULL, NULL, NULL, NULL, NULL, NULL, NULL, NULL, '', '2013-01-21 00:00:00', NULL),
(177, 177, 70, 10, 177, 'Open', NULL, '', NULL, NULL, NULL, NULL, NULL, NULL, NULL, NULL, NULL, NULL, NULL, NULL, NULL, NULL, NULL, NULL, NULL, NULL, NULL, NULL, NULL, NULL, '', '2013-01-22 00:00:00', NULL),
(178, 178, 71, 10, 178, 'Open', NULL, '', NULL, NULL, NULL, NULL, NULL, NULL, NULL, NULL, NULL, NULL, NULL, NULL, NULL, NULL, NULL, NULL, NULL, NULL, NULL, NULL, NULL, NULL, '', '2013-01-22 00:00:00', NULL),
(179, 179, 20, 10, 179, 'Open', NULL, '', NULL, NULL, NULL, NULL, NULL, NULL, NULL, NULL, NULL, NULL, NULL, NULL, NULL, NULL, NULL, NULL, NULL, NULL, NULL, NULL, NULL, NULL, '', '2013-01-22 00:00:00', NULL),
(180, 180, 72, 10, 180, 'Open', NULL, '', NULL, NULL, NULL, NULL, NULL, NULL, NULL, NULL, NULL, NULL, NULL, NULL, NULL, NULL, NULL, NULL, NULL, NULL, NULL, NULL, NULL, NULL, '', '2013-01-23 00:00:00', NULL),
(181, 181, 73, 10, 181, 'Open', NULL, '', NULL, NULL, NULL, NULL, NULL, NULL, NULL, NULL, NULL, NULL, NULL, NULL, NULL, NULL, NULL, NULL, NULL, NULL, NULL, NULL, NULL, NULL, '', '2013-01-23 00:00:00', NULL),
(182, 182, 74, 10, 182, 'Open', NULL, '', NULL, NULL, NULL, NULL, NULL, NULL, NULL, NULL, NULL, NULL, NULL, NULL, NULL, NULL, NULL, NULL, NULL, NULL, NULL, NULL, NULL, NULL, '', '2013-01-23 00:00:00', NULL),
(183, 183, 75, 10, 183, 'Open', NULL, '', NULL, NULL, NULL, NULL, NULL, NULL, NULL, NULL, NULL, NULL, NULL, NULL, NULL, NULL, NULL, NULL, NULL, NULL, NULL, NULL, NULL, NULL, '', '2013-01-24 00:00:00', NULL),
(184, 184, 76, 11, 184, 'Open', NULL, '', NULL, NULL, NULL, NULL, NULL, NULL, NULL, NULL, NULL, NULL, NULL, NULL, NULL, NULL, NULL, NULL, NULL, NULL, NULL, NULL, NULL, NULL, '', '2013-01-25 00:00:00', NULL),
(185, 185, 77, 10, 185, 'Open', NULL, '', NULL, NULL, NULL, NULL, NULL, NULL, NULL, NULL, NULL, NULL, NULL, NULL, NULL, NULL, NULL, NULL, NULL, NULL, NULL, NULL, NULL, NULL, '', '2013-01-25 00:00:00', '2013-03-08 00:00:00'),
(186, 186, 78, 10, 186, 'Open', NULL, '', NULL, NULL, NULL, NULL, NULL, NULL, NULL, NULL, NULL, NULL, NULL, NULL, NULL, NULL, NULL, NULL, NULL, NULL, NULL, NULL, NULL, NULL, '', '2013-01-29 00:00:00', NULL),
(187, 187, 79, 10, 187, 'Open', NULL, '', NULL, NULL, NULL, NULL, NULL, NULL, NULL, NULL, NULL, NULL, NULL, NULL, NULL, NULL, NULL, NULL, NULL, NULL, NULL, NULL, NULL, NULL, '', '2013-01-29 00:00:00', NULL),
(188, 188, 80, 10, 188, 'Open', NULL, '', NULL, NULL, NULL, NULL, NULL, NULL, NULL, NULL, NULL, NULL, NULL, NULL, NULL, NULL, NULL, NULL, NULL, NULL, NULL, NULL, NULL, NULL, '', '2013-01-29 00:00:00', NULL),
(189, 189, 81, 10, 189, 'Open', NULL, '', NULL, NULL, NULL, NULL, NULL, NULL, NULL, NULL, NULL, NULL, NULL, NULL, NULL, NULL, NULL, NULL, NULL, NULL, NULL, NULL, NULL, NULL, '', '2013-01-29 00:00:00', NULL),
(190, 190, 82, 10, 190, 'Open', NULL, '', NULL, NULL, NULL, NULL, NULL, NULL, NULL, NULL, NULL, NULL, NULL, NULL, NULL, NULL, NULL, NULL, NULL, NULL, NULL, NULL, NULL, NULL, '', '2013-01-29 00:00:00', NULL),
(191, 191, 83, 10, 191, 'Open', NULL, '', NULL, NULL, NULL, NULL, NULL, NULL, NULL, NULL, NULL, NULL, NULL, NULL, NULL, NULL, NULL, NULL, NULL, NULL, NULL, NULL, NULL, NULL, '', '2013-01-29 00:00:00', NULL),
(192, 192, 84, 10, 192, 'Open', NULL, '', NULL, NULL, NULL, NULL, NULL, NULL, NULL, NULL, NULL, NULL, NULL, NULL, NULL, NULL, NULL, NULL, NULL, NULL, NULL, NULL, NULL, NULL, '', '2013-01-29 00:00:00', NULL),
(193, 193, 83, 11, 193, 'Open', NULL, '', NULL, NULL, NULL, NULL, NULL, NULL, NULL, NULL, NULL, NULL, NULL, NULL, NULL, NULL, NULL, NULL, NULL, NULL, NULL, NULL, NULL, NULL, '', '2013-01-30 00:00:00', NULL),
(194, 194, 20, 10, 194, 'Open', NULL, '', NULL, NULL, NULL, NULL, NULL, NULL, NULL, NULL, NULL, NULL, NULL, NULL, NULL, NULL, NULL, NULL, NULL, NULL, NULL, NULL, NULL, NULL, '', '2013-01-31 00:00:00', NULL),
(196, 196, 85, 11, 196, 'Open', NULL, '', NULL, NULL, NULL, NULL, NULL, NULL, NULL, NULL, NULL, NULL, NULL, NULL, NULL, NULL, NULL, NULL, NULL, NULL, NULL, NULL, NULL, NULL, '', '2013-01-31 00:00:00', NULL),
(197, 197, 86, 10, 197, 'Open', NULL, '', NULL, NULL, NULL, NULL, NULL, NULL, NULL, NULL, NULL, NULL, NULL, NULL, NULL, NULL, NULL, NULL, NULL, NULL, NULL, NULL, NULL, NULL, '', '2013-02-01 00:00:00', NULL),
(201, 201, 87, 10, 201, 'Open', NULL, '', NULL, NULL, NULL, NULL, NULL, NULL, NULL, NULL, NULL, NULL, NULL, NULL, NULL, NULL, NULL, NULL, NULL, NULL, NULL, NULL, NULL, NULL, '', '2013-02-01 00:00:00', NULL),
(202, 202, 88, 10, 202, 'Open', NULL, '', NULL, NULL, NULL, NULL, NULL, NULL, NULL, NULL, NULL, NULL, NULL, NULL, NULL, NULL, NULL, NULL, NULL, NULL, NULL, NULL, NULL, NULL, '', '2013-02-01 00:00:00', NULL),
(207, 207, 89, 11, 207, 'Open', NULL, '', NULL, NULL, NULL, NULL, NULL, NULL, NULL, NULL, NULL, NULL, NULL, NULL, NULL, NULL, NULL, NULL, NULL, NULL, NULL, NULL, NULL, NULL, '', '2013-02-05 00:00:00', NULL),
(208, 208, 90, 11, 208, 'Open', NULL, '', NULL, NULL, NULL, NULL, NULL, NULL, NULL, NULL, NULL, NULL, NULL, NULL, NULL, NULL, NULL, NULL, NULL, NULL, NULL, NULL, NULL, NULL, '', '2013-02-05 00:00:00', NULL),
(209, 209, 91, 11, 209, 'Open', NULL, '', NULL, NULL, NULL, NULL, NULL, NULL, NULL, NULL, NULL, NULL, NULL, NULL, NULL, NULL, NULL, NULL, NULL, NULL, NULL, NULL, NULL, NULL, '', '2013-02-05 00:00:00', NULL),
(211, 211, 92, 10, 211, 'Open', NULL, '', NULL, NULL, NULL, NULL, NULL, NULL, NULL, NULL, NULL, NULL, NULL, NULL, NULL, NULL, NULL, NULL, NULL, NULL, NULL, NULL, NULL, NULL, '', '2013-02-05 00:00:00', NULL),
(213, 213, 20, 10, 213, 'Open', NULL, '', NULL, NULL, NULL, NULL, NULL, NULL, NULL, NULL, NULL, NULL, NULL, NULL, NULL, NULL, NULL, NULL, NULL, NULL, NULL, NULL, NULL, NULL, '', '2013-02-05 00:00:00', NULL),
(215, 215, 93, 10, 215, 'Closed', NULL, '', NULL, NULL, NULL, NULL, NULL, NULL, NULL, NULL, NULL, NULL, NULL, NULL, NULL, NULL, NULL, NULL, NULL, NULL, NULL, NULL, NULL, NULL, '', '2013-02-05 00:00:00', NULL),
(216, 216, 94, 10, 216, 'Open', NULL, '', NULL, NULL, NULL, NULL, NULL, NULL, NULL, NULL, NULL, NULL, NULL, NULL, NULL, NULL, NULL, NULL, NULL, NULL, NULL, NULL, NULL, NULL, '', '2013-02-05 00:00:00', '2013-03-08 00:00:00'),
(217, 217, 95, 11, 217, 'Open', NULL, '', NULL, NULL, NULL, NULL, NULL, NULL, NULL, NULL, NULL, NULL, NULL, NULL, NULL, NULL, NULL, NULL, NULL, NULL, NULL, NULL, NULL, NULL, '', '2013-02-05 00:00:00', NULL),
(218, 218, 96, 11, 218, 'Open', NULL, '', NULL, NULL, NULL, NULL, NULL, NULL, NULL, NULL, NULL, NULL, NULL, NULL, NULL, NULL, NULL, NULL, NULL, NULL, NULL, NULL, NULL, NULL, '', '2013-02-06 00:00:00', NULL),
(219, 219, 97, 10, 219, 'Open', NULL, '', NULL, NULL, NULL, NULL, NULL, NULL, NULL, NULL, NULL, NULL, NULL, NULL, NULL, NULL, NULL, NULL, NULL, NULL, NULL, NULL, NULL, NULL, '', '2013-02-06 00:00:00', NULL),
(221, 221, 98, 10, 221, 'Open', NULL, '', NULL, NULL, NULL, NULL, NULL, NULL, NULL, NULL, NULL, NULL, NULL, NULL, NULL, NULL, NULL, NULL, NULL, NULL, NULL, NULL, NULL, NULL, '', '2013-02-06 00:00:00', NULL),
(223, 223, 99, 10, 223, 'Open', NULL, '', NULL, NULL, NULL, NULL, NULL, NULL, NULL, NULL, NULL, NULL, NULL, NULL, NULL, NULL, NULL, NULL, NULL, NULL, NULL, NULL, NULL, NULL, '', '2013-02-06 00:00:00', NULL),
(224, 224, 100, 10, 224, 'Open', NULL, '', NULL, NULL, NULL, NULL, NULL, NULL, NULL, NULL, NULL, NULL, NULL, NULL, NULL, NULL, NULL, NULL, NULL, NULL, NULL, NULL, NULL, NULL, '', '2013-02-06 00:00:00', NULL),
(225, 225, 101, 10, 225, 'Open', NULL, '', NULL, NULL, NULL, NULL, NULL, NULL, NULL, NULL, NULL, NULL, NULL, NULL, NULL, NULL, NULL, NULL, NULL, NULL, NULL, NULL, NULL, NULL, '', '2013-02-06 00:00:00', NULL),
(226, 226, 102, 10, 226, 'Open', NULL, '', NULL, NULL, NULL, NULL, NULL, NULL, NULL, NULL, NULL, NULL, NULL, NULL, NULL, NULL, NULL, NULL, NULL, NULL, NULL, NULL, NULL, NULL, '', '2013-02-06 00:00:00', NULL),
(228, 228, 101, 10, 228, 'Open', NULL, '', NULL, NULL, NULL, NULL, NULL, NULL, NULL, NULL, NULL, NULL, NULL, NULL, NULL, NULL, NULL, NULL, NULL, NULL, NULL, NULL, NULL, NULL, '', '2013-02-06 00:00:00', NULL),
(230, 230, 103, 11, 230, 'Open', NULL, '', NULL, NULL, NULL, NULL, NULL, NULL, NULL, NULL, NULL, NULL, NULL, NULL, NULL, NULL, NULL, NULL, NULL, NULL, NULL, NULL, NULL, NULL, '', '2013-02-06 00:00:00', NULL),
(231, 231, 103, 11, 231, 'Open', NULL, '', NULL, NULL, NULL, NULL, NULL, NULL, NULL, NULL, NULL, NULL, NULL, NULL, NULL, NULL, NULL, NULL, NULL, NULL, NULL, NULL, NULL, NULL, '', '2013-02-06 00:00:00', NULL),
(232, 232, 103, 11, 232, 'Open', NULL, '', NULL, NULL, NULL, NULL, NULL, NULL, NULL, NULL, NULL, NULL, NULL, NULL, NULL, NULL, NULL, NULL, NULL, NULL, NULL, NULL, NULL, NULL, '', '2013-02-06 00:00:00', NULL),
(233, 233, 103, 11, 233, 'Open', NULL, '', NULL, NULL, NULL, NULL, NULL, NULL, NULL, NULL, NULL, NULL, NULL, NULL, NULL, NULL, NULL, NULL, NULL, NULL, NULL, NULL, NULL, NULL, '', '2013-02-06 00:00:00', NULL),
(234, 234, 104, 11, 234, 'Open', NULL, '', NULL, NULL, NULL, NULL, NULL, NULL, NULL, NULL, NULL, NULL, NULL, NULL, NULL, NULL, NULL, NULL, NULL, NULL, NULL, NULL, NULL, NULL, '', '2013-02-07 00:00:00', NULL),
(236, 236, 104, 11, 236, 'Open', NULL, '', NULL, NULL, NULL, NULL, NULL, NULL, NULL, NULL, NULL, NULL, NULL, NULL, NULL, NULL, NULL, NULL, NULL, NULL, NULL, NULL, NULL, NULL, '', '2013-02-07 00:00:00', '2013-03-15 00:00:00'),
(237, 237, 104, 11, 237, 'Open', NULL, '', NULL, NULL, NULL, NULL, NULL, NULL, NULL, NULL, NULL, NULL, NULL, NULL, NULL, NULL, NULL, NULL, NULL, NULL, NULL, NULL, NULL, NULL, '', '2013-02-07 00:00:00', NULL),
(239, 239, 105, 10, 239, 'Open', NULL, '', NULL, NULL, NULL, NULL, NULL, NULL, NULL, NULL, NULL, NULL, NULL, NULL, NULL, NULL, NULL, NULL, NULL, NULL, NULL, NULL, NULL, NULL, '', '2013-02-07 00:00:00', NULL),
(240, 240, 106, 10, 240, 'Open', NULL, '', NULL, NULL, NULL, NULL, NULL, NULL, NULL, NULL, NULL, NULL, NULL, NULL, NULL, NULL, NULL, NULL, NULL, NULL, NULL, NULL, NULL, NULL, '', '2013-02-07 00:00:00', NULL),
(241, 241, 107, 10, 241, 'Open', NULL, '', NULL, NULL, NULL, NULL, NULL, NULL, NULL, NULL, NULL, NULL, NULL, NULL, NULL, NULL, NULL, NULL, NULL, NULL, NULL, NULL, NULL, NULL, '', '2013-02-07 00:00:00', NULL),
(242, 242, 108, 10, 242, 'Open', NULL, '', NULL, NULL, NULL, NULL, NULL, NULL, NULL, NULL, NULL, NULL, NULL, NULL, NULL, NULL, NULL, NULL, NULL, NULL, NULL, NULL, NULL, NULL, '', '2013-02-07 00:00:00', NULL),
(243, 243, 109, 10, 243, 'Open', NULL, '', NULL, NULL, NULL, NULL, NULL, NULL, NULL, NULL, NULL, NULL, NULL, NULL, NULL, NULL, NULL, NULL, NULL, NULL, NULL, NULL, NULL, NULL, '', '2013-02-07 00:00:00', NULL),
(244, 244, 110, 10, 244, 'Open', NULL, '', NULL, NULL, NULL, NULL, NULL, NULL, NULL, NULL, NULL, NULL, NULL, NULL, NULL, NULL, NULL, NULL, NULL, NULL, NULL, NULL, NULL, NULL, '', '2013-02-07 00:00:00', NULL),
(245, 245, 111, 10, 245, 'Open', NULL, '', NULL, NULL, NULL, NULL, NULL, NULL, NULL, NULL, NULL, NULL, NULL, NULL, NULL, NULL, NULL, NULL, NULL, NULL, NULL, NULL, NULL, NULL, '', '2013-02-07 00:00:00', '2013-03-14 00:00:00'),
(246, 246, 112, 10, 246, 'Open', NULL, '', NULL, NULL, NULL, NULL, NULL, NULL, NULL, NULL, NULL, NULL, NULL, NULL, NULL, NULL, NULL, NULL, NULL, NULL, NULL, NULL, NULL, NULL, '', '2013-02-07 00:00:00', NULL),
(247, 247, 113, 10, 247, 'Open', NULL, '', NULL, NULL, NULL, NULL, NULL, NULL, NULL, NULL, NULL, NULL, NULL, NULL, NULL, NULL, NULL, NULL, NULL, NULL, NULL, NULL, NULL, NULL, '', '2013-02-04 00:00:00', NULL),
(248, 248, 49, 11, 248, 'Open', NULL, '', NULL, NULL, NULL, NULL, NULL, NULL, NULL, NULL, NULL, NULL, NULL, NULL, NULL, NULL, NULL, NULL, NULL, NULL, NULL, NULL, NULL, NULL, '', '2013-02-07 00:00:00', NULL),
(249, 249, 49, 11, 249, 'Open', NULL, '', NULL, NULL, NULL, NULL, NULL, NULL, NULL, NULL, NULL, NULL, NULL, NULL, NULL, NULL, NULL, NULL, NULL, NULL, NULL, NULL, NULL, NULL, '', '2013-02-07 00:00:00', NULL),
(250, 250, 3, 11, 250, 'Open', NULL, '', NULL, NULL, NULL, NULL, NULL, NULL, NULL, NULL, NULL, NULL, NULL, NULL, NULL, NULL, NULL, NULL, NULL, NULL, NULL, NULL, NULL, NULL, '', '2013-02-07 00:00:00', NULL),
(251, 251, 3, 11, 251, 'Open', NULL, '', NULL, NULL, NULL, NULL, NULL, NULL, NULL, NULL, NULL, NULL, NULL, NULL, NULL, NULL, NULL, NULL, NULL, NULL, NULL, NULL, NULL, NULL, '', '2013-02-07 00:00:00', NULL),
(252, 252, 11, 11, 252, 'Open', NULL, '', NULL, NULL, NULL, NULL, NULL, NULL, NULL, NULL, NULL, NULL, NULL, NULL, NULL, NULL, NULL, NULL, NULL, NULL, NULL, NULL, NULL, NULL, '', '2013-02-07 00:00:00', NULL),
(253, 253, 114, 11, 253, 'Open', NULL, '', NULL, NULL, NULL, NULL, NULL, NULL, NULL, NULL, NULL, NULL, NULL, NULL, NULL, NULL, NULL, NULL, NULL, NULL, NULL, NULL, NULL, NULL, '', '2013-02-07 00:00:00', NULL),
(255, 255, 115, 11, 255, 'Open', NULL, '', NULL, NULL, NULL, NULL, NULL, NULL, NULL, NULL, NULL, NULL, NULL, NULL, NULL, NULL, NULL, NULL, NULL, NULL, NULL, NULL, NULL, NULL, '', '2013-02-08 00:00:00', NULL),
(256, 256, 116, 10, 256, 'Open', NULL, '', NULL, NULL, NULL, NULL, NULL, NULL, NULL, NULL, NULL, NULL, NULL, NULL, NULL, NULL, NULL, NULL, NULL, NULL, NULL, NULL, NULL, NULL, '', '2013-02-08 00:00:00', NULL),
(259, 259, 117, 10, 259, 'Open', NULL, '', NULL, NULL, NULL, NULL, NULL, NULL, NULL, NULL, NULL, NULL, NULL, NULL, NULL, NULL, NULL, NULL, NULL, NULL, NULL, NULL, NULL, NULL, '', '2013-02-08 00:00:00', NULL),
(260, 260, 118, 10, 260, 'Open', NULL, '', NULL, NULL, NULL, NULL, NULL, NULL, NULL, NULL, NULL, NULL, NULL, NULL, NULL, NULL, NULL, NULL, NULL, NULL, NULL, NULL, NULL, NULL, '', '2013-02-08 00:00:00', '2013-03-08 00:00:00'),
(261, 261, 119, 10, 261, 'Open', NULL, '', NULL, NULL, NULL, NULL, NULL, NULL, NULL, NULL, NULL, NULL, NULL, NULL, NULL, NULL, NULL, NULL, NULL, NULL, NULL, NULL, NULL, NULL, '', '2013-02-08 00:00:00', NULL),
(262, 262, 120, 10, 262, 'Open', NULL, '', NULL, NULL, NULL, NULL, NULL, NULL, NULL, NULL, NULL, NULL, NULL, NULL, NULL, NULL, NULL, NULL, NULL, NULL, NULL, NULL, NULL, NULL, '', '2013-02-08 00:00:00', NULL),
(263, 263, 121, 10, 263, 'Open', NULL, '', NULL, NULL, NULL, NULL, NULL, NULL, NULL, NULL, NULL, NULL, NULL, NULL, NULL, NULL, NULL, NULL, NULL, NULL, NULL, NULL, NULL, NULL, '', '2013-02-08 00:00:00', NULL),
(264, 264, 6, 10, 264, 'Open', NULL, '', NULL, NULL, NULL, NULL, NULL, NULL, NULL, NULL, NULL, NULL, NULL, NULL, NULL, NULL, NULL, NULL, NULL, NULL, NULL, NULL, NULL, NULL, '', '2013-02-08 00:00:00', NULL),
(265, 265, 122, 10, 265, 'Open', NULL, '', NULL, NULL, NULL, NULL, NULL, NULL, NULL, NULL, NULL, NULL, NULL, NULL, NULL, NULL, NULL, NULL, NULL, NULL, NULL, NULL, NULL, NULL, '', '2013-02-08 00:00:00', NULL),
(266, 266, 6, 10, 266, 'Open', NULL, '', NULL, NULL, NULL, NULL, NULL, NULL, NULL, NULL, NULL, NULL, NULL, NULL, NULL, NULL, NULL, NULL, NULL, NULL, NULL, NULL, NULL, NULL, '', '2013-02-08 00:00:00', NULL),
(267, 267, 123, 11, 267, 'Open', NULL, '', NULL, NULL, NULL, NULL, NULL, NULL, NULL, NULL, NULL, NULL, NULL, NULL, NULL, NULL, NULL, NULL, NULL, NULL, NULL, NULL, NULL, NULL, '', '2013-02-08 00:00:00', NULL),
(268, 268, 123, 11, 268, 'Open', NULL, '', NULL, NULL, NULL, NULL, NULL, NULL, NULL, NULL, NULL, NULL, NULL, NULL, NULL, NULL, NULL, NULL, NULL, NULL, NULL, NULL, NULL, NULL, '', '2013-02-08 00:00:00', NULL),
(269, 269, 123, 11, 269, 'Open', NULL, '', NULL, NULL, NULL, NULL, NULL, NULL, NULL, NULL, NULL, NULL, NULL, NULL, NULL, NULL, NULL, NULL, NULL, NULL, NULL, NULL, NULL, NULL, '', '2013-02-08 00:00:00', NULL),
(271, 271, 124, 11, 271, 'On hold', NULL, '', NULL, NULL, NULL, NULL, NULL, NULL, NULL, NULL, NULL, NULL, NULL, NULL, NULL, NULL, NULL, NULL, NULL, NULL, NULL, NULL, NULL, NULL, '', '2013-02-10 00:00:00', NULL),
(272, 272, 125, 11, 272, 'Open', NULL, '', NULL, NULL, NULL, NULL, NULL, NULL, NULL, NULL, NULL, NULL, NULL, NULL, NULL, NULL, NULL, NULL, NULL, NULL, NULL, NULL, NULL, NULL, '', '2013-02-10 00:00:00', NULL),
(273, 273, 126, 11, 273, 'Open', NULL, '', NULL, NULL, NULL, NULL, NULL, NULL, NULL, NULL, NULL, NULL, NULL, NULL, NULL, NULL, NULL, NULL, NULL, NULL, NULL, NULL, NULL, NULL, '', '2013-02-10 00:00:00', NULL),
(274, 274, 126, 11, 274, 'Closed', NULL, '', NULL, NULL, NULL, NULL, NULL, NULL, NULL, NULL, NULL, NULL, NULL, NULL, NULL, NULL, NULL, NULL, NULL, NULL, NULL, NULL, NULL, NULL, '', '2013-02-10 00:00:00', NULL),
(275, 275, 127, 11, 275, 'Open', NULL, '', NULL, NULL, NULL, NULL, NULL, NULL, NULL, NULL, NULL, NULL, NULL, NULL, NULL, NULL, NULL, NULL, NULL, NULL, NULL, NULL, NULL, NULL, '', '2013-02-10 00:00:00', NULL),
(276, 276, 128, 11, 276, 'Open', NULL, '', NULL, NULL, NULL, NULL, NULL, NULL, NULL, NULL, NULL, NULL, NULL, NULL, NULL, NULL, NULL, NULL, NULL, NULL, NULL, NULL, NULL, NULL, '', '2013-02-10 00:00:00', '2013-03-08 00:00:00'),
(277, 277, 129, 11, 277, 'Open', NULL, '', NULL, NULL, NULL, NULL, NULL, NULL, NULL, NULL, NULL, NULL, NULL, NULL, NULL, NULL, NULL, NULL, NULL, NULL, NULL, NULL, NULL, NULL, '', '2013-02-10 00:00:00', NULL),
(279, 279, 130, 11, 279, 'Open', NULL, '', NULL, NULL, NULL, NULL, NULL, NULL, NULL, NULL, NULL, NULL, NULL, NULL, NULL, NULL, NULL, NULL, NULL, NULL, NULL, NULL, NULL, NULL, '', '2013-02-10 00:00:00', NULL),
(280, 280, 131, 11, 280, 'Open', NULL, '', NULL, NULL, NULL, NULL, NULL, NULL, NULL, NULL, NULL, NULL, NULL, NULL, NULL, NULL, NULL, NULL, NULL, NULL, NULL, NULL, NULL, NULL, '', '2013-02-11 00:00:00', NULL),
(281, 281, 131, 11, 281, 'Open', NULL, '', NULL, NULL, NULL, NULL, NULL, NULL, NULL, NULL, NULL, NULL, NULL, NULL, NULL, NULL, NULL, NULL, NULL, NULL, NULL, NULL, NULL, NULL, '', '2013-02-11 00:00:00', NULL),
(282, 282, 124, 11, 282, 'Open', NULL, '', NULL, NULL, NULL, NULL, NULL, NULL, NULL, NULL, NULL, NULL, NULL, NULL, NULL, NULL, NULL, NULL, NULL, NULL, NULL, NULL, NULL, NULL, '', '2013-02-11 00:00:00', NULL),
(283, 283, 132, 10, 283, 'Open', NULL, '', NULL, NULL, NULL, NULL, NULL, NULL, NULL, NULL, NULL, NULL, NULL, NULL, NULL, NULL, NULL, NULL, NULL, NULL, NULL, NULL, NULL, NULL, '', '2013-02-11 00:00:00', NULL),
(284, 284, 133, 10, 284, 'Open', NULL, '', NULL, NULL, NULL, NULL, NULL, NULL, NULL, NULL, NULL, NULL, NULL, NULL, NULL, NULL, NULL, NULL, NULL, NULL, NULL, NULL, NULL, NULL, '', '2013-02-11 00:00:00', NULL),
(285, 285, 134, 10, 285, 'Open', NULL, '', NULL, NULL, NULL, NULL, NULL, NULL, NULL, NULL, NULL, NULL, NULL, NULL, NULL, NULL, NULL, NULL, NULL, NULL, NULL, NULL, NULL, NULL, '', '2013-02-11 00:00:00', NULL),
(286, 286, 135, 10, 286, 'Open', NULL, '', NULL, NULL, NULL, NULL, NULL, NULL, NULL, NULL, NULL, NULL, NULL, NULL, NULL, NULL, NULL, NULL, NULL, NULL, NULL, NULL, NULL, NULL, '', '2013-02-11 00:00:00', NULL),
(287, 287, 136, 10, 287, 'Open', NULL, '', NULL, NULL, NULL, NULL, NULL, NULL, NULL, NULL, NULL, NULL, NULL, NULL, NULL, NULL, NULL, NULL, NULL, NULL, NULL, NULL, NULL, NULL, '', '2013-02-11 00:00:00', NULL),
(288, 288, 137, 11, 288, 'Open', NULL, '', NULL, NULL, NULL, NULL, NULL, NULL, NULL, NULL, NULL, NULL, NULL, NULL, NULL, NULL, NULL, NULL, NULL, NULL, NULL, NULL, NULL, NULL, '', '2013-02-11 00:00:00', NULL),
(289, 289, 137, 11, 289, 'Open', NULL, '', NULL, NULL, NULL, NULL, NULL, NULL, NULL, NULL, NULL, NULL, NULL, NULL, NULL, NULL, NULL, NULL, NULL, NULL, NULL, NULL, NULL, NULL, '', '2013-02-11 00:00:00', NULL),
(290, 290, 137, 11, 290, 'Open', NULL, '', NULL, NULL, NULL, NULL, NULL, NULL, NULL, NULL, NULL, NULL, NULL, NULL, NULL, NULL, NULL, NULL, NULL, NULL, NULL, NULL, NULL, NULL, '', '2013-02-11 00:00:00', NULL),
(291, 291, 138, 11, 291, 'Open', NULL, '', NULL, NULL, NULL, NULL, NULL, NULL, NULL, NULL, NULL, NULL, NULL, NULL, NULL, NULL, NULL, NULL, NULL, NULL, NULL, NULL, NULL, NULL, '', '2013-02-11 00:00:00', NULL),
(292, 292, 139, 11, 292, 'Open', NULL, '', NULL, NULL, NULL, NULL, NULL, NULL, NULL, NULL, NULL, NULL, NULL, NULL, NULL, NULL, NULL, NULL, NULL, NULL, NULL, NULL, NULL, NULL, '', '2013-02-11 00:00:00', NULL),
(293, 293, 140, 11, 293, 'Open', NULL, '', NULL, NULL, NULL, NULL, NULL, NULL, NULL, NULL, NULL, NULL, NULL, NULL, NULL, NULL, NULL, NULL, NULL, NULL, NULL, NULL, NULL, NULL, '', '2013-02-11 00:00:00', NULL),
(295, 295, 141, 10, 295, 'Open', NULL, '', NULL, NULL, NULL, NULL, NULL, NULL, NULL, NULL, NULL, NULL, NULL, NULL, NULL, NULL, NULL, NULL, NULL, NULL, NULL, NULL, NULL, NULL, '', '2013-02-12 00:00:00', NULL),
(296, 296, 142, 10, 296, 'Open', NULL, '', NULL, NULL, NULL, NULL, NULL, NULL, NULL, NULL, NULL, NULL, NULL, NULL, NULL, NULL, NULL, NULL, NULL, NULL, NULL, NULL, NULL, NULL, '', '2013-02-12 00:00:00', NULL),
(297, 297, 143, 11, 297, 'Open', NULL, '', NULL, NULL, NULL, NULL, NULL, NULL, NULL, NULL, NULL, NULL, NULL, NULL, NULL, NULL, NULL, NULL, NULL, NULL, NULL, NULL, NULL, NULL, '', '2013-02-12 00:00:00', NULL),
(298, 298, 144, 11, 298, 'Open', NULL, '', NULL, NULL, NULL, NULL, NULL, NULL, NULL, NULL, NULL, NULL, NULL, NULL, NULL, NULL, NULL, NULL, NULL, NULL, NULL, NULL, NULL, NULL, '', '2013-02-12 00:00:00', NULL),
(299, 299, 144, 11, 299, 'Open', NULL, '', NULL, NULL, NULL, NULL, NULL, NULL, NULL, NULL, NULL, NULL, NULL, NULL, NULL, NULL, NULL, NULL, NULL, NULL, NULL, NULL, NULL, NULL, '', '2013-02-12 00:00:00', NULL),
(300, 300, 145, 11, 300, 'Closed', NULL, '', NULL, NULL, NULL, NULL, NULL, NULL, NULL, NULL, NULL, NULL, NULL, NULL, NULL, NULL, NULL, NULL, NULL, NULL, NULL, NULL, NULL, NULL, '', '2013-02-13 00:00:00', NULL),
(301, 301, 146, 11, 301, 'Open', NULL, '', NULL, NULL, NULL, NULL, NULL, NULL, NULL, NULL, NULL, NULL, NULL, NULL, NULL, NULL, NULL, NULL, NULL, NULL, NULL, NULL, NULL, NULL, '', '2013-02-14 00:00:00', NULL),
(302, 302, 147, 11, 302, 'Open', NULL, '', NULL, NULL, NULL, NULL, NULL, NULL, NULL, NULL, NULL, NULL, NULL, NULL, NULL, NULL, NULL, NULL, NULL, NULL, NULL, NULL, NULL, NULL, '', '2013-02-14 00:00:00', NULL),
(305, 305, 148, 11, 305, 'Open', NULL, '', NULL, NULL, NULL, NULL, NULL, NULL, NULL, NULL, NULL, NULL, NULL, NULL, NULL, NULL, NULL, NULL, NULL, NULL, NULL, NULL, NULL, NULL, '', '2013-02-14 00:00:00', NULL),
(308, 308, 149, 11, 308, 'Open', NULL, '', NULL, NULL, NULL, NULL, NULL, NULL, NULL, NULL, NULL, NULL, NULL, NULL, NULL, NULL, NULL, NULL, NULL, NULL, NULL, NULL, NULL, NULL, '', '2013-02-14 00:00:00', NULL),
(310, 310, 83, 11, 310, 'Open', NULL, '', NULL, NULL, NULL, NULL, NULL, NULL, NULL, NULL, NULL, NULL, NULL, NULL, NULL, NULL, NULL, NULL, NULL, NULL, NULL, NULL, NULL, NULL, '', '2013-02-14 00:00:00', NULL),
(312, 312, 150, 11, 312, 'Open', NULL, '', NULL, NULL, NULL, NULL, NULL, NULL, NULL, NULL, NULL, NULL, NULL, NULL, NULL, NULL, NULL, NULL, NULL, NULL, NULL, NULL, NULL, NULL, '', '2013-02-15 00:00:00', NULL),
(313, 313, 150, 11, 313, 'Open', NULL, '', NULL, NULL, NULL, NULL, NULL, NULL, NULL, NULL, NULL, NULL, NULL, NULL, NULL, NULL, NULL, NULL, NULL, NULL, NULL, NULL, NULL, NULL, '', '2013-02-15 00:00:00', NULL),
(314, 314, 151, 11, 314, 'Open', NULL, '', NULL, NULL, NULL, NULL, NULL, NULL, NULL, NULL, NULL, NULL, NULL, NULL, NULL, NULL, NULL, NULL, NULL, NULL, NULL, NULL, NULL, NULL, '', '2013-02-18 00:00:00', NULL),
(315, 315, 152, 10, 315, 'Open', NULL, '', NULL, NULL, NULL, NULL, NULL, NULL, NULL, NULL, NULL, NULL, NULL, NULL, NULL, NULL, NULL, NULL, NULL, NULL, NULL, NULL, NULL, NULL, '', '2013-02-19 00:00:00', NULL),
(317, 317, 153, 10, 317, 'Open', NULL, '', NULL, NULL, NULL, NULL, NULL, NULL, NULL, NULL, NULL, NULL, NULL, NULL, NULL, NULL, NULL, NULL, NULL, NULL, NULL, NULL, NULL, NULL, '', '2013-02-19 00:00:00', NULL),
(318, 318, 153, 10, 318, 'Open', NULL, '', NULL, NULL, NULL, NULL, NULL, NULL, NULL, NULL, NULL, NULL, NULL, NULL, NULL, NULL, NULL, NULL, NULL, NULL, NULL, NULL, NULL, NULL, '', '2013-02-19 00:00:00', NULL),
(319, 319, 154, 10, 319, 'Open', NULL, '', NULL, NULL, NULL, NULL, NULL, NULL, NULL, NULL, NULL, NULL, NULL, NULL, NULL, NULL, NULL, NULL, NULL, NULL, NULL, NULL, NULL, NULL, '', '2013-02-19 00:00:00', NULL),
(320, 320, 155, 10, 320, 'Open', NULL, '', NULL, NULL, NULL, NULL, NULL, NULL, NULL, NULL, NULL, NULL, NULL, NULL, NULL, NULL, NULL, NULL, NULL, NULL, NULL, NULL, NULL, NULL, '', '2013-02-19 00:00:00', NULL),
(321, 321, 155, 10, 321, 'Open', NULL, '', NULL, NULL, NULL, NULL, NULL, NULL, NULL, NULL, NULL, NULL, NULL, NULL, NULL, NULL, NULL, NULL, NULL, NULL, NULL, NULL, NULL, NULL, '', '2013-02-19 00:00:00', NULL),
(322, 322, 156, 10, 322, 'Open', NULL, '', NULL, NULL, NULL, NULL, NULL, NULL, NULL, NULL, NULL, NULL, NULL, NULL, NULL, NULL, NULL, NULL, NULL, NULL, NULL, NULL, NULL, NULL, '', '2013-02-19 00:00:00', NULL),
(323, 323, 20, 10, 323, 'Open', NULL, '', NULL, NULL, NULL, NULL, NULL, NULL, NULL, NULL, NULL, NULL, NULL, NULL, NULL, NULL, NULL, NULL, NULL, NULL, NULL, NULL, NULL, NULL, '', '2013-02-19 00:00:00', NULL),
(324, 324, 157, 10, 324, 'Open', NULL, '', NULL, NULL, NULL, NULL, NULL, NULL, NULL, NULL, NULL, NULL, NULL, NULL, NULL, NULL, NULL, NULL, NULL, NULL, NULL, NULL, NULL, NULL, '', '2013-02-20 00:00:00', NULL),
(325, 325, 158, 10, 325, 'Open', NULL, '', NULL, NULL, NULL, NULL, NULL, NULL, NULL, NULL, NULL, NULL, NULL, NULL, NULL, NULL, NULL, NULL, NULL, NULL, NULL, NULL, NULL, NULL, '', '2013-02-20 00:00:00', NULL),
(328, 328, 111, 11, 328, 'Open', NULL, '', NULL, NULL, NULL, NULL, NULL, NULL, NULL, NULL, NULL, NULL, NULL, NULL, NULL, NULL, NULL, NULL, NULL, NULL, NULL, NULL, NULL, NULL, '', '2013-02-21 00:00:00', NULL),
(331, 331, 159, 10, 331, 'Open', NULL, '', NULL, NULL, NULL, NULL, NULL, NULL, NULL, NULL, NULL, NULL, NULL, NULL, NULL, NULL, NULL, NULL, NULL, NULL, NULL, NULL, NULL, NULL, '', '2013-02-21 00:00:00', NULL),
(332, 332, 160, 10, 332, 'Open', NULL, '', NULL, NULL, NULL, NULL, NULL, NULL, NULL, NULL, NULL, NULL, NULL, NULL, NULL, NULL, NULL, NULL, NULL, NULL, NULL, NULL, NULL, NULL, '', '2013-02-21 00:00:00', NULL),
(333, 333, 161, 10, 333, 'Open', NULL, '', NULL, NULL, NULL, NULL, NULL, NULL, NULL, NULL, NULL, NULL, NULL, NULL, NULL, NULL, NULL, NULL, NULL, NULL, NULL, NULL, NULL, NULL, '', '2013-02-21 00:00:00', NULL),
(334, 334, 162, 10, 334, 'Open', NULL, '', NULL, NULL, NULL, NULL, NULL, NULL, NULL, NULL, NULL, NULL, NULL, NULL, NULL, NULL, NULL, NULL, NULL, NULL, NULL, NULL, NULL, NULL, '', '2013-02-21 00:00:00', NULL),
(335, 335, 163, 10, 335, 'Open', NULL, '', NULL, NULL, NULL, NULL, NULL, NULL, NULL, NULL, NULL, NULL, NULL, NULL, NULL, NULL, NULL, NULL, NULL, NULL, NULL, NULL, NULL, NULL, '', '2013-02-21 00:00:00', NULL),
(336, 336, 164, 10, 336, 'Open', NULL, '', NULL, NULL, NULL, NULL, NULL, NULL, NULL, NULL, NULL, NULL, NULL, NULL, NULL, NULL, NULL, NULL, NULL, NULL, NULL, NULL, NULL, NULL, '', '2013-02-21 00:00:00', NULL),
(337, 337, 165, 10, 337, 'Open', NULL, '', NULL, NULL, NULL, NULL, NULL, NULL, NULL, NULL, NULL, NULL, NULL, NULL, NULL, NULL, NULL, NULL, NULL, NULL, NULL, NULL, NULL, NULL, '', '2013-02-21 00:00:00', NULL),
(338, 338, 166, 10, 338, 'Open', NULL, '', NULL, NULL, NULL, NULL, NULL, NULL, NULL, NULL, NULL, NULL, NULL, NULL, NULL, NULL, NULL, NULL, NULL, NULL, NULL, NULL, NULL, NULL, '', '2013-02-21 00:00:00', NULL),
(340, 340, 167, 10, 340, 'Open', NULL, '', NULL, NULL, NULL, NULL, NULL, NULL, NULL, NULL, NULL, NULL, NULL, NULL, NULL, NULL, NULL, NULL, NULL, NULL, NULL, NULL, NULL, NULL, '', '2013-02-21 00:00:00', NULL),
(341, 341, 168, 10, 341, 'Open', NULL, '', NULL, NULL, NULL, NULL, NULL, NULL, NULL, NULL, NULL, NULL, NULL, NULL, NULL, NULL, NULL, NULL, NULL, NULL, NULL, NULL, NULL, NULL, '', '2013-02-21 00:00:00', NULL),
(342, 342, 169, 10, 342, 'Open', NULL, '', NULL, NULL, NULL, NULL, NULL, NULL, NULL, NULL, NULL, NULL, NULL, NULL, NULL, NULL, NULL, NULL, NULL, NULL, NULL, NULL, NULL, NULL, '', '2013-02-21 00:00:00', NULL),
(343, 343, 170, 10, 343, 'Open', NULL, '', NULL, NULL, NULL, NULL, NULL, NULL, NULL, NULL, NULL, NULL, NULL, NULL, NULL, NULL, NULL, NULL, NULL, NULL, NULL, NULL, NULL, NULL, '', '2013-02-21 00:00:00', NULL);
INSERT INTO `clientcases` (`id`, `user_id`, `archive_id`, `status_id`, `applicant_id`, `open_or_closed`, `existing_family`, `contact_method`, `appointment_date`, `born_in_poland`, `spouse_nationality`, `nationality_of_parents`, `mother_name`, `father_name`, `nationality_of_grandparents`, `mat_grandmother_name`, `mat_grandfather_name`, `pat_grandmother_name`, `pat_grandfather_name`, `nationality_of_others`, `serve_in_army`, `serve_in_army_info`, `when_left_poland`, `where_left_poland`, `where_left_poland_other`, `have_passport`, `possess_documents`, `possess_documents_types`, `possess_documents_other`, `other_factors`, `brief_history`, `created`, `modified`) VALUES
(344, 344, 171, 10, 344, 'Open', NULL, '', NULL, NULL, NULL, NULL, NULL, NULL, NULL, NULL, NULL, NULL, NULL, NULL, NULL, NULL, NULL, NULL, NULL, NULL, NULL, NULL, NULL, NULL, '', '2013-02-21 00:00:00', NULL),
(345, 345, 172, 10, 345, 'Open', NULL, '', NULL, NULL, NULL, NULL, NULL, NULL, NULL, NULL, NULL, NULL, NULL, NULL, NULL, NULL, NULL, NULL, NULL, NULL, NULL, NULL, NULL, NULL, '', '2013-02-21 00:00:00', NULL),
(346, 346, 173, 11, 346, 'Open', NULL, '', NULL, NULL, NULL, NULL, NULL, NULL, NULL, NULL, NULL, NULL, NULL, NULL, NULL, NULL, NULL, NULL, NULL, NULL, NULL, NULL, NULL, NULL, '', '2012-03-21 00:00:00', NULL),
(347, 347, 173, 11, 347, 'Open', NULL, '', NULL, NULL, NULL, NULL, NULL, NULL, NULL, NULL, NULL, NULL, NULL, NULL, NULL, NULL, NULL, NULL, NULL, NULL, NULL, NULL, NULL, NULL, '', '2012-03-22 00:00:00', NULL),
(348, 348, 174, 10, 348, 'Open', NULL, '', NULL, NULL, NULL, NULL, NULL, NULL, NULL, NULL, NULL, NULL, NULL, NULL, NULL, NULL, NULL, NULL, NULL, NULL, NULL, NULL, NULL, NULL, '', '2013-02-22 00:00:00', NULL),
(349, 349, 175, 10, 349, 'Open', NULL, '', NULL, NULL, NULL, NULL, NULL, NULL, NULL, NULL, NULL, NULL, NULL, NULL, NULL, NULL, NULL, NULL, NULL, NULL, NULL, NULL, NULL, NULL, '', '2013-02-22 00:00:00', NULL),
(350, 350, 176, 11, 350, 'Open', NULL, '', NULL, NULL, NULL, NULL, NULL, NULL, NULL, NULL, NULL, NULL, NULL, NULL, NULL, NULL, NULL, NULL, NULL, NULL, NULL, NULL, NULL, NULL, '', '2013-02-25 00:00:00', NULL),
(351, 351, 176, 11, 351, 'Open', NULL, '', NULL, NULL, NULL, NULL, NULL, NULL, NULL, NULL, NULL, NULL, NULL, NULL, NULL, NULL, NULL, NULL, NULL, NULL, NULL, NULL, NULL, NULL, '', '2013-02-25 00:00:00', NULL),
(352, 352, 177, 10, 352, 'Open', NULL, '', NULL, NULL, NULL, NULL, NULL, NULL, NULL, NULL, NULL, NULL, NULL, NULL, NULL, NULL, NULL, NULL, NULL, NULL, NULL, NULL, NULL, NULL, '', '2013-02-25 00:00:00', NULL),
(353, 353, 178, 11, 353, 'Open', NULL, '', NULL, NULL, NULL, NULL, NULL, NULL, NULL, NULL, NULL, NULL, NULL, NULL, NULL, NULL, NULL, NULL, NULL, NULL, NULL, NULL, NULL, NULL, '', '2013-02-25 00:00:00', NULL),
(354, 354, 179, 10, 354, 'Open', NULL, '', NULL, NULL, NULL, NULL, NULL, NULL, NULL, NULL, NULL, NULL, NULL, NULL, NULL, NULL, NULL, NULL, NULL, NULL, NULL, NULL, NULL, NULL, '', '2013-02-26 00:00:00', NULL),
(355, 355, 180, 10, 355, 'Open', NULL, '', NULL, NULL, NULL, NULL, NULL, NULL, NULL, NULL, NULL, NULL, NULL, NULL, NULL, NULL, NULL, NULL, NULL, NULL, NULL, NULL, NULL, NULL, '', '2013-02-26 00:00:00', NULL),
(356, 356, 181, 10, 356, 'Open', NULL, '', NULL, NULL, NULL, NULL, NULL, NULL, NULL, NULL, NULL, NULL, NULL, NULL, NULL, NULL, NULL, NULL, NULL, NULL, NULL, NULL, NULL, NULL, '', '2013-02-26 00:00:00', NULL),
(357, 357, 182, 10, 357, 'Open', NULL, '', NULL, NULL, NULL, NULL, NULL, NULL, NULL, NULL, NULL, NULL, NULL, NULL, NULL, NULL, NULL, NULL, NULL, NULL, NULL, NULL, NULL, NULL, '', '2013-02-26 00:00:00', NULL),
(358, 358, 183, 11, 358, 'Open', NULL, '', NULL, NULL, NULL, NULL, NULL, NULL, NULL, NULL, NULL, NULL, NULL, NULL, NULL, NULL, NULL, NULL, NULL, NULL, NULL, NULL, NULL, NULL, '', '2013-02-26 00:00:00', NULL),
(359, 359, 184, 10, 359, 'Open', NULL, '', NULL, NULL, NULL, NULL, NULL, NULL, NULL, NULL, NULL, NULL, NULL, NULL, NULL, NULL, NULL, NULL, NULL, NULL, NULL, NULL, NULL, NULL, '', '2013-02-27 00:00:00', NULL),
(361, 361, 185, 10, 361, 'Open', NULL, '', NULL, NULL, NULL, NULL, NULL, NULL, NULL, NULL, NULL, NULL, NULL, NULL, NULL, NULL, NULL, NULL, NULL, NULL, NULL, NULL, NULL, NULL, '', '2013-02-27 00:00:00', NULL),
(362, 362, 186, 10, 362, 'Open', NULL, '', NULL, NULL, NULL, NULL, NULL, NULL, NULL, NULL, NULL, NULL, NULL, NULL, NULL, NULL, NULL, NULL, NULL, NULL, NULL, NULL, NULL, NULL, '', '2013-02-27 00:00:00', NULL),
(364, 364, 187, 11, 364, 'Open', NULL, '', NULL, NULL, NULL, NULL, NULL, NULL, NULL, NULL, NULL, NULL, NULL, NULL, NULL, NULL, NULL, NULL, NULL, NULL, NULL, NULL, NULL, NULL, '', '2013-02-28 00:00:00', NULL),
(365, 365, 188, 10, 365, 'Open', NULL, '', NULL, NULL, NULL, NULL, NULL, NULL, NULL, NULL, NULL, NULL, NULL, NULL, NULL, NULL, NULL, NULL, NULL, NULL, NULL, NULL, NULL, NULL, '', '2013-02-28 00:00:00', NULL),
(366, 366, 187, 11, 366, 'Open', NULL, '', NULL, NULL, NULL, NULL, NULL, NULL, NULL, NULL, NULL, NULL, NULL, NULL, NULL, NULL, NULL, NULL, NULL, NULL, NULL, NULL, NULL, NULL, '', '2013-02-28 00:00:00', NULL),
(367, 367, 187, 11, 367, 'Open', NULL, '', NULL, NULL, NULL, NULL, NULL, NULL, NULL, NULL, NULL, NULL, NULL, NULL, NULL, NULL, NULL, NULL, NULL, NULL, NULL, NULL, NULL, NULL, '', '2013-02-28 00:00:00', NULL),
(368, 368, 187, 11, 368, 'Open', NULL, '', NULL, NULL, NULL, NULL, NULL, NULL, NULL, NULL, NULL, NULL, NULL, NULL, NULL, NULL, NULL, NULL, NULL, NULL, NULL, NULL, NULL, NULL, '', '2013-02-28 00:00:00', NULL),
(369, 369, 189, 10, 369, 'Open', NULL, '', NULL, NULL, NULL, NULL, NULL, NULL, NULL, NULL, NULL, NULL, NULL, NULL, NULL, NULL, NULL, NULL, NULL, NULL, NULL, NULL, NULL, NULL, '', '2013-02-28 00:00:00', NULL),
(374, 374, 190, 10, 374, 'Open', NULL, '', NULL, NULL, NULL, NULL, NULL, NULL, NULL, NULL, NULL, NULL, NULL, NULL, NULL, NULL, NULL, NULL, NULL, NULL, NULL, NULL, NULL, NULL, '', '2013-02-28 00:00:00', NULL),
(376, 376, 191, 11, 376, 'Open', NULL, '', NULL, NULL, NULL, NULL, NULL, NULL, NULL, NULL, NULL, NULL, NULL, NULL, NULL, NULL, NULL, NULL, NULL, NULL, NULL, NULL, NULL, NULL, '', '2013-02-28 00:00:00', NULL),
(377, 377, 192, 10, 377, 'Open', NULL, '', NULL, NULL, NULL, NULL, NULL, NULL, NULL, NULL, NULL, NULL, NULL, NULL, NULL, NULL, NULL, NULL, NULL, NULL, NULL, NULL, NULL, NULL, '', '2013-03-01 00:00:00', NULL),
(378, 378, 20, 10, 378, 'Open', NULL, '', NULL, NULL, NULL, NULL, NULL, NULL, NULL, NULL, NULL, NULL, NULL, NULL, NULL, NULL, NULL, NULL, NULL, NULL, NULL, NULL, NULL, NULL, '', '2013-03-01 00:00:00', NULL),
(379, 379, 20, 10, 379, 'Open', NULL, '', NULL, NULL, NULL, NULL, NULL, NULL, NULL, NULL, NULL, NULL, NULL, NULL, NULL, NULL, NULL, NULL, NULL, NULL, NULL, NULL, NULL, NULL, '', '2013-03-01 00:00:00', NULL),
(381, 381, 193, 11, 381, 'Open', NULL, '', NULL, NULL, NULL, NULL, NULL, NULL, NULL, NULL, NULL, NULL, NULL, NULL, NULL, NULL, NULL, NULL, NULL, NULL, NULL, NULL, NULL, NULL, '', '2013-03-01 00:00:00', NULL),
(382, 382, 194, 10, 382, 'Open', NULL, '', NULL, NULL, NULL, NULL, NULL, NULL, NULL, NULL, NULL, NULL, NULL, NULL, NULL, NULL, NULL, NULL, NULL, NULL, NULL, NULL, NULL, NULL, '', '2013-03-01 00:00:00', NULL),
(386, 386, 45, 11, 386, 'Open', NULL, '', NULL, NULL, NULL, NULL, NULL, NULL, NULL, NULL, NULL, NULL, NULL, NULL, NULL, NULL, NULL, NULL, NULL, NULL, NULL, NULL, NULL, NULL, '', '2013-03-04 00:00:00', NULL),
(387, 387, 45, 11, 387, 'Open', NULL, '', NULL, NULL, NULL, NULL, NULL, NULL, NULL, NULL, NULL, NULL, NULL, NULL, NULL, NULL, NULL, NULL, NULL, NULL, NULL, NULL, NULL, NULL, '', '2013-03-04 00:00:00', NULL),
(388, 388, 45, 11, 388, 'Open', NULL, '', NULL, NULL, NULL, NULL, NULL, NULL, NULL, NULL, NULL, NULL, NULL, NULL, NULL, NULL, NULL, NULL, NULL, NULL, NULL, NULL, NULL, NULL, '', '2013-03-04 00:00:00', NULL),
(390, 390, 195, 10, 390, 'Open', NULL, '', NULL, NULL, NULL, NULL, NULL, NULL, NULL, NULL, NULL, NULL, NULL, NULL, NULL, NULL, NULL, NULL, NULL, NULL, NULL, NULL, NULL, NULL, '', '2013-03-04 00:00:00', NULL),
(393, 393, 196, 11, 393, 'Open', NULL, '', NULL, NULL, NULL, NULL, NULL, NULL, NULL, NULL, NULL, NULL, NULL, NULL, NULL, NULL, NULL, NULL, NULL, NULL, NULL, NULL, NULL, NULL, '', '2013-03-04 00:00:00', NULL),
(394, 394, 197, 11, 394, 'Open', NULL, '', NULL, NULL, NULL, NULL, NULL, NULL, NULL, NULL, NULL, NULL, NULL, NULL, NULL, NULL, NULL, NULL, NULL, NULL, NULL, NULL, NULL, NULL, '', '2013-03-05 00:00:00', NULL),
(395, 395, 20, 10, 395, 'Open', NULL, '', NULL, NULL, NULL, NULL, NULL, NULL, NULL, NULL, NULL, NULL, NULL, NULL, NULL, NULL, NULL, NULL, NULL, NULL, NULL, NULL, NULL, NULL, '', '2013-03-05 00:00:00', NULL),
(396, 396, 20, 10, 396, 'Open', NULL, '', NULL, NULL, NULL, NULL, NULL, NULL, NULL, NULL, NULL, NULL, NULL, NULL, NULL, NULL, NULL, NULL, NULL, NULL, NULL, NULL, NULL, NULL, '', '2013-03-05 00:00:00', '2013-03-08 00:00:00'),
(397, 397, 20, 10, 397, 'Open', NULL, '', NULL, NULL, NULL, NULL, NULL, NULL, NULL, NULL, NULL, NULL, NULL, NULL, NULL, NULL, NULL, NULL, NULL, NULL, NULL, NULL, NULL, NULL, '', '2013-03-05 00:00:00', NULL),
(398, 398, 20, 10, 398, 'Open', NULL, '', NULL, NULL, NULL, NULL, NULL, NULL, NULL, NULL, NULL, NULL, NULL, NULL, NULL, NULL, NULL, NULL, NULL, NULL, NULL, NULL, NULL, NULL, '', '2013-03-05 00:00:00', NULL),
(400, 400, 20, 10, 400, 'Open', NULL, '', NULL, NULL, NULL, NULL, NULL, NULL, NULL, NULL, NULL, NULL, NULL, NULL, NULL, NULL, NULL, NULL, NULL, NULL, NULL, NULL, NULL, NULL, '', '2013-03-05 00:00:00', NULL),
(401, 401, 20, 10, 401, 'Open', NULL, '', NULL, NULL, NULL, NULL, NULL, NULL, NULL, NULL, NULL, NULL, NULL, NULL, NULL, NULL, NULL, NULL, NULL, NULL, NULL, NULL, NULL, NULL, '', '2013-03-05 00:00:00', NULL),
(402, 402, 20, 10, 402, 'Open', NULL, '', NULL, NULL, NULL, NULL, NULL, NULL, NULL, NULL, NULL, NULL, NULL, NULL, NULL, NULL, NULL, NULL, NULL, NULL, NULL, NULL, NULL, NULL, '', '2013-03-06 00:00:00', NULL),
(403, 403, 20, 10, 403, 'Open', NULL, '', NULL, NULL, NULL, NULL, NULL, NULL, NULL, NULL, NULL, NULL, NULL, NULL, NULL, NULL, NULL, NULL, NULL, NULL, NULL, NULL, NULL, NULL, '', '2013-03-06 00:00:00', NULL),
(405, 405, 198, 11, 405, 'Open', NULL, '', NULL, NULL, NULL, NULL, NULL, NULL, NULL, NULL, NULL, NULL, NULL, NULL, NULL, NULL, NULL, NULL, NULL, NULL, NULL, NULL, NULL, NULL, '', '2013-03-06 00:00:00', NULL),
(407, 407, 199, 10, 407, 'Open', NULL, '', NULL, NULL, NULL, NULL, NULL, NULL, NULL, NULL, NULL, NULL, NULL, NULL, NULL, NULL, NULL, NULL, NULL, NULL, NULL, NULL, NULL, NULL, '', '2013-03-06 00:00:00', NULL),
(408, 408, 200, 11, 408, 'Open', NULL, '', NULL, NULL, NULL, NULL, NULL, NULL, NULL, NULL, NULL, NULL, NULL, NULL, NULL, NULL, NULL, NULL, NULL, NULL, NULL, NULL, NULL, NULL, '', '2013-03-07 00:00:00', NULL),
(409, 409, 200, 11, 409, 'Open', NULL, '', NULL, NULL, NULL, NULL, NULL, NULL, NULL, NULL, NULL, NULL, NULL, NULL, NULL, NULL, NULL, NULL, NULL, NULL, NULL, NULL, NULL, NULL, '', '2013-03-07 00:00:00', NULL),
(412, 412, 201, 10, 412, 'Open', NULL, '', NULL, NULL, NULL, NULL, NULL, NULL, NULL, NULL, NULL, NULL, NULL, NULL, NULL, NULL, NULL, NULL, NULL, NULL, NULL, NULL, NULL, NULL, '', '2013-03-07 00:00:00', '2013-03-08 00:00:00'),
(414, 414, 202, 11, 414, 'Open', NULL, '', NULL, NULL, NULL, NULL, NULL, NULL, NULL, NULL, NULL, NULL, NULL, NULL, NULL, NULL, NULL, NULL, NULL, NULL, NULL, NULL, NULL, NULL, '', '2013-04-07 00:00:00', '2013-03-08 00:00:00'),
(415, 415, 202, 11, 415, 'Open', NULL, '', NULL, NULL, NULL, NULL, NULL, NULL, NULL, NULL, NULL, NULL, NULL, NULL, NULL, NULL, NULL, NULL, NULL, NULL, NULL, NULL, NULL, NULL, '', '2013-04-07 00:00:00', '2013-03-08 00:00:00'),
(416, 416, 202, 11, 416, 'Open', NULL, '', NULL, NULL, NULL, NULL, NULL, NULL, NULL, NULL, NULL, NULL, NULL, NULL, NULL, NULL, NULL, NULL, NULL, NULL, NULL, NULL, NULL, NULL, '', '2013-04-07 00:00:00', '2013-03-08 00:00:00'),
(417, 417, 202, 11, 417, 'Open', NULL, '', NULL, NULL, NULL, NULL, NULL, NULL, NULL, NULL, NULL, NULL, NULL, NULL, NULL, NULL, NULL, NULL, NULL, NULL, NULL, NULL, NULL, NULL, '', '2013-04-07 00:00:00', '2013-03-08 00:00:00'),
(418, 418, 20, 10, 418, 'Open', NULL, '', NULL, NULL, NULL, NULL, NULL, NULL, NULL, NULL, NULL, NULL, NULL, NULL, NULL, NULL, NULL, NULL, NULL, NULL, NULL, NULL, NULL, NULL, '', '2013-04-07 00:00:00', '2013-03-08 00:00:00'),
(419, 419, 20, 10, 419, 'Open', NULL, '', NULL, NULL, NULL, NULL, NULL, NULL, NULL, NULL, NULL, NULL, NULL, NULL, NULL, NULL, NULL, NULL, NULL, NULL, NULL, NULL, NULL, NULL, '', '2013-04-07 00:00:00', '2013-03-08 00:00:00'),
(420, 420, 203, 1, 420, 'Open', NULL, '', NULL, '', NULL, NULL, '', '', NULL, '', '', '', '', '', '', '', NULL, NULL, '', '', '', NULL, '', NULL, '', '2013-08-25 12:35:41', '2013-10-19 20:39:54'),
(421, 421, 204, 1, 421, 'Open', NULL, '', NULL, '', NULL, NULL, '', '', NULL, '', '', '', '', '', '', '', NULL, NULL, '', '', '', NULL, '', NULL, '', '2013-08-26 03:16:56', '2013-08-26 03:16:56'),
(422, 422, 205, 1, 422, 'Open', NULL, '', NULL, '', NULL, NULL, '', '', NULL, '', '', '', '', '', '', '', NULL, NULL, '', '', '', NULL, '', NULL, '', '2013-08-26 11:13:51', '2013-08-26 11:13:51'),
(423, 424, 206, 2, 423, 'Open', NULL, 'Phone', NULL, '', NULL, NULL, '', '', NULL, '', '', '', '', '', '', '', NULL, NULL, '', '', '', NULL, '', NULL, '', '2013-08-26 12:19:27', '2013-10-05 22:57:49'),
(424, 427, 6, 4, 424, 'Closed', 'sadasd', '', '2013-10-16 00:00:00', 'Yes', NULL, 'sdv', 'xvxd', '', 'Maternal Grandmother,Paternal Grandmother', 'sdfsdf', '', 'sdfsdf', '', 'sdfsdf', 'No', '', '', '', '', '', '', '', '', '', '', '2013-08-26 22:12:06', '2013-10-24 19:03:08'),
(425, 428, 208, 1, 425, 'Open', NULL, '', NULL, 'No', NULL, NULL, '', '', 'Maternal Grandmother,Maternal Grandfather,Paternal Grandmother,Paternal Grandfather', '', '', '', '', '', '', '', NULL, NULL, '', '', '', NULL, '', NULL, '', '2013-08-27 00:14:26', '2013-08-27 00:14:26'),
(426, 429, 209, 1, 426, 'Open', NULL, '', NULL, 'Yes', NULL, 'Mother,Father', 'Krystyna', 'Tadeusz', NULL, '', '', '', '', '', '', '', NULL, NULL, '', '', '', NULL, '', NULL, '', '2013-08-27 00:31:37', '2013-08-27 00:31:37'),
(427, 430, 210, 1, NULL, 'Open', NULL, '', NULL, '', NULL, NULL, '', '', NULL, '', '', '', '', '', '', '', NULL, NULL, '', '', '', NULL, '', NULL, '', '2013-08-27 00:38:21', '2013-08-27 00:38:21'),
(428, 431, 211, 1, 427, 'Open', NULL, '', NULL, 'No', NULL, 'Mother', 'Bobanta', '', NULL, '', '', '', '', '', 'No', '', 'Before WW1 (before 1918)', 'France', '', 'No', 'Not sure', 'Marriage certificate(s),Army records', '', 'One of my ancestors served in a foreign army', '', '2013-08-27 03:41:50', '2013-08-27 03:41:50'),
(429, 432, 212, 1, NULL, 'Open', NULL, '', NULL, '', NULL, NULL, '', '', NULL, '', '', '', '', '', '', '', NULL, NULL, '', '', '', NULL, '', NULL, '', '2013-08-27 05:46:00', '2013-08-27 05:46:00'),
(430, 433, 213, 1, 428, 'Open', NULL, '', NULL, '', NULL, NULL, '', '', NULL, '', '', '', '', '', '', '', NULL, NULL, '', '', '', NULL, '', NULL, '', '2013-08-28 02:28:15', '2013-08-28 02:28:15'),
(431, 434, 214, 1, 429, 'Open', NULL, '', NULL, '', NULL, NULL, '', '', NULL, '', '', '', '', '', '', '', NULL, NULL, '', '', '', NULL, '', NULL, '', '2013-08-28 02:31:54', '2013-08-28 02:31:54'),
(432, 435, 215, 1, 430, 'Open', NULL, '', NULL, '', NULL, NULL, '', '', NULL, '', '', '', '', '', '', '', NULL, NULL, '', '', '', NULL, '', NULL, '', '2013-08-28 02:51:35', '2013-08-28 02:51:35'),
(433, 436, 216, 1, 431, 'Open', NULL, '', NULL, '', NULL, NULL, '', '', NULL, '', '', '', '', '', '', '', NULL, NULL, '', '', '', NULL, '', NULL, '', '2013-08-28 02:52:40', '2013-08-28 02:52:40'),
(434, 437, 217, 1, 432, 'Open', NULL, '', NULL, '', NULL, NULL, '', '', NULL, '', '', '', '', '', '', '', NULL, NULL, '', '', '', NULL, '', NULL, '', '2013-08-28 02:56:31', '2013-08-28 02:56:31'),
(435, 443, 222, 1, 433, 'Open', NULL, '', NULL, 'Yes', '', 'Mother', '', '', 'Maternal Grandmother', '', '', '', '', '', '', '', NULL, NULL, '', '', '', NULL, '', NULL, '', '2013-09-17 00:42:01', '2013-09-17 00:42:01'),
(436, 444, 1, 1, 434, 'Open', NULL, '', NULL, 'Yes', 'No', 'Mother', 'Maria', '', NULL, '', '', '', '', '', '', 'awdawd', NULL, NULL, '', '', '', NULL, '', NULL, '', '2013-09-17 01:24:40', '2013-10-24 22:30:06'),
(437, 449, 230, 1, 435, 'Open', NULL, '', NULL, 'Yes', '', NULL, '', '', NULL, '', '', '', '', '', '', '', NULL, NULL, '', '', '', NULL, '', NULL, '', '2013-09-24 03:05:44', '2013-09-24 03:05:44'),
(438, 450, 231, 1, 436, 'Open', NULL, '', NULL, 'Yes', '', NULL, '', '', NULL, '', '', '', '', '', '', '', NULL, NULL, '', '', '', NULL, '', NULL, '', '2013-09-24 03:09:17', '2013-09-24 03:09:17'),
(439, 451, 232, 1, NULL, 'Open', NULL, '', NULL, 'Yes', '', NULL, '', '', NULL, '', '', '', '', '', '', '', NULL, NULL, '', '', '', NULL, '', NULL, '', '2013-09-24 03:10:11', '2013-09-24 03:10:11'),
(440, 452, 233, 1, NULL, 'Open', NULL, '', NULL, 'Yes', '', NULL, '', '', NULL, '', '', '', '', '', '', '', NULL, NULL, '', '', '', NULL, '', NULL, '', '2013-09-24 03:11:33', '2013-09-24 03:11:33'),
(441, 453, 235, 1, NULL, 'Open', NULL, '', NULL, 'Yes', 'Yes', 'Mother', 'Jenny', '', 'Paternal Grandmother', '', '', 'Poppy', '', '', 'Yes', '', 'After WW2 (after 1945)', 'Austria,Italy', '', 'Yes', 'Yes', 'Baptism certificate(s),Army records,School records', '', 'None of the above', 'blablly blab', '2013-10-01 21:35:30', '2013-10-14 03:06:22'),
(442, 454, 235, 1, NULL, 'Open', NULL, '', NULL, 'Yes', 'No', 'Mother', 'Kathleen Guevara', '', NULL, '', '', '', '', '', '', '', NULL, NULL, '', '', '', NULL, '', NULL, '', '2013-10-01 21:39:25', '2013-10-01 21:39:25'),
(443, 455, 233, 1, NULL, 'Open', NULL, '', NULL, 'Yes', 'Yes', NULL, '', '', NULL, '', '', '', '', '', '', '', NULL, NULL, '', '', '', NULL, '', NULL, '', '2013-10-01 21:44:08', '2013-10-14 03:04:02'),
(444, 456, 237, 1, NULL, 'Open', NULL, '', NULL, 'Yes', '', 'Mother', 'Kathleen Guevara', '', NULL, '', '', '', '', '', '', '', NULL, NULL, '', '', '', NULL, '', NULL, '', '2013-10-01 21:46:43', '2013-10-01 21:46:43'),
(445, 457, 238, 1, NULL, 'Open', NULL, '', NULL, 'Yes', '', NULL, '', '', NULL, '', '', '', '', '', '', '', NULL, NULL, '', '', '', NULL, '', NULL, '', '2013-10-01 21:48:46', '2013-10-01 21:48:46'),
(446, 458, 238, 1, NULL, 'Open', NULL, '', NULL, 'Yes', '', 'Mother', 'sdfsdf', '', 'Paternal Grandmother', '', '', 'sdfsdf', '', '', '', '', NULL, NULL, '', '', '', NULL, '', NULL, '', '2013-10-13 20:30:56', '2013-10-14 02:51:53'),
(450, 0, 0, 0, 446, 'Closed', NULL, '', NULL, 'No', 'No', NULL, '', '', NULL, '', '', '', '', '', '', '', NULL, NULL, '', '', '', NULL, '', NULL, '', '2013-10-21 22:18:12', '2013-10-21 22:18:12'),
(451, 460, 6, 8, 451, 'Open', '', '', '2013-10-25 00:00:00', 'Yes', 'Yes', 'Father', '', 'James Smith', '', '', '', '', '', '', 'Yes', '', 'Before WW2 (before 1939)', 'Germany', '', 'No', 'Yes', 'Birth certificate(s),Army records', 'Jame''s army papers, Petra'' birth certificate', '', 'Anastasia is John''s daughter. Carl is John''s brother but was born in Australia. Wilhelmina is Carl;s daughter. Petra is John and Carl''s sister born in Poland', '2013-10-22 21:24:47', '2013-10-22 21:42:26'),
(452, 0, 0, 0, 450, 'Closed', NULL, '', NULL, 'No', 'Yes', NULL, '', '', NULL, '', '', '', '', '', '', '', NULL, NULL, '', '', '', NULL, '', NULL, '', '2013-10-22 21:25:42', '2013-10-22 21:25:42'),
(453, 0, 0, 0, 452, 'Closed', NULL, 'Email', NULL, 'No', 'Yes', NULL, '', '', NULL, '', '', '', '', '', '', '', NULL, NULL, '', '', '', NULL, '', NULL, '', '2013-10-22 21:59:34', '2013-10-22 21:59:34'),
(454, 461, 6, 1, 453, 'Open', NULL, 'Do not contact me', NULL, 'Yes', 'No', NULL, '', '', NULL, '', '', '', '', '', '', '', NULL, NULL, '', '', '', NULL, '', NULL, '', '2013-10-22 22:06:09', '2013-10-22 22:29:46'),
(455, 463, 246, 1, 455, 'Open', '', '', NULL, 'Yes', '', NULL, '', '', NULL, '', '', '', '', '', '', '', NULL, NULL, '', '', '', NULL, '', NULL, '', '2013-10-25 17:31:57', '2013-10-25 17:31:57'),
(456, 0, 0, 0, 456, 'Closed', 'efdsfsd', '', NULL, 'No', 'No', NULL, '', '', NULL, '', '', '', '', '', '', '', NULL, NULL, '', '', '', NULL, '', NULL, '', '2013-10-25 17:39:48', '2013-10-25 17:39:48'),
(457, 464, 247, 1, 457, 'Open', '', '', NULL, 'Yes', '', NULL, '', '', NULL, '', '', '', '', '', '', '', NULL, NULL, '', '', '', NULL, '', NULL, '', '2013-10-25 17:41:18', '2013-10-25 17:41:18'),
(458, 465, 248, 1, 458, 'Open', '', '', NULL, 'No', 'No', NULL, '', '', NULL, '', '', '', '', '', '', '', NULL, NULL, '', '', '', NULL, '', NULL, '', '2013-10-25 19:55:57', '2013-10-25 19:55:57'),
(459, 466, 249, 1, 460, 'Open', '', '', NULL, 'No', 'Yes', 'Father', '', '', 'Maternal Grandfather', '', '', '', '', '', 'No', '', NULL, NULL, '', 'Yes', '', NULL, '', NULL, 'dwdwedwedwdwdw', '2013-10-25 20:30:37', '2013-10-25 20:30:37'),
(460, 0, 0, 0, 461, 'Closed', '', '', NULL, 'No', '', NULL, '', '', NULL, '', '', '', '', '', '', '', NULL, NULL, '', '', '', NULL, '', NULL, '', '2013-10-25 20:36:01', '2013-10-25 20:36:01'),
(461, 467, 250, 1, 462, 'Open', '', '', NULL, 'Yes', '', 'Mother', '', '', NULL, '', '', '', '', '', '', '', NULL, NULL, '', '', '', NULL, '', NULL, '', '2013-11-21 18:01:24', '2013-11-21 18:01:24'),
(462, 468, 251, 1, 463, 'Open', '', '', NULL, 'Yes', '', 'Mother', '', '', NULL, '', '', '', '', '', '', '', NULL, NULL, '', '', '', NULL, '', NULL, '', '2013-11-21 18:01:41', '2013-11-21 18:01:41'),
(463, 470, 252, 1, 464, 'Open', '', '', NULL, 'Yes', 'Yes', NULL, '', '', NULL, '', '', '', '', '', '', '', NULL, NULL, '', '', '', NULL, '', NULL, '', '2013-11-21 19:17:32', '2013-11-21 19:17:32');

-- --------------------------------------------------------

--
-- Table structure for table `contactdashboard`
--

CREATE TABLE IF NOT EXISTS `contactdashboard` (
  `ID` int(11) NOT NULL AUTO_INCREMENT,
  `ContactName` varchar(100) NOT NULL,
  `ArchiveName` varchar(50) NOT NULL,
  `Since` datetime DEFAULT NULL,
  `Notes` varchar(250) DEFAULT NULL,
  `Landline` varchar(50) DEFAULT NULL,
  `Mobile` varchar(50) DEFAULT NULL,
  `Email` varchar(50) DEFAULT NULL,
  `AddressLine1` varchar(100) DEFAULT NULL,
  `AddressLine2` varchar(100) DEFAULT NULL,
  `PostCode` varchar(15) DEFAULT NULL,
  `State` int(11) DEFAULT NULL,
  `Country` int(11) DEFAULT NULL,
  `What` int(11) DEFAULT NULL,
  `Status` int(11) NOT NULL,
  `OpenOrClosed` int(11) DEFAULT NULL,
  `DateOfEnquiry` datetime DEFAULT NULL,
  `HowTheyFoundUs` int(11) DEFAULT NULL,
  `SendInfoPack` datetime DEFAULT NULL,
  `AddToNewsletterList` datetime DEFAULT NULL,
  `FollowUp` datetime DEFAULT NULL,
  `Other` varchar(250) DEFAULT NULL,
  `ModifiedBy` int(11) DEFAULT NULL,
  `ModifiedOn` datetime DEFAULT NULL,
  `FileCompiledByMateusz` datetime DEFAULT NULL,
  `LodgedOn` datetime DEFAULT NULL,
  `CaseNumber` varchar(50) DEFAULT NULL,
  `NameOfCaseOfficer` varchar(100) DEFAULT NULL,
  `FeedbackFromCaseOfficer` varchar(250) DEFAULT NULL,
  `CCReceived` datetime DEFAULT NULL,
  `CivilRegistrationOffice` datetime DEFAULT NULL,
  `PolishBCReceived` datetime DEFAULT NULL,
  `PolishMCReceived` datetime DEFAULT NULL,
  `PESELNumberAppliedDate` datetime DEFAULT NULL,
  `PESELNumber` varchar(50) DEFAULT NULL,
  PRIMARY KEY (`ID`)
) ENGINE=InnoDB  DEFAULT CHARSET=latin1 AUTO_INCREMENT=420 ;

--
-- Dumping data for table `contactdashboard`
--

INSERT INTO `contactdashboard` (`ID`, `ContactName`, `ArchiveName`, `Since`, `Notes`, `Landline`, `Mobile`, `Email`, `AddressLine1`, `AddressLine2`, `PostCode`, `State`, `Country`, `What`, `Status`, `OpenOrClosed`, `DateOfEnquiry`, `HowTheyFoundUs`, `SendInfoPack`, `AddToNewsletterList`, `FollowUp`, `Other`, `ModifiedBy`, `ModifiedOn`, `FileCompiledByMateusz`, `LodgedOn`, `CaseNumber`, `NameOfCaseOfficer`, `FeedbackFromCaseOfficer`, `CCReceived`, `CivilRegistrationOffice`, `PolishBCReceived`, `PolishMCReceived`, `PESELNumberAppliedDate`, `PESELNumber`) VALUES
(66, 'Tania Humphreys', 'HUM-1/12', '2012-10-29 00:00:00', 'Tania made initial enquiry in February 2012 but did not proceed with our services until 21 October 2012.', NULL, '0438854355', 'purple67@me.com', '91 Albermarle Street', NULL, NULL, 8, 15, NULL, 2, 1, '2012-02-14 00:00:00', NULL, '2012-02-14 00:00:00', NULL, NULL, NULL, 1, '2012-10-21 00:00:00', NULL, NULL, NULL, NULL, NULL, NULL, NULL, NULL, NULL, NULL, NULL),
(67, 'Rick Adam Grzyb', 'GRZ-1/12', '2013-03-12 00:00:00', 'Has two sisters, who may or may not be interested.', 'n/a', '0422 839 372', 'mibberz@hotmail.com', '6 Kyle Place', 'Hannans', NULL, 6, 15, 1, 2, 1, '2012-10-22 00:00:00', NULL, '2012-10-22 00:00:00', NULL, NULL, NULL, 6, '2013-03-08 00:00:00', NULL, NULL, NULL, NULL, NULL, NULL, NULL, NULL, NULL, NULL, NULL),
(68, 'Danuta Margaret Layman', 'LAY-3/12', '2012-10-29 00:00:00', 'Paying for her whole family.', '08 9071 2237', '0400 234 157', 'danilayman@hotmail.com', '162 Dempster Street', 'Esperance', NULL, 6, 15, 2, 2, 1, '2012-10-29 00:00:00', NULL, NULL, NULL, NULL, NULL, 1, '2012-08-22 00:00:00', NULL, NULL, NULL, NULL, NULL, NULL, NULL, NULL, NULL, NULL, NULL),
(69, 'Joshua Strawczynski', 'STR-1/12', '2012-10-29 00:00:00', NULL, NULL, '0402 844 409', 'josh@jmarketing.com.au', '7 Park Road', 'Prahran 3181', NULL, 5, 15, 1, 2, 1, '2012-10-29 00:00:00', NULL, NULL, NULL, NULL, NULL, NULL, NULL, NULL, NULL, NULL, NULL, NULL, NULL, NULL, NULL, NULL, NULL, NULL),
(70, 'Corinne Allsopp', 'ALL-1/11', '2012-10-31 00:00:00', NULL, NULL, '0431 738 472', 'kai_182@hotmail.com', '26/40-46 Buxton Street', 'Ascot 4007', NULL, 2, 15, NULL, 2, 1, '2011-03-23 00:00:00', NULL, NULL, NULL, NULL, NULL, 1, '2011-03-23 00:00:00', NULL, NULL, NULL, NULL, NULL, NULL, NULL, NULL, NULL, NULL, NULL),
(71, 'Richard Falls', 'FALL-3/12', '2012-10-31 00:00:00', '2 adult children.', '03 9842 0853', '0425 737 179', 'richard@ryteclighting.com.au', '2 Mozart Circle', 'Donvale 3111', NULL, 5, 15, 1, 2, 1, '2012-09-28 00:00:00', NULL, NULL, NULL, NULL, NULL, 1, '2012-09-28 00:00:00', NULL, NULL, NULL, NULL, NULL, NULL, NULL, NULL, NULL, NULL, NULL),
(72, 'Robert Kay', 'KAY-1/12', '2012-11-02 00:00:00', 'Paternal grandparents were Polish. Grandfather Roman Stanny served in Polish army -> prisoner of war in Germany. Grandmother Maria Grabalska met him at DP camp. Still in contact with grandmother''s cousins in Poland.', NULL, '0448 815 989', 'robkay@live.com', NULL, NULL, NULL, NULL, NULL, NULL, 1, 1, '2012-11-02 00:00:00', 2, '2012-11-02 00:00:00', NULL, NULL, NULL, 1, '2012-11-01 00:00:00', NULL, NULL, NULL, NULL, NULL, NULL, NULL, NULL, NULL, NULL, NULL),
(73, 'Nathan Waks', 'WAK-3/12', '2012-11-02 00:00:00', NULL, '02 9555 8273', '0403 398 193', 'nathan@kilikanoon.com.au', '132 Louisa Road', 'Birchgrove 2041', NULL, 8, 15, NULL, 2, 1, '2012-11-02 00:00:00', NULL, NULL, NULL, NULL, NULL, 1, '2012-08-09 00:00:00', NULL, NULL, NULL, NULL, NULL, NULL, NULL, NULL, NULL, NULL, NULL),
(74, 'Troy Hindley', 'HIN-1/12', '2012-11-09 00:00:00', NULL, '07 3162 0710', '0412 580 570', 'troyhindley@hotmail.com', '20a Eagle Street', 'Alderley 4051', NULL, 2, 15, 2, 2, 1, '2012-11-09 00:00:00', 5, NULL, NULL, NULL, NULL, 1, '2012-11-09 00:00:00', NULL, NULL, NULL, NULL, NULL, NULL, NULL, NULL, NULL, NULL, NULL),
(75, 'Lisa Schnell', 'SCH-1/12', '2012-11-09 00:00:00', 'Her grandfather was born in Poland, her father was born in Aus. She isn''t sure if there are any documents and needs to speak to her relatives first. I suggested a meeting at our office.', NULL, '0422 429 357', 'lisaschnell@hotmail.com', NULL, 'Melbourne', NULL, NULL, 15, NULL, 1, 1, '2012-11-09 00:00:00', 2, '2012-11-09 00:00:00', NULL, NULL, NULL, 4, '2013-03-08 00:00:00', NULL, NULL, NULL, NULL, NULL, NULL, NULL, NULL, NULL, NULL, NULL),
(76, 'Warren Matthew Rozen', 'ROZ-1/12', '2013-03-20 00:00:00', 'Based on father (Myer Rozen), applying for himself and 2 children', 'n/a', '0411 456 644', 'warrenrozen@hotmail.com', '26 Wanda Road', 'North Caulfield 3161', NULL, 5, 15, 2, 2, 1, '2012-11-12 00:00:00', NULL, NULL, NULL, NULL, NULL, 3, '2013-03-08 00:00:00', NULL, NULL, NULL, NULL, NULL, NULL, NULL, NULL, NULL, NULL, NULL),
(77, 'John Manual', 'MAN-1/12', '2012-11-12 00:00:00', NULL, '08 8377 4316', NULL, 'villa411@hotmail.com', NULL, NULL, NULL, NULL, NULL, NULL, 1, 1, '2012-11-12 00:00:00', NULL, '2012-11-12 00:00:00', NULL, NULL, NULL, 1, '2012-11-12 00:00:00', NULL, NULL, NULL, NULL, NULL, NULL, NULL, NULL, NULL, NULL, NULL),
(78, 'Ofir Goldstein', 'GOL-2/12', '2012-11-12 00:00:00', 'Has Polish passport of grandparents and army certificate of grandfather. Grandparents went to Palestine, awaiting further information.', '44 7774854347', NULL, 'ofirg@email.com', NULL, NULL, NULL, NULL, 243, NULL, 1, 1, '2012-11-12 00:00:00', NULL, '2012-11-12 00:00:00', NULL, NULL, NULL, 1, '2012-11-12 00:00:00', NULL, NULL, NULL, NULL, NULL, NULL, NULL, NULL, NULL, NULL, NULL),
(79, 'Aaron Nicholas Frater', 'SZE-1/12', '2012-11-13 00:00:00', NULL, '(02) 8068 0434', '0401 849 693', '61cjs94@gmail.com', '1/247H Burwood Rd', 'Concord', '2137', 8, 15, 2, 2, 1, '2012-11-13 00:00:00', NULL, NULL, NULL, NULL, NULL, 1, '2012-11-13 00:00:00', NULL, NULL, NULL, NULL, NULL, NULL, NULL, NULL, NULL, NULL, NULL),
(80, 'Paul Codognotto', 'COD-1/12', '2012-11-13 00:00:00', 'Through jotform. Maternal grandmother and greatgrandparents are Polish. Has various documents, asked him to send them to review.', NULL, '0432343866', 'paulstillen@gmail.com', NULL, NULL, NULL, NULL, NULL, NULL, 1, 1, '2012-11-13 00:00:00', 2, '2012-11-13 00:00:00', NULL, NULL, NULL, 1, '2012-11-13 00:00:00', NULL, NULL, NULL, NULL, NULL, NULL, NULL, NULL, NULL, NULL, NULL),
(81, 'Daniel Bell', 'BEL-1/12', '2012-11-13 00:00:00', 'Maternal grandparents are Polish. He has documents but isn''t sure what they are. Asked him to send copies so I can review everything.', NULL, '0421 210 792', 'belld11@hotmail.com', NULL, NULL, NULL, NULL, 15, NULL, 1, 1, '2012-11-13 00:00:00', 2, '2012-11-13 00:00:00', NULL, NULL, NULL, 1, '2012-11-13 00:00:00', NULL, NULL, NULL, NULL, NULL, NULL, NULL, NULL, NULL, NULL, NULL),
(82, 'Karina McKenzie', 'MCK-1/12', '2012-11-14 00:00:00', NULL, '02 9979 7139', '(612) 99797139', 'kmmckenzie93@gmail.com', NULL, NULL, NULL, NULL, NULL, NULL, 1, 1, '2012-11-14 00:00:00', 2, '2012-11-14 00:00:00', NULL, NULL, NULL, 1, '2012-11-14 00:00:00', NULL, NULL, NULL, NULL, NULL, NULL, NULL, NULL, NULL, NULL, NULL),
(83, 'Stephan Siryj', 'SIR-1/12', '2012-11-14 00:00:00', NULL, '+64 272 831 069', NULL, 'sjsiryj@gmail.com', NULL, NULL, NULL, NULL, NULL, 1, 1, 2, '2012-11-14 00:00:00', 2, '2012-11-14 00:00:00', NULL, NULL, NULL, NULL, NULL, NULL, NULL, NULL, NULL, NULL, NULL, NULL, NULL, NULL, NULL, NULL),
(85, 'James Marzec', 'MAR-1/12', '2012-11-15 00:00:00', 'Paternal grandparents and great-grandparents were Polish. Great-grandfather served in the Polish army. Is not sure if he has documents', NULL, '0407 989 688', 'jamesrichardmarzec@hotmail.com', NULL, NULL, NULL, NULL, NULL, NULL, 1, 1, '2012-11-15 00:00:00', 2, '2012-11-15 00:00:00', NULL, NULL, NULL, 1, '2012-11-15 00:00:00', NULL, NULL, NULL, NULL, NULL, NULL, NULL, NULL, NULL, NULL, NULL),
(86, 'Roberta Tugendreich', 'none', '2012-11-15 00:00:00', NULL, '+44 79399 07725', '+16503596097', 'roberta707@gmail.com', '15 Picardo Court', 'Pacifica CA 94044', NULL, NULL, 244, 1, 2, 1, '2012-11-15 00:00:00', NULL, NULL, NULL, NULL, NULL, 1, '2012-11-06 00:00:00', NULL, NULL, NULL, NULL, NULL, NULL, NULL, NULL, NULL, NULL, NULL),
(87, 'Jason Mandzij', 'MAJ-1/12', '2012-11-16 00:00:00', 'Father and grandparents were Polish asked him to send documents.', NULL, '0438 996 575', 'jmandzij@live.com.au', NULL, NULL, NULL, NULL, 15, NULL, 1, 1, '2012-11-16 00:00:00', 2, '2012-11-16 00:00:00', NULL, NULL, NULL, 1, '2012-11-16 00:00:00', NULL, NULL, NULL, NULL, NULL, NULL, NULL, NULL, NULL, NULL, NULL),
(88, 'Matthew Huggins', 'HUG-1/12', '2012-11-16 00:00:00', 'His mother and maternal grandparents are Polish. Came to Australia in 1976. He has mum''s BC and immigration documents. His grandmother is still alive and he will ask her for further documents.', NULL, '0408 485 898', 'matthew.huggins@uqconnect.edu.au', '110 Woodend Road', 'Woodend', '4305', 2, 15, 2, 1, 1, '2012-11-16 00:00:00', 2, '2012-11-16 00:00:00', NULL, '2012-11-29 00:00:00', 'He asked grandmother and she is reluctant to give those documents away. Will check if he can get consular copies.', 3, '2013-03-08 00:00:00', NULL, NULL, NULL, NULL, NULL, NULL, NULL, NULL, NULL, NULL, NULL),
(89, 'Adrian Gruszka', 'GRU-1/12', '2012-11-16 00:00:00', 'Both parents and grandparents are Polish. Father served in the Polish army. Asked him to send further info and copies of documents.', NULL, '0433 763 95?', 'adriangruszka@hotmail.com', NULL, NULL, NULL, NULL, 15, NULL, 1, 1, '2012-11-16 00:00:00', 2, '2012-11-16 00:00:00', NULL, NULL, NULL, 1, '2012-11-16 00:00:00', NULL, NULL, NULL, NULL, NULL, NULL, NULL, NULL, NULL, NULL, NULL),
(90, 'Ann Bilesky', 'BIL-1/12', '2012-11-19 00:00:00', 'Her father and grandparents were born in Poland in a town called Tseniv poland/Ukraine in 1923. She has documents and I asked her to send them through for assessment.', '310 8601401', NULL, 'villaavbbh@sbcglobal.net', NULL, NULL, NULL, NULL, 244, NULL, 1, 1, '2012-11-19 00:00:00', 2, '2012-11-19 00:00:00', NULL, NULL, NULL, 1, '2012-11-19 00:00:00', NULL, NULL, NULL, NULL, NULL, NULL, NULL, NULL, NULL, NULL, NULL),
(91, 'Rose Mautner', 'MAU-1/12', '2012-11-19 00:00:00', 'Her father and grandparents are Polish. Sent us copy of school record from Krakow. Sent information for archival research.', '02 9389 2223', NULL, 'rose_mautner@yahoo.com.au', NULL, NULL, NULL, 8, 15, NULL, 1, 1, '2012-11-19 00:00:00', 2, '2012-11-19 00:00:00', NULL, NULL, NULL, 1, '2012-11-19 00:00:00', NULL, NULL, NULL, NULL, NULL, NULL, NULL, NULL, NULL, NULL, NULL),
(92, 'Ella Zomer', 'none', '2012-11-20 00:00:00', 'Father and grandparents are Polish. Only has access to naturalisation records.', '+44 7445358122', NULL, 'ebella1983@gmail.com', NULL, NULL, NULL, NULL, 243, NULL, 1, 1, '2012-11-20 00:00:00', 2, '2012-11-20 00:00:00', NULL, NULL, NULL, 1, '2012-11-20 00:00:00', NULL, NULL, NULL, NULL, NULL, NULL, NULL, NULL, NULL, NULL, NULL),
(93, 'Laura Wesolowski', 'none', '2012-11-28 00:00:00', NULL, '02 9716 6503', NULL, 'laura.wesolowski@rocketmail.com', NULL, NULL, NULL, 8, 15, NULL, 1, 1, '2012-11-28 00:00:00', 2, '2012-11-28 00:00:00', NULL, NULL, NULL, 1, '2012-11-28 00:00:00', NULL, NULL, NULL, NULL, NULL, NULL, NULL, NULL, NULL, NULL, NULL),
(94, 'Michael Korycin', 'none', '2012-11-29 00:00:00', 'Was born in Poland. Asked what kind of documents he has.', '08 9304 1110', NULL, 'm.korycin@bigpond.com', NULL, NULL, NULL, 6, NULL, NULL, 1, 1, '2012-11-29 00:00:00', 2, '2012-11-29 00:00:00', NULL, NULL, NULL, 1, '2012-11-29 00:00:00', NULL, NULL, NULL, NULL, NULL, NULL, NULL, NULL, NULL, NULL, NULL),
(95, 'Andrew Bilszczyk', 'none', '2012-11-29 00:00:00', 'Parents and grandparents were born in Poland. Has passports, asked him to send scans.', '+974 334 779 04', NULL, 'andbli@yahoo.com', NULL, NULL, NULL, NULL, 190, NULL, 1, 1, '2012-11-29 00:00:00', 2, '2012-11-29 00:00:00', NULL, NULL, NULL, 1, '2012-11-29 00:00:00', NULL, NULL, NULL, NULL, NULL, NULL, NULL, NULL, NULL, NULL, NULL),
(96, 'David Clarke', 'none', '2012-11-29 00:00:00', 'Mother and grandparents were Polish. Grandfather served in Polish army, he has BCs and immigration records.', '03 9820 3684', NULL, 'dcla.6359@bigpond.com', NULL, NULL, NULL, NULL, 15, NULL, 1, 1, '2012-11-29 00:00:00', 2, '2012-11-29 00:00:00', NULL, NULL, NULL, 1, '2012-11-29 00:00:00', NULL, NULL, NULL, NULL, NULL, NULL, NULL, NULL, NULL, NULL, NULL),
(97, 'A L Struk', 'STR-1/13', '2012-11-29 00:00:00', 'Maternal grandmother was born in Poland. Has birth certificate. Asked for info about marriage and naturalisation.', '416 402 9736', NULL, 'sam@siteplat.com', NULL, NULL, NULL, NULL, 43, NULL, 1, 1, '2012-11-29 00:00:00', 2, '2012-11-29 00:00:00', NULL, NULL, NULL, 1, '2012-11-29 00:00:00', NULL, NULL, NULL, NULL, NULL, NULL, NULL, NULL, NULL, NULL, NULL),
(98, 'Laura McDonald', 'none', '2012-11-29 00:00:00', 'Maternal grandparents were Polish, she has documents but is not sure what they are. Asked her to email them to us.', '9387 4404', NULL, 'laurawmcdonald@gmail.com', NULL, NULL, NULL, NULL, 15, NULL, 1, 1, '2012-11-29 00:00:00', 2, '2012-11-29 00:00:00', NULL, NULL, NULL, 1, '2012-11-29 00:00:00', NULL, NULL, NULL, NULL, NULL, NULL, NULL, NULL, NULL, NULL, NULL),
(99, 'Laura Kassmier', 'none', '2012-11-29 00:00:00', 'Her father and grandparents were born in Poland. Not sure if she has documents, asked her to check.', '630 3030454', NULL, 'laurabreynolds@comcast.net', NULL, NULL, NULL, NULL, 244, NULL, 1, 1, '2012-11-29 00:00:00', 2, '2012-11-29 00:00:00', NULL, NULL, NULL, 1, '2012-11-29 00:00:00', NULL, NULL, NULL, NULL, NULL, NULL, NULL, NULL, NULL, NULL, NULL),
(100, 'Lee Smolinski', 'none', '2012-11-29 00:00:00', 'Paternal grandfather was Polish. Doesn''t have any documents. Left Poland before 1918.', '561 4179729', NULL, 'leesmolinski@comcast.net', NULL, NULL, NULL, NULL, 244, NULL, 1, 1, '2012-11-29 00:00:00', 2, '2012-11-29 00:00:00', NULL, NULL, NULL, 1, '2012-11-29 00:00:00', NULL, NULL, NULL, NULL, NULL, NULL, NULL, NULL, NULL, NULL, NULL),
(101, 'George Bielski', 'none', '2012-11-29 00:00:00', 'Paternal grandparents were Polish. Has birth and baptism records, asked him to email them.', '617 859 8213', NULL, 'zorak1997@yahoo.com', NULL, NULL, NULL, NULL, 244, NULL, 1, 1, '2012-11-29 00:00:00', 2, '2012-11-29 00:00:00', NULL, NULL, NULL, 1, '2012-11-29 00:00:00', NULL, NULL, NULL, NULL, NULL, NULL, NULL, NULL, NULL, NULL, NULL),
(102, 'Anthony Kisiel', 'none', '2012-11-29 00:00:00', 'His paternal grandfather was Polish. Asked him to check if Polish documents are available.', '01256 324582', NULL, 'Anthony_kisiel@hotmail.com', NULL, NULL, NULL, NULL, 243, NULL, 1, 1, '2012-11-29 00:00:00', 2, '2012-11-29 00:00:00', NULL, NULL, NULL, 1, '2012-11-29 00:00:00', NULL, NULL, NULL, NULL, NULL, NULL, NULL, NULL, NULL, NULL, NULL),
(103, 'Andrew Young', 'none', '2012-11-29 00:00:00', 'Has various documents (BCs, army records etc.) of his maternal grandparents.', NULL, '0400 727 900', 'ajy@hotmail.com', NULL, NULL, NULL, NULL, 15, NULL, 1, 1, '2012-11-29 00:00:00', 2, '2012-11-29 00:00:00', NULL, NULL, NULL, 1, '2012-11-29 00:00:00', NULL, NULL, NULL, NULL, NULL, NULL, NULL, NULL, NULL, NULL, NULL),
(104, 'Paul Martyniak', 'none', '2012-11-29 00:00:00', 'He and his parents were born in Poland. Asked him to let us know what kind of documents he has.', NULL, '0417 875 070', 'martyniak@gmail.com', NULL, NULL, NULL, NULL, 15, NULL, 1, 1, '2012-11-29 00:00:00', 2, '2012-11-29 00:00:00', NULL, NULL, NULL, 1, '2012-11-29 00:00:00', NULL, NULL, NULL, NULL, NULL, NULL, NULL, NULL, NULL, NULL, NULL),
(105, 'Alison Dabros', 'none', '2012-11-29 00:00:00', 'Paternal grandmother was Polish. Asked to let us know if she has any documents.', NULL, '0434 587 345', 'alisondabros@hotmail.com', NULL, NULL, NULL, 8, 15, NULL, 1, 1, '2012-11-29 00:00:00', 2, '2012-11-29 00:00:00', NULL, NULL, NULL, 4, '2013-03-20 00:00:00', NULL, NULL, NULL, NULL, NULL, NULL, NULL, NULL, NULL, NULL, NULL),
(106, 'Peter Richards', 'none', '2012-11-29 00:00:00', 'Mother and grandparents were Polish. Has BCs and passport of grandmother.', NULL, '0410 636 910', 'aupeterrichards@yahoo.com', NULL, NULL, NULL, NULL, 15, NULL, 1, 1, '2012-11-29 00:00:00', 2, '2012-11-29 00:00:00', NULL, NULL, NULL, 1, '2012-11-29 00:00:00', NULL, NULL, NULL, NULL, NULL, NULL, NULL, NULL, NULL, NULL, NULL),
(107, 'Peter Jackson', 'none', '2012-11-30 00:00:00', 'Great-grandparents were born in Poland. Has various documents and asked him to email them to us for assessment.', '10128 6748', NULL, 'nyul-nyul@web.de', NULL, NULL, NULL, NULL, 244, NULL, 1, 1, '2012-11-30 00:00:00', 2, '2012-11-30 00:00:00', NULL, NULL, NULL, 1, '2012-11-30 00:00:00', NULL, NULL, NULL, NULL, NULL, NULL, NULL, NULL, NULL, NULL, NULL),
(108, 'Stefania Bochenski', 'none', '2012-12-03 00:00:00', 'She is Brent Potuszynski''s partner. Asked her to let us know what documents she has.', NULL, NULL, 'sbochens@gmail.com', NULL, NULL, NULL, 3, 15, NULL, 1, 1, '2012-12-03 00:00:00', 4, '2012-12-03 00:00:00', NULL, NULL, NULL, 1, '2012-12-03 00:00:00', NULL, NULL, NULL, NULL, NULL, NULL, NULL, NULL, NULL, NULL, NULL),
(110, 'Aneta Peretko', 'none', '2012-12-03 00:00:00', 'Was born in Poland. Asked her to let us know what documents she has.', '+852 9669 6463', NULL, 'anetaper@gmail.com', NULL, NULL, NULL, NULL, 108, NULL, 1, 1, '2012-12-03 00:00:00', 2, '2012-12-03 00:00:00', NULL, NULL, NULL, 1, '2012-12-03 00:00:00', NULL, NULL, NULL, NULL, NULL, NULL, NULL, NULL, NULL, NULL, NULL),
(111, 'Eleanor Stankiewicz', 'STA-2/12', '2012-12-03 00:00:00', NULL, NULL, '0422 758 560', 'elean_or@hotmail.com', 'Unit 21/32-36 Rainbow Street', 'Kingsford 2032', NULL, 8, 15, NULL, 2, 1, '2012-12-03 00:00:00', NULL, NULL, NULL, NULL, NULL, 1, '2012-12-03 00:00:00', NULL, NULL, NULL, NULL, NULL, NULL, NULL, NULL, NULL, NULL, NULL),
(112, 'Tadeusz Klejne', 'none', '2012-12-06 00:00:00', 'He was born in Poland. Asked to send documents.', '242 421 31 47', NULL, 'ivan19@o2.pl', NULL, NULL, NULL, NULL, 18, NULL, 1, 1, '2012-12-06 00:00:00', 2, '2012-12-06 00:00:00', NULL, NULL, NULL, 1, '2012-12-06 00:00:00', NULL, NULL, NULL, NULL, NULL, NULL, NULL, NULL, NULL, NULL, NULL),
(113, 'Kristy Skiel', 'none', '2012-12-06 00:00:00', 'Maternal grandparents were Polish. Grandfather served in army (medic). She has documents but is not sure what they are. Asked her to send copies.', '03 9623 5364', NULL, 'kristy_skiel@hotmail.co.uk', NULL, NULL, NULL, 5, 15, NULL, 1, 1, '2012-12-06 00:00:00', 2, '2012-12-06 00:00:00', NULL, NULL, NULL, 1, '2012-12-06 00:00:00', NULL, NULL, NULL, NULL, NULL, NULL, NULL, NULL, NULL, NULL, NULL),
(114, 'Eytan Udovich', 'none', '2012-12-07 00:00:00', 'Grandparents were Polish and moved to Germany prior to the war. Mother was born in Germany, then family went to Palestine.', NULL, '0412 110 259', 'eudovich@bigpond.net.au', NULL, NULL, NULL, NULL, 15, NULL, 1, 1, '2012-12-07 00:00:00', 1, '2012-12-07 00:00:00', NULL, NULL, NULL, 1, '2012-12-07 00:00:00', NULL, NULL, NULL, NULL, NULL, NULL, NULL, NULL, NULL, NULL, NULL),
(115, 'Michal Maslanka', 'none', '2012-12-10 00:00:00', 'Grandparents were Polish, grandfather served in the army. Asked to let us know what documents they have.', '02 4236 0720', NULL, 'michal_maslanka@hotmail.com', NULL, NULL, NULL, 8, 15, NULL, 1, 2, '2012-12-10 00:00:00', 2, '2012-12-10 00:00:00', NULL, NULL, NULL, 1, '2012-12-10 00:00:00', NULL, NULL, NULL, NULL, NULL, NULL, NULL, NULL, NULL, NULL, NULL),
(116, 'Sasha Kliger', 'none', '2012-12-10 00:00:00', 'Her grandparents were born in Poland and came to Australia in the 1930''s. They were naturalised in 1943/44 repectively and her grandfather served in the Australian army. They married in 1945.', NULL, NULL, 'skliger@bigpond.com', NULL, NULL, NULL, NULL, 15, NULL, 1, 1, '2012-12-10 00:00:00', 2, '2012-12-10 00:00:00', NULL, NULL, NULL, 1, '2012-12-10 00:00:00', NULL, NULL, NULL, NULL, NULL, NULL, NULL, NULL, NULL, NULL, NULL),
(117, 'Kathrin Bulat', 'none', '2012-12-10 00:00:00', 'Parents were born in Poland. Still have various documents. Asked her to send us the documents and suggested a meeting.', '03 8613 1452', NULL, 'kathrin@ymail.com', NULL, NULL, NULL, 5, 15, NULL, 1, 1, '2012-12-10 00:00:00', 2, '2012-12-10 00:00:00', NULL, NULL, NULL, 1, '2012-12-10 00:00:00', NULL, NULL, NULL, NULL, NULL, NULL, NULL, NULL, NULL, NULL, NULL),
(118, 'Dariusz Rusiecki', 'none', '2012-12-12 00:00:00', 'Was born in Poland and parents were born in Poland as well. Has parents'' expired passports.', NULL, NULL, 'dariusz.rusiecki@gmail.com', NULL, NULL, NULL, NULL, 15, NULL, 1, 2, '2012-12-12 00:00:00', NULL, '2012-12-12 00:00:00', NULL, NULL, NULL, 1, '2012-12-12 00:00:00', NULL, NULL, NULL, NULL, NULL, NULL, NULL, NULL, NULL, NULL, NULL),
(119, 'Trevor Ziemer', 'none', '2012-12-12 00:00:00', 'His father was born in Poland and he has his birth certificate.', NULL, '0419 118 295', 'trevor.ziemer61@gmail.com', NULL, NULL, NULL, NULL, 15, NULL, 1, 1, '2012-12-12 00:00:00', NULL, '2012-12-12 00:00:00', NULL, NULL, NULL, 1, '2012-12-12 00:00:00', NULL, NULL, NULL, NULL, NULL, NULL, NULL, NULL, NULL, NULL, NULL),
(120, 'Evi Perlmutter', 'none', '2012-12-12 00:00:00', 'Her parents were born in Poland, mother is still alive. Has father''s birth certificate and everyone''s expired passports. She will send me scans of them.', '02 9130 7647', NULL, 'eviperlmutter@hotmail.com', '23 Benelong Cres,', 'Bellevue Hill', '2023', 8, 15, NULL, 1, 1, '2012-12-12 00:00:00', NULL, '2012-12-12 00:00:00', NULL, NULL, NULL, 1, '2012-12-12 00:00:00', NULL, NULL, NULL, NULL, NULL, NULL, NULL, NULL, NULL, NULL, NULL),
(122, 'Kyle Czech', 'none', '2012-12-12 00:00:00', 'His father and grandparents were Polish. They went to Germany then to Australia. He indicated that he has various documents and I asked him to send them through.', NULL, '0400 019 092', 'kyle.czech@live.com.au', NULL, NULL, NULL, NULL, 15, NULL, 1, 1, '2012-12-12 00:00:00', NULL, '2012-12-12 00:00:00', NULL, NULL, NULL, 1, '2012-12-12 00:00:00', NULL, NULL, NULL, NULL, NULL, NULL, NULL, NULL, NULL, NULL, NULL),
(123, 'Nicholas Barclay', 'BAR-1/13', '2012-12-12 00:00:00', 'Maternal grandmother was Polish. Has some documents but is not sure what they are.', NULL, '0402 699 279', 'nbarclay@serviceworks.com.au', NULL, NULL, NULL, NULL, 15, 1, 1, 3, '2012-12-12 00:00:00', 2, '2012-12-12 00:00:00', NULL, NULL, NULL, 1, '2012-12-12 00:00:00', NULL, NULL, NULL, NULL, NULL, NULL, NULL, NULL, NULL, NULL, NULL),
(124, 'Julian Kudelko', 'none', '2012-12-13 00:00:00', 'His maternal grandmother is Polish, asked to see documents.', NULL, '0414 767 085', 'jmkudelko@gmail.com', NULL, NULL, NULL, NULL, 15, NULL, 1, 1, '2012-12-13 00:00:00', 2, NULL, NULL, NULL, NULL, 1, '2012-12-13 00:00:00', NULL, NULL, NULL, NULL, NULL, NULL, NULL, NULL, NULL, NULL, NULL),
(125, 'Hannah Warren', 'WAR-1/13', '2013-01-07 00:00:00', NULL, NULL, '0449 604 671', 'hannahjwarren@hotmail.com', NULL, NULL, NULL, NULL, 15, NULL, 1, 1, '2013-01-07 00:00:00', NULL, NULL, NULL, NULL, NULL, NULL, NULL, NULL, NULL, NULL, NULL, NULL, NULL, NULL, NULL, NULL, NULL, NULL),
(129, 'Alexandra Radywonik', 'RAD-1/13', '2013-01-07 00:00:00', 'Parents and grandparents were Polish. Father served in the army and she has documents. Asked her to send scans of everything.', '93186785', '0400 067 080', 'radywonik.alex@gmail.com', '91 Norfolk Street', 'Maidstone', '3012', 5, 15, 2, 2, 3, '2013-01-07 00:00:00', 2, '2013-01-07 00:00:00', NULL, NULL, NULL, NULL, NULL, NULL, NULL, NULL, NULL, NULL, NULL, NULL, NULL, NULL, NULL, NULL),
(130, 'Elisabeth Akhurst', 'AKH-1/13', '2013-01-07 00:00:00', 'Maternal grandparents were born in Poland. She isn''t sure if she has documents. Asked her to check and email scans.', '02 9087 4600', NULL, 'elisabethakhurst@gmail.com', NULL, NULL, NULL, 8, 15, NULL, 1, 1, '2013-01-07 00:00:00', 2, '2013-01-07 00:00:00', NULL, NULL, NULL, NULL, NULL, NULL, NULL, NULL, NULL, NULL, NULL, NULL, NULL, NULL, NULL, NULL),
(131, 'Monika Page', 'PAG-2/13', '2013-01-07 00:00:00', NULL, NULL, '0400 097 199', 'monika.page@horizonpower.com.au', '46 Kingsall Road', 'Attadale', '6156', 6, 15, NULL, 2, 1, '2013-01-07 00:00:00', 2, NULL, NULL, NULL, NULL, NULL, NULL, NULL, NULL, NULL, NULL, NULL, NULL, NULL, NULL, NULL, NULL, NULL),
(132, 'Lucas Page', 'PAG-2/13', '2013-01-07 00:00:00', NULL, NULL, '0428 979 283', 'monika.page@horizonpower.com.au', NULL, NULL, NULL, NULL, NULL, NULL, 2, 1, '2013-01-07 00:00:00', NULL, NULL, NULL, NULL, NULL, NULL, NULL, NULL, NULL, NULL, NULL, NULL, NULL, NULL, NULL, NULL, NULL, NULL),
(133, 'Sam Margalit', 'MARG-1/13', '2013-01-07 00:00:00', 'Paternal grandparents were Polish. Left Poland for South Africa. He isn''t sure if he has any documents. Asked to check and send.', NULL, '0400 429 423', 'sam@margalit.com.au', NULL, NULL, NULL, NULL, 15, NULL, 1, 1, '2013-01-07 00:00:00', 2, '2012-01-07 00:00:00', NULL, NULL, NULL, NULL, NULL, NULL, NULL, NULL, NULL, NULL, NULL, NULL, NULL, NULL, NULL, NULL),
(134, 'Mark Cullen', 'CUL-1/13', '2013-01-07 00:00:00', 'Mother was born in Poland. Has birth certificate, asked him to email scan.', NULL, '0431 979 047', 'markcullen66@hotmail.com', NULL, NULL, NULL, NULL, 15, NULL, 1, 1, '2013-01-07 00:00:00', 2, '2013-01-07 00:00:00', NULL, NULL, NULL, NULL, NULL, NULL, NULL, NULL, NULL, NULL, NULL, NULL, NULL, NULL, NULL, NULL),
(135, 'Tamara Smolinski', 'SMO-1/13', '2013-01-08 00:00:00', NULL, '44 7703980975', NULL, 'tamara.smolinski@live.com', NULL, 'London', NULL, NULL, 243, NULL, 1, 1, '2013-01-08 00:00:00', 2, '2013-01-08 00:00:00', NULL, NULL, NULL, NULL, NULL, NULL, NULL, NULL, NULL, NULL, NULL, NULL, NULL, NULL, NULL, NULL),
(136, 'Rina Neustroski', 'NEU-1/13', '2013-01-08 00:00:00', 'Great-grandparents were Polish and migrated to NZ. She has MC from church but is not sure if she has anything else.', NULL, '0407 336 006', 'rina@kithbrookepark.com.au', NULL, NULL, NULL, NULL, 15, NULL, 1, 1, '2013-01-08 00:00:00', 2, '2013-01-08 00:00:00', NULL, NULL, NULL, NULL, NULL, NULL, NULL, NULL, NULL, NULL, NULL, NULL, NULL, NULL, NULL, NULL),
(137, 'Antonina Pilat', 'none', '2013-01-08 00:00:00', 'Both parents were born in Poland. Sent her an email and asked if she can provide us with scans of documents.', NULL, NULL, 'Antonina.Pilat@bakermckenzie.com', NULL, NULL, NULL, NULL, 15, NULL, 1, 1, '2013-01-08 00:00:00', 2, '2013-01-08 00:00:00', NULL, NULL, NULL, NULL, NULL, NULL, NULL, NULL, NULL, NULL, NULL, NULL, NULL, NULL, NULL, NULL),
(138, 'Lauren Burgoyne', 'BUR-3/13', '2013-01-08 00:00:00', NULL, NULL, '0401 829 959', 'lozburgoyne@hotmail.com', '4 Weston Avenue', 'South Perth', '6151', 6, 15, 1, 2, 1, '2013-01-08 00:00:00', NULL, NULL, NULL, NULL, NULL, NULL, NULL, NULL, NULL, NULL, NULL, NULL, NULL, NULL, NULL, NULL, NULL, NULL),
(139, 'Eddy Reksmiss', 'none', '2013-01-09 00:00:00', 'Parents and grandparents were born in Poland. Has father''s baptism certificate from Germany which states he was born in Wilno. Asked him to send more info and docs.', NULL, '02 0400 917 061', 'traceyreksmiss@optusnet.com.au', NULL, NULL, NULL, 8, 15, NULL, 1, 1, '2013-01-09 00:00:00', 2, '2013-01-09 00:00:00', NULL, NULL, NULL, NULL, NULL, NULL, NULL, NULL, NULL, NULL, NULL, NULL, NULL, NULL, NULL, NULL),
(140, 'Benjamin Niciak', 'NIC-1/13', '2013-01-09 00:00:00', 'Grandparents on both side were born in Poland. Indicated that he has birth and marriage certificates.', '02 4758 8388', NULL, 'ben.niciak@gmail.com', NULL, NULL, NULL, 8, 15, NULL, 1, 1, '2013-01-09 00:00:00', 2, '2013-01-09 00:00:00', NULL, NULL, 'Does not want to be contaced after initial enquiry.', NULL, NULL, NULL, NULL, NULL, NULL, NULL, NULL, NULL, NULL, NULL, NULL, NULL),
(142, 'Leon Lewandowski', 'LEW-2/13', '2013-01-09 00:00:00', 'Parents and maternal grandmother were born in Poland. Someone served in the Polish army and he has documents. Asked him to send them through. Has 2 children: Marcus and Amanda.', NULL, '0419 786 376', 'leonl@westnet.com.au', NULL, NULL, NULL, NULL, 15, NULL, 1, 1, '2013-01-09 00:00:00', 2, '2013-01-09 00:00:00', NULL, NULL, NULL, NULL, NULL, NULL, NULL, NULL, NULL, NULL, NULL, NULL, NULL, NULL, NULL, NULL),
(143, 'Mark Szulgit', 'SZU-1/13', '2013-01-09 00:00:00', 'Paternal grandparents were Polish and migrated to Australia before 1939. He isn''t sure if he has documents. Asked him to check.', '646 2489486', NULL, 'markszulgit@hotmail.com', NULL, NULL, NULL, NULL, 244, NULL, 1, 1, '2013-01-09 00:00:00', 2, '2013-01-09 00:00:00', NULL, NULL, NULL, NULL, NULL, NULL, NULL, NULL, NULL, NULL, NULL, NULL, NULL, NULL, NULL, NULL),
(144, 'John-Paul Syriatowicz', 'SYR-1/13', '2013-01-10 00:00:00', 'Father and grandparents were born in Poland. Isn''t sure if he has documents. Asked to send them.', NULL, '0416 209 413', 'jp@squiz.net', NULL, NULL, NULL, NULL, 15, NULL, 1, 1, '2013-01-10 00:00:00', 2, '2013-01-10 00:00:00', NULL, NULL, NULL, NULL, NULL, NULL, NULL, NULL, NULL, NULL, NULL, NULL, NULL, NULL, NULL, NULL),
(145, 'Malia Swieconek', 'SWI-1/13', '2013-01-10 00:00:00', 'Paternal grandparents were born in Poland. Asked her to send documents she has.', '(202) 3211607', NULL, 'malia.price-morris@wellsfargo.com', NULL, NULL, NULL, NULL, 244, NULL, 1, 1, '2013-01-10 00:00:00', 2, '2013-01-10 00:00:00', NULL, NULL, NULL, NULL, NULL, NULL, NULL, NULL, NULL, NULL, NULL, NULL, NULL, NULL, NULL, NULL),
(146, 'Naomi Adamczyk', 'ADA-1/13', '2013-01-11 00:00:00', 'Parents and grandparents were born in Poland. Someone served in the army. She has documents, but is not sure what they are. Asked her to send them.', '08 9377 7186', NULL, 'naomi.adamczyk@gmail.com', NULL, NULL, NULL, 6, 15, NULL, 1, 1, '2013-01-11 00:00:00', 2, '2013-01-11 00:00:00', NULL, NULL, NULL, NULL, NULL, NULL, NULL, NULL, NULL, NULL, NULL, NULL, NULL, NULL, NULL, NULL),
(147, 'John Duris', 'DUR-1/13', '2013-01-11 00:00:00', 'Mother and grandparents are Polish. Has expired passport but is not sure what else he has. Asked him to send everything through.', NULL, '0410 114 119', 'jduristrading@gmail.com', NULL, NULL, NULL, NULL, 15, NULL, 1, 3, '2013-01-11 00:00:00', 2, '2013-01-11 00:00:00', NULL, NULL, NULL, NULL, NULL, NULL, NULL, NULL, NULL, NULL, NULL, NULL, NULL, NULL, NULL, NULL),
(148, 'Roman Anorov', 'ANO-4/13', '2013-01-11 00:00:00', 'Him and 3 children', NULL, '0439 245 788', 'anorovs@gmail.com', '5 Hotham Crescent', 'Deakin', '2600', 7, 15, 2, 2, 1, '2012-09-17 00:00:00', NULL, NULL, NULL, NULL, NULL, NULL, NULL, NULL, NULL, NULL, NULL, NULL, NULL, NULL, NULL, NULL, NULL, NULL),
(150, 'Samara White', 'WHI-1/13', '2013-01-11 00:00:00', 'Great-grandmother was Polish. Left before 1918. She isn''t sure if she has any documents.', '520 444 6259', NULL, 'samaraw29@gmail.com', NULL, NULL, NULL, NULL, 244, NULL, 1, 1, '2013-01-11 00:00:00', 2, '2013-01-11 00:00:00', NULL, NULL, NULL, NULL, NULL, NULL, NULL, NULL, NULL, NULL, NULL, NULL, NULL, NULL, NULL, NULL),
(151, 'Miriam Baz', 'none', '2013-01-17 00:00:00', 'Parents were born in Poland. Mum in 1921 in Radzim and Father in 1912 in Minsk. Got married in Bad Reichenhall where sister was born. Migrated to Australia in 1949. Changed name from Bazewicz to Baz. Application would be for two unmarried adult sons.', NULL, NULL, 'miriamb@hotkey.net.au', NULL, NULL, NULL, NULL, 15, NULL, 1, 1, '2013-01-17 00:00:00', 2, '2013-01-17 00:00:00', NULL, NULL, NULL, NULL, NULL, NULL, NULL, NULL, NULL, NULL, NULL, NULL, NULL, NULL, NULL, NULL),
(152, 'Sonia Newell', 'none', '2013-01-17 00:00:00', NULL, NULL, NULL, 'newell-knespal@bigpond.com', NULL, NULL, NULL, NULL, 15, NULL, 1, 1, '2013-01-17 00:00:00', NULL, '2013-01-17 00:00:00', NULL, NULL, NULL, NULL, NULL, NULL, NULL, NULL, NULL, NULL, NULL, NULL, NULL, NULL, NULL, NULL),
(154, 'Paulina Henrieta Gray', 'GRA-3/13', '2013-01-17 00:00:00', NULL, '02 9363 4352', '0423 459 750', 'acrgray@gmail.com', '9 Trelawney Street', 'Woollahra', '2025', 8, 15, 1, 2, 1, '2013-01-17 00:00:00', NULL, NULL, NULL, NULL, NULL, NULL, NULL, NULL, NULL, NULL, NULL, NULL, NULL, NULL, NULL, NULL, NULL, NULL),
(155, 'Naomi Batiste', 'BATI-1/13', '2013-01-17 00:00:00', 'Father was born in Poland but she no longer is in contact with him. Asked if she can try and obtain the documents from him.', NULL, NULL, 'naomibatiste@hotmail.com', NULL, NULL, NULL, NULL, 15, 2, 1, 1, '2013-01-17 00:00:00', 2, NULL, NULL, NULL, NULL, NULL, NULL, NULL, NULL, NULL, NULL, NULL, NULL, NULL, NULL, NULL, NULL, NULL),
(156, 'Stan Kozera', 'KOZ-3/13', '2013-01-17 00:00:00', 'Father was in army. Has various documents.', '02 6772 9728', NULL, 'kozera@northnet.com.au', 'Post Office Box 793', 'Armidale', '2350', 8, 15, 2, 2, 1, '2013-01-17 00:00:00', 2, '2013-01-17 00:00:00', NULL, NULL, NULL, NULL, NULL, NULL, NULL, NULL, NULL, NULL, NULL, NULL, NULL, NULL, NULL, NULL),
(157, 'Yolanda Loughnan', 'LOU-5/13', '2013-01-17 00:00:00', 'Spoke to her on the phone and asked her to send copies of documents through.', NULL, '0411 542 260', 'yolanda.loughnan@gmail.com', NULL, NULL, NULL, NULL, 15, NULL, 1, 1, '2013-01-17 00:00:00', 2, '2013-01-17 00:00:00', NULL, NULL, NULL, NULL, NULL, NULL, NULL, NULL, NULL, NULL, NULL, NULL, NULL, NULL, NULL, NULL),
(158, 'Bianca Patrick', 'PAT-1/13', '2013-01-17 00:00:00', 'Asked her to send documents.', NULL, '0412 884 994', 'nathan.patrick@insearch.edu.au', NULL, NULL, NULL, NULL, 15, NULL, 1, 1, '2013-01-17 00:00:00', 2, '2013-01-17 00:00:00', NULL, NULL, NULL, NULL, NULL, NULL, NULL, NULL, NULL, NULL, NULL, NULL, NULL, NULL, NULL, NULL),
(159, 'Patricia Einh?rning', 'ENH-1/13', '2013-01-17 00:00:00', 'Mother and grandparents were Polish. One family member served in Polish army. Has documents asked her to send them.', '46 46709237626', NULL, 'patricia.e@live.se', NULL, NULL, NULL, NULL, 222, NULL, 1, 1, '2013-01-17 00:00:00', 2, '2013-01-17 00:00:00', NULL, NULL, NULL, NULL, NULL, NULL, NULL, NULL, NULL, NULL, NULL, NULL, NULL, NULL, NULL, NULL),
(160, 'Eva Krystoff', 'KRY-1/13', '2013-01-18 00:00:00', 'Her grandmother was Polish. She only has NC. Asked her a few questions about her grandfather.', '954 646 2884', NULL, 'eva.krystoff@alliancebernstein.com', NULL, NULL, NULL, NULL, 244, NULL, 1, 1, '2013-01-18 00:00:00', 2, '2013-01-18 00:00:00', NULL, NULL, NULL, NULL, NULL, NULL, NULL, NULL, NULL, NULL, NULL, NULL, NULL, NULL, NULL, NULL),
(161, 'Paula Tudek', 'TUD-1/13', '2013-01-18 00:00:00', 'Parents and grandparents are Polish. Asked her to send the documents she''s got (PL passport, BC and MC).', '44 7535810139', NULL, 'paulatudek@gmail.com', NULL, NULL, NULL, NULL, 243, NULL, 1, 1, '2013-01-18 00:00:00', 2, '2013-01-18 00:00:00', NULL, NULL, NULL, NULL, NULL, NULL, NULL, NULL, NULL, NULL, NULL, NULL, NULL, NULL, NULL, NULL),
(162, 'John Kasbara', 'KAS-1/13', '2013-01-18 00:00:00', 'Maternal grandparents are Polish. Grandfather served in Polish army. Has BC. Asked him to send.', '902 1012232', NULL, 'ipitythefool101@gmail.com', NULL, NULL, NULL, NULL, 244, NULL, 1, 1, '2013-01-18 00:00:00', 2, '2013-01-18 00:00:00', NULL, NULL, NULL, NULL, NULL, NULL, NULL, NULL, NULL, NULL, NULL, NULL, NULL, NULL, NULL, NULL),
(163, 'Mathew Mertuszka', 'MER-1/13', '2013-01-18 00:00:00', 'Parents and grandparents were PL. Someone served in army. Has documents but doesn''t know what they are. Asked him to send them through.', '03 94368034', NULL, 'mer1989@bigpond.com', NULL, NULL, NULL, 5, 15, NULL, 1, 1, '2013-01-18 00:00:00', 2, '2013-01-18 00:00:00', NULL, NULL, NULL, NULL, NULL, NULL, NULL, NULL, NULL, NULL, NULL, NULL, NULL, NULL, NULL, NULL),
(164, 'Marek Kostrzewa', 'KOS-1/13', '2013-01-18 00:00:00', 'Has various documents on parents and grandparents. Asked to send them through.', NULL, '0419 167 158', 'mark.sam@iinet.net.au', NULL, NULL, NULL, NULL, 15, NULL, 1, 1, '2013-01-18 00:00:00', 2, '2013-01-18 00:00:00', NULL, NULL, NULL, NULL, NULL, NULL, NULL, NULL, NULL, NULL, NULL, NULL, NULL, NULL, NULL, NULL),
(165, 'Kylie Ewart', 'EWA-1/13', '2013-01-18 00:00:00', 'Maternal grandparents were Polish. Grandfather was officer in army. Has various documents, asked to email them.', NULL, '0401 136 691', 'skewart@bigpond.com', NULL, NULL, NULL, NULL, 15, NULL, 1, 1, '2013-01-18 00:00:00', 2, '2013-01-18 00:00:00', NULL, NULL, NULL, NULL, NULL, NULL, NULL, NULL, NULL, NULL, NULL, NULL, NULL, NULL, NULL, NULL),
(166, 'Karolina Kozlowska', 'KOZL-1/13', '2013-01-18 00:00:00', 'Was born in Poland, all ancestors are Polish. Asked to send more info and docs.', '02 9676 4225', NULL, 'kk_magna@bigpond.com', NULL, NULL, NULL, 8, 15, NULL, 1, 1, '2013-01-18 00:00:00', 2, '2013-01-18 00:00:00', NULL, NULL, NULL, NULL, NULL, NULL, NULL, NULL, NULL, NULL, NULL, NULL, NULL, NULL, NULL, NULL),
(167, 'Stefan Zasiadczyk', 'ZAS-1/13', '2013-01-18 00:00:00', 'Paternal grandfather is Polish. Asked to send us documents.', NULL, '0434 534 533', 'stefan.zasiadczyk@deewr.gov.au', NULL, NULL, NULL, NULL, 15, NULL, 1, 1, '2013-01-18 00:00:00', 2, '2013-01-18 00:00:00', NULL, NULL, NULL, 6, '2013-03-08 00:00:00', NULL, NULL, NULL, NULL, NULL, NULL, NULL, NULL, NULL, NULL, NULL),
(168, 'Jacqueline Szady', 'SZA-1/13', '2013-01-18 00:00:00', 'Father and grandparents were Polish. Doesn''t know if she has documents, asked her to check.', NULL, '0422 279 508', 'szadyj@transfieldservices.com', NULL, NULL, NULL, NULL, 15, NULL, 1, 1, '2013-01-18 00:00:00', 2, '2013-01-18 00:00:00', NULL, NULL, NULL, NULL, NULL, NULL, NULL, NULL, NULL, NULL, NULL, NULL, NULL, NULL, NULL, NULL),
(169, 'Benjamin Grady', 'GRADY-1/13', '2013-01-18 00:00:00', 'Great-grandfather was Polish. Only has American issued documents. Great grandfather was naturalised at the age of 51 in 1939 (may or may not be a concern).', '505 903 9286', NULL, 'benjamingrady@hotmail.com', NULL, NULL, NULL, NULL, 244, 1, 1, 1, '2013-01-18 00:00:00', 2, '2013-01-18 00:00:00', NULL, NULL, NULL, NULL, NULL, NULL, NULL, NULL, NULL, NULL, NULL, NULL, NULL, NULL, NULL, NULL),
(170, 'Earanee Niedzwiecki', 'NIE-1/3', '2013-01-18 00:00:00', 'Paternal grandfather was Polish. She isn''t sure if family has any documents. Asked her to check.', '08 8269 1870', NULL, 'earanee.n@gmail.com', NULL, NULL, NULL, NULL, 15, NULL, 1, 1, '2013-01-18 00:00:00', 2, '2013-01-18 00:00:00', NULL, NULL, NULL, NULL, NULL, NULL, NULL, NULL, NULL, NULL, NULL, NULL, NULL, NULL, NULL, NULL),
(171, 'Shane Rafanowicz', 'RAF-1/13', '2013-01-18 00:00:00', NULL, NULL, '0422 150 313', 'shane.rafanowicz@gmail.com', NULL, NULL, NULL, 2, 15, NULL, 1, 2, '2013-01-18 00:00:00', NULL, NULL, NULL, NULL, NULL, NULL, NULL, NULL, NULL, NULL, NULL, NULL, NULL, NULL, NULL, NULL, NULL, NULL),
(172, 'Hania Owsinski', 'OWS-1/13', '2013-01-21 00:00:00', 'Father is Polish and still lives in Poland. Asked her which documents are available.', NULL, '0434 834 816', 'haniajoy@gmail.com', NULL, NULL, NULL, NULL, 15, NULL, 1, 1, '2013-01-21 00:00:00', 2, '2013-01-21 00:00:00', NULL, NULL, NULL, NULL, NULL, NULL, NULL, NULL, NULL, NULL, NULL, NULL, NULL, NULL, NULL, NULL),
(173, 'Elizabeth Reynolds', 'REY-1/13', '2013-01-21 00:00:00', NULL, '02 4952 7674', '0402 409 474', 'ge.reynolds@optusnet.com.au', '5 High Street', 'Lambton', '2299', 8, 15, 1, 2, 1, '2013-01-21 00:00:00', NULL, NULL, NULL, NULL, NULL, NULL, NULL, NULL, NULL, NULL, NULL, NULL, NULL, NULL, NULL, NULL, NULL, NULL),
(174, 'Izabela Nowakowska', 'NOW-1/13', '2013-01-21 00:00:00', 'She and parents were born in Poland. Asked her to send docs.', NULL, '0466 832 065', 'izabela.nowakowska@mail.com', NULL, NULL, NULL, NULL, 15, NULL, 1, 1, '2013-01-21 00:00:00', 2, '2013-01-21 00:00:00', NULL, NULL, NULL, NULL, NULL, NULL, NULL, NULL, NULL, NULL, NULL, NULL, NULL, NULL, NULL, NULL),
(175, 'Michelle Matheson', 'MAT-1/13', '2013-01-21 00:00:00', 'Father and grandparents were Polish. Needs to speak to her mum to see if there are any documents or information. Her dad passed away.', '07 5545 0821', NULL, 'mmatheson3@hotmail.com', NULL, NULL, NULL, 2, 15, NULL, 1, 1, '2013-01-21 00:00:00', 2, '2013-01-21 00:00:00', NULL, NULL, NULL, NULL, NULL, NULL, NULL, NULL, NULL, NULL, NULL, NULL, NULL, NULL, NULL, NULL),
(176, 'Chris Dziuba', 'DZI-1/13', '2013-01-21 00:00:00', 'Parents and grandparents were Polish. Had PL passport in the past. Asked him to send more info.', '403 919 1577', NULL, 'c.dziuba@hotmail.com', NULL, NULL, NULL, NULL, 43, NULL, 1, 1, '2013-01-21 00:00:00', 2, '2013-01-21 00:00:00', NULL, NULL, NULL, NULL, NULL, NULL, NULL, NULL, NULL, NULL, NULL, NULL, NULL, NULL, NULL, NULL),
(177, 'Celeste Kolanko', 'KOL-1/13', '2013-01-22 00:00:00', 'Paternal grandparents are Polish. Asked her to send documents.', '(917) 2501795', NULL, 'celestek3@yahoo.com', NULL, NULL, NULL, NULL, 244, NULL, 1, 1, '2013-01-22 00:00:00', 2, '2013-01-22 00:00:00', NULL, NULL, NULL, NULL, NULL, NULL, NULL, NULL, NULL, NULL, NULL, NULL, NULL, NULL, NULL, NULL),
(178, 'Tess Schlink', 'SCH-1/13', '2013-01-22 00:00:00', 'Grandfather was Polish and served in army. Asked her to check if she has documents.', NULL, '0409 992 072', 'tessalexandraschlink@hotmail.com', NULL, NULL, NULL, NULL, 15, NULL, 1, 1, '2013-01-22 00:00:00', 2, '2013-01-22 00:00:00', NULL, NULL, NULL, NULL, NULL, NULL, NULL, NULL, NULL, NULL, NULL, NULL, NULL, NULL, NULL, NULL),
(179, 'Madeline McShane', 'none', '2013-01-22 00:00:00', 'Grandmother is Polish. Asked her to check if she has documents.', NULL, '0402 733 550', 'madeline_helena@hotmail.com', NULL, NULL, NULL, NULL, 15, NULL, 1, 1, '2013-01-22 00:00:00', 2, '2013-01-22 00:00:00', NULL, NULL, NULL, NULL, NULL, NULL, NULL, NULL, NULL, NULL, NULL, NULL, NULL, NULL, NULL, NULL),
(180, 'Joanne Masternak', 'MAS-1/13', '2013-01-23 00:00:00', 'Grandparents were Polish. Asked her to send the documents she has.', '(33) 0668780301', NULL, 'jmmasternak@gmail.com', NULL, NULL, NULL, NULL, 82, NULL, 1, 1, '2013-01-23 00:00:00', 2, '2013-01-23 00:00:00', NULL, NULL, NULL, NULL, NULL, NULL, NULL, NULL, NULL, NULL, NULL, NULL, NULL, NULL, NULL, NULL),
(181, 'Elliot Wasniewski', 'WAS-1/13', '2013-01-23 00:00:00', 'Paternal grandfather was Polish. Says he doesn''t have documents but asked him to double check.', NULL, '0401 200 663', 'elliot.wasniewski@live.com', NULL, NULL, NULL, NULL, 15, NULL, 1, 1, '2013-01-23 00:00:00', 2, '2012-01-23 00:00:00', NULL, NULL, NULL, NULL, NULL, NULL, NULL, NULL, NULL, NULL, NULL, NULL, NULL, NULL, NULL, NULL),
(182, 'Robert Frankow', 'FRA-1/13', '2013-01-23 00:00:00', 'Parents and grandparents were Polish. Has documents, asked him to send them.', '01752 290 767', NULL, 'rob.frankow@blueyonder.co.uk', NULL, NULL, NULL, NULL, 243, NULL, 1, 1, '2013-01-23 00:00:00', 2, '2013-01-23 00:00:00', NULL, NULL, NULL, NULL, NULL, NULL, NULL, NULL, NULL, NULL, NULL, NULL, NULL, NULL, NULL, NULL),
(183, 'Aleksander Kornel', 'KORN-1/13', '2013-01-24 00:00:00', 'Parents and grandparents were Polish. Asked him to send all documents he has.', NULL, '0421 728 140', 'alekskornel@hotmail.com', NULL, NULL, NULL, NULL, 15, NULL, 1, 1, '2013-01-24 00:00:00', 2, '2013-01-24 00:00:00', NULL, NULL, NULL, NULL, NULL, NULL, NULL, NULL, NULL, NULL, NULL, NULL, NULL, NULL, NULL, NULL),
(184, 'Peter John Chesterfield', 'CHE-1/13', '2013-01-25 00:00:00', 'Grandparents are Polish and still alive. Mother born in Germany. Is very keen to start the process. Sent forms and asked to send documents. His cousin Philip is currently in Poland (Sopot and Gdansk), returning next week. He will bring more documents', 'chesterfieldpeter@gmail.com', '0415 508 800', 'peter.chesterfield@mcarthur.com.au', '137 Orrong Road', 'Elsternwick', '3185', 5, 15, 1, 2, 1, '2013-01-25 00:00:00', 4, '2013-01-25 00:00:00', NULL, NULL, NULL, NULL, NULL, NULL, NULL, NULL, NULL, NULL, NULL, NULL, NULL, NULL, NULL, NULL),
(185, 'Michelle Korycin', 'KOR-1/13', '2013-01-25 00:00:00', 'Father and grandparents are Polish. Isn''t sure if she has documents. Asked her to check.', NULL, '0439 691 324', 'michelle.korycin@hotmail.com', NULL, NULL, NULL, NULL, 15, NULL, 1, 1, '2013-01-25 00:00:00', 2, NULL, NULL, NULL, NULL, 6, '2013-03-08 00:00:00', NULL, NULL, NULL, NULL, NULL, NULL, NULL, NULL, NULL, NULL, NULL),
(186, 'Bodhi Randell-Deptula', 'RAN-1/13', '2013-01-29 00:00:00', 'Paternal grandparents were Polish. Grandfather was in army. He thinks he still has some documents, asked him to send them through.', '08 8355 4466', NULL, 'brandell-deptula@hotmail.com', NULL, NULL, NULL, NULL, 15, NULL, 1, 1, '2013-01-29 00:00:00', 2, '2013-01-29 00:00:00', NULL, NULL, NULL, NULL, NULL, NULL, NULL, NULL, NULL, NULL, NULL, NULL, NULL, NULL, NULL, NULL),
(187, 'Joel Gory', 'GOR-1/13', '2013-01-29 00:00:00', 'Maternal grandparents and paternal grandfather were born in Poland. Great-grandfather Henrik Bodian served in army. Has passport of Izak Bodian. Place of birth is now in Ukraine. Asked for more information and documents.', '03 9532 4024', NULL, 'evagory@gmail.com', NULL, NULL, NULL, 5, 15, NULL, 1, 1, '2013-01-29 00:00:00', 2, '2013-01-29 00:00:00', NULL, NULL, 'Eva called 7/2/13, left a message', NULL, NULL, NULL, NULL, NULL, NULL, NULL, NULL, NULL, NULL, NULL, NULL, NULL),
(188, 'Christyna Kruczaj', 'KRU-1/13', '2013-01-29 00:00:00', 'Parents and grandparents are Polish. Has various documents. Asked her to email them.', '07 5570 6699', NULL, 'christyna.kruczaj@cosmeditour.com', NULL, NULL, NULL, 2, 15, NULL, 1, 1, '2013-01-29 00:00:00', 2, '2013-01-29 00:00:00', NULL, NULL, NULL, NULL, NULL, NULL, NULL, NULL, NULL, NULL, NULL, NULL, NULL, NULL, NULL, NULL),
(189, 'Daniel Powiecki', 'POW-1/13', '2013-01-29 00:00:00', 'Maternal grandparents were Polish. He has passport and BC. Asked him to send them through.', '07 968614012', NULL, 'danielpowiecki@hotmail.com', NULL, NULL, NULL, NULL, 243, NULL, 1, 1, '2013-01-29 00:00:00', 2, '2013-01-29 00:00:00', NULL, NULL, NULL, NULL, NULL, NULL, NULL, NULL, NULL, NULL, NULL, NULL, NULL, NULL, NULL, NULL),
(190, 'Zevon Hiltz', 'HIL-1/13', '2013-01-29 00:00:00', 'Mother and grandparents are Polish. Went to Australia and Israel. Has some documents asked him to send them through.', NULL, '0438 123 021', 'zevon01@hotmail.com', NULL, NULL, NULL, NULL, 15, NULL, 1, 1, '2013-01-29 00:00:00', 2, '2012-01-29 00:00:00', NULL, NULL, NULL, NULL, NULL, NULL, NULL, NULL, NULL, NULL, NULL, NULL, NULL, NULL, NULL, NULL),
(191, 'Marama Whyte', 'BEN-3/13', '2013-01-29 00:00:00', 'Paternal grandparents were Polish. Asked her to send all known information.', '03 9544 7692', NULL, 'marama.whyte@gmail.com', NULL, NULL, NULL, 5, 15, 2, 1, 1, '2013-01-29 00:00:00', 2, '2012-01-29 00:00:00', NULL, NULL, NULL, NULL, NULL, NULL, NULL, NULL, NULL, NULL, NULL, NULL, NULL, NULL, NULL, NULL),
(192, 'Brian Exelbierd', 'EXE-1/13', '2013-01-29 00:00:00', 'Father and paternal grandparents are Polish. Asked him to send documents.', '420 606055877', NULL, 'bex@pobox.com', NULL, NULL, NULL, NULL, 64, 1, 1, 1, '2013-01-29 00:00:00', 2, '2013-01-29 00:00:00', NULL, NULL, NULL, NULL, NULL, NULL, NULL, NULL, NULL, NULL, NULL, NULL, NULL, NULL, NULL, NULL),
(193, 'Jeffrey Bender', 'BEN-3/13', '2013-01-30 00:00:00', 'Parents and grandparents were Polish. He has passports and army records. Asked him to send everything through.', '03 9544 7692', '0417 031149', 'jeffreysbender1@gmail.com', '3 Beddoe Avenue', 'Clayton', '3168', 5, 15, 2, 2, 1, '2013-01-30 00:00:00', 2, '2013-01-30 00:00:00', NULL, NULL, NULL, NULL, NULL, NULL, NULL, NULL, NULL, NULL, NULL, NULL, NULL, NULL, NULL, NULL),
(194, 'David Pipczak', 'none', '2013-01-31 00:00:00', 'Not born in Poland. Father Polish, paternal grandparents too. Polish army: no. Unsure whether his grandfather was a soldier as he did not like to talk about it. Left Poland after 1945 and moved to Australia.Not sure about documents. No passport.', '0468 377 917', NULL, 'd_pipczak@yahoo.com.au', NULL, NULL, NULL, NULL, 15, NULL, 1, 1, '2013-01-31 00:00:00', 6, '2013-02-11 00:00:00', NULL, NULL, NULL, NULL, NULL, NULL, NULL, NULL, NULL, NULL, NULL, NULL, NULL, NULL, NULL, NULL),
(196, 'Olivia Piskadlo-Jones', 'PIS-1/13', '2013-01-31 00:00:00', 'Client took some time to  make a decision. Scope of enquiry is to look for grandfather''s docs ONLY.', NULL, '0422 330 712', 'oliviap@showbiz.com.au', '1/594 Willoughby Road', 'Willioughby', '2068', 8, 15, 1, 2, 1, '1899-12-30 23:10:12', NULL, NULL, NULL, NULL, NULL, NULL, NULL, NULL, NULL, NULL, NULL, NULL, NULL, NULL, NULL, NULL, NULL, NULL),
(197, 'Jocelyn Fantasia', 'FAN-1/13', '2013-02-01 00:00:00', 'Maternal grandparents was Polish', NULL, '0423 376 372', 'jocelyn.fantasia@gmail.com', NULL, NULL, NULL, NULL, 15, 1, 1, 1, '2013-02-01 00:00:00', 6, '2013-02-07 00:00:00', NULL, NULL, NULL, NULL, NULL, NULL, NULL, NULL, NULL, NULL, NULL, NULL, NULL, NULL, NULL, NULL),
(201, 'Mathew Trec', 'TRC-1/13', '2013-02-01 00:00:00', 'Father and grandfather were Polish, info on the Polish Mc suggest that he ( Stefan) was in  the Polish Army, arrived to Australia 18.06.1949, they left Poland after WW2 (after 1945)', '(08)9296 7353', NULL, 'trecky1992@live.com', NULL, NULL, NULL, NULL, 15, 1, 1, 1, '2013-01-30 00:00:00', 6, NULL, NULL, NULL, NULL, NULL, NULL, NULL, NULL, NULL, NULL, NULL, NULL, NULL, NULL, NULL, NULL, NULL),
(202, 'David Winter', 'WIN-1/13', '2013-02-01 00:00:00', NULL, NULL, '+ 6474002139', 'heydavewinter@gmail.com', NULL, NULL, NULL, NULL, 43, 2, 1, 1, '2013-02-01 00:00:00', NULL, NULL, NULL, NULL, NULL, NULL, NULL, NULL, NULL, NULL, NULL, NULL, NULL, NULL, NULL, NULL, NULL, NULL),
(207, 'Adela Debuse', 'DEB-1/11', '2013-02-05 00:00:00', NULL, NULL, '0410618721', 'adela@wunderkind.comau', '15a Middleton Avenue', 'North Bondi', NULL, 8, 15, 2, 2, 1, '2013-02-05 00:00:00', NULL, NULL, NULL, NULL, NULL, NULL, NULL, NULL, NULL, NULL, NULL, NULL, NULL, NULL, NULL, NULL, NULL, NULL),
(208, 'Thomas Mills', 'MIL-3/10', '2013-02-05 00:00:00', NULL, NULL, '0403235343', 'mills_tom@hotmail.com', '145 Burnley Street', 'Richmond', '3121', 5, 15, 2, 2, 1, '2013-02-05 00:00:00', NULL, NULL, NULL, NULL, NULL, NULL, NULL, NULL, NULL, NULL, NULL, NULL, NULL, NULL, NULL, NULL, NULL, NULL);
INSERT INTO `contactdashboard` (`ID`, `ContactName`, `ArchiveName`, `Since`, `Notes`, `Landline`, `Mobile`, `Email`, `AddressLine1`, `AddressLine2`, `PostCode`, `State`, `Country`, `What`, `Status`, `OpenOrClosed`, `DateOfEnquiry`, `HowTheyFoundUs`, `SendInfoPack`, `AddToNewsletterList`, `FollowUp`, `Other`, `ModifiedBy`, `ModifiedOn`, `FileCompiledByMateusz`, `LodgedOn`, `CaseNumber`, `NameOfCaseOfficer`, `FeedbackFromCaseOfficer`, `CCReceived`, `CivilRegistrationOffice`, `PolishBCReceived`, `PolishMCReceived`, `PESELNumberAppliedDate`, `PESELNumber`) VALUES
(209, 'Simon Olenski', 'OLE-2/12', '2013-02-05 00:00:00', NULL, NULL, '0402 138 157', 'simonolenski@gmailcom', NULL, NULL, NULL, NULL, 15, 2, 2, 1, '2013-02-05 00:00:00', NULL, NULL, NULL, NULL, NULL, NULL, NULL, NULL, NULL, NULL, NULL, NULL, NULL, NULL, NULL, NULL, NULL, NULL),
(211, 'Justin Cohen', 'COH-1/13', '2013-02-05 00:00:00', NULL, '03 9523 0707', NULL, 'juz.cohen@gmail.com', NULL, 'Caulfield North', NULL, 5, 15, 1, 1, 1, '2013-02-05 00:00:00', 6, '2013-02-21 00:00:00', NULL, NULL, NULL, NULL, NULL, NULL, NULL, NULL, NULL, NULL, NULL, NULL, NULL, NULL, NULL, NULL),
(213, 'Marcus Frajman', 'none', '2013-02-05 00:00:00', 'Has a brother or son, Russell. Deals through his mother Charlotte.', NULL, NULL, NULL, NULL, NULL, NULL, NULL, 15, 2, 1, 1, '2013-02-05 00:00:00', NULL, NULL, NULL, NULL, NULL, NULL, NULL, NULL, NULL, NULL, NULL, NULL, NULL, NULL, NULL, NULL, NULL, NULL),
(215, 'Stan Kucharski', 'KUCH-1/12', '2013-02-05 00:00:00', 'interested in CC for children or to register some documents.', '98301528', '0400050609', 'stan_kucharski@hotmail.com', NULL, NULL, NULL, NULL, 15, 2, 1, 2, '2013-02-05 00:00:00', NULL, NULL, NULL, NULL, NULL, NULL, NULL, NULL, NULL, NULL, NULL, NULL, NULL, NULL, NULL, NULL, NULL, NULL),
(216, 'David Zalcberg', 'ZAL-1/12', '2013-02-05 00:00:00', NULL, NULL, '0417 308 984', 'lynette@zalcberg.com.au', NULL, NULL, NULL, 5, 15, 2, 1, 1, '2013-02-05 00:00:00', NULL, NULL, NULL, NULL, NULL, 4, '2013-03-08 00:00:00', NULL, NULL, NULL, NULL, NULL, NULL, NULL, NULL, NULL, NULL, NULL),
(217, 'Ray Busch', 'BUS-1/12', '2013-02-05 00:00:00', NULL, NULL, NULL, 'raybusch@gmail.com', NULL, NULL, NULL, NULL, 244, 1, 2, 1, '2013-02-05 00:00:00', NULL, NULL, NULL, NULL, NULL, NULL, NULL, NULL, NULL, NULL, NULL, NULL, NULL, NULL, NULL, NULL, NULL, NULL),
(218, 'Beata English', 'ENG-1/12', '2013-02-06 00:00:00', NULL, NULL, '0422 952 506', 'info@beataenglish.com', '20 Tiwi Palace,  Wara Manga, Canberra', NULL, NULL, 7, 15, 2, 2, 1, '2013-02-06 00:00:00', NULL, NULL, NULL, NULL, NULL, NULL, NULL, NULL, NULL, NULL, NULL, NULL, NULL, NULL, NULL, NULL, NULL, NULL),
(219, 'Miriam Balsam', 'BAL-1/13', '2013-02-06 00:00:00', 'Paternal grandmother is / was Polish, paternal grandfather is / was Polish, they left Poland after WW2 (after 1945)', '(416) 9538607', NULL, 'miriambalsam@gmail.com', NULL, NULL, NULL, NULL, 43, 1, 1, 1, '2013-02-06 00:00:00', 6, '2013-02-06 00:00:00', NULL, NULL, NULL, NULL, NULL, NULL, NULL, NULL, NULL, NULL, NULL, NULL, NULL, NULL, NULL, NULL),
(221, 'Gideon Katz', 'KAT-1/13', '2013-02-06 00:00:00', 'Paternal grandfather is / was Polish, left Poland before WW2 (before 1939), he''s also been to South Africa', '(03) 9532 07723', NULL, 'gideon.katz@hotmail.com', NULL, NULL, NULL, NULL, 15, 1, 1, 1, '2013-02-06 00:00:00', NULL, '2013-02-06 00:00:00', NULL, NULL, NULL, NULL, NULL, NULL, NULL, NULL, NULL, NULL, NULL, NULL, NULL, NULL, NULL, NULL),
(223, 'Glen Tarnowski', 'TAR-1/13', '2013-02-06 00:00:00', 'Father and paternal grandparents are / were Polish, thev''ve left Poland before WW2 for the US', '(561) 414-0705', NULL, 'gptski@gmail.com', NULL, NULL, NULL, NULL, 244, 1, 1, 1, '2013-02-06 00:00:00', NULL, NULL, NULL, NULL, NULL, NULL, NULL, NULL, NULL, NULL, NULL, NULL, NULL, NULL, NULL, NULL, NULL, NULL),
(224, 'Jeremy Hoptowit', 'HOP-1/13', '2013-02-06 00:00:00', NULL, '(530) 5182033', NULL, 'jeremy.hoptowit@gmail.com', NULL, NULL, NULL, NULL, 244, 1, 1, 1, '2013-02-06 00:00:00', NULL, NULL, NULL, NULL, NULL, NULL, NULL, NULL, NULL, NULL, NULL, NULL, NULL, NULL, NULL, NULL, NULL, NULL),
(225, 'Melanie Johnston', 'JOH-1/13', '2013-02-06 00:00:00', 'Mother and maternal grandparents are / were Polish, left Poland after WW2 for Canada, does possess the following Polish documents: Polish passport(s), Birth certificate(s), Marriage certificate(s), Baptism certificate(s)', '(416) 6709832', NULL, 'melanielaurenjohnston@gmail.com', NULL, NULL, NULL, NULL, 43, 1, 1, 1, '2013-02-06 00:00:00', 6, '2013-02-06 00:00:00', NULL, NULL, NULL, NULL, NULL, NULL, NULL, NULL, NULL, NULL, NULL, NULL, NULL, NULL, NULL, NULL),
(226, 'Travis Rosolak', 'ROS-1/13', '2013-02-06 00:00:00', 'Father and maternal grandfather is / was Polish, as well as his father''s two sisters, left Poland during WW2 for Australia, does possess the following Polish documents: Birth certificate(s), Baptism certificate(s)', '(07) 3814 1515', NULL, 'wakka2079@hotmail.com', NULL, NULL, NULL, NULL, 15, 1, 1, 1, '2013-02-06 00:00:00', 6, '2013-02-06 00:00:00', NULL, NULL, NULL, NULL, NULL, NULL, NULL, NULL, NULL, NULL, NULL, NULL, NULL, NULL, NULL, NULL),
(228, 'Frances Johnston', 'JOH-1/13', '2013-02-06 00:00:00', 'Parents, maternal grandparents and paternal grandparents are / were Polish', '(416) 558-2528', NULL, 'fjohnston@trebnet.com', NULL, NULL, NULL, NULL, 43, 1, 1, 1, '2013-02-06 00:00:00', 6, '2013-02-06 00:00:00', NULL, NULL, NULL, NULL, NULL, NULL, NULL, NULL, NULL, NULL, NULL, NULL, NULL, NULL, NULL, NULL),
(230, 'Bon Szyfer', 'SZY-3/12', '2013-02-06 00:00:00', NULL, '02 9677 1764', '0402 603 063', 'bszyfer@gmail.com', '21 Paradise Close', 'Plumpton', '2761', 8, 15, 2, 2, 1, '2012-12-20 00:00:00', 2, NULL, NULL, NULL, NULL, NULL, NULL, NULL, NULL, NULL, NULL, NULL, NULL, NULL, NULL, NULL, NULL, NULL),
(231, 'Zoe Bochynski-Szyfer', 'SZY-3/12', '2013-02-06 00:00:00', NULL, NULL, '0433 359 372', 'miz_zoe@hotmail.com', NULL, NULL, NULL, NULL, NULL, 2, 2, 1, '2013-02-06 00:00:00', NULL, NULL, NULL, NULL, NULL, NULL, NULL, NULL, NULL, NULL, NULL, NULL, NULL, NULL, NULL, NULL, NULL, NULL),
(232, 'Amber Susan Szyfer', 'SZY-3/12', '2013-02-06 00:00:00', NULL, NULL, NULL, 'n/a - liaising via Bon Szyfer', NULL, NULL, NULL, NULL, NULL, 2, 2, 1, '2012-02-20 00:00:00', NULL, NULL, NULL, NULL, NULL, NULL, NULL, NULL, NULL, NULL, NULL, NULL, NULL, NULL, NULL, NULL, NULL, NULL),
(233, 'Richard Szyfer', 'SZY-3/12', '2013-02-06 00:00:00', NULL, NULL, NULL, 'n/a, all communication via Bon', NULL, NULL, NULL, NULL, NULL, 2, 2, 1, '2013-02-06 00:00:00', NULL, NULL, NULL, NULL, NULL, NULL, NULL, NULL, NULL, NULL, NULL, NULL, NULL, NULL, NULL, NULL, NULL, NULL),
(234, 'Camilla Bourke', 'BOU-4/12', '2013-02-07 00:00:00', 'Date of Birth: 02/08/1981, Place of birth: Maitland, current occupation: doctor at Royal Perth Hospital (WA)', NULL, '0417 281 067', NULL, '6 Broome St', 'Cottlesloe', '6011', 6, 15, 2, 2, 1, '2013-02-07 00:00:00', NULL, NULL, NULL, NULL, NULL, NULL, NULL, NULL, NULL, NULL, NULL, NULL, NULL, NULL, NULL, NULL, NULL, NULL),
(236, 'Alexander Bourke', 'BOU-4/12', '2013-02-07 00:00:00', 'born on Oct 22 1986 in Maitland, Graphic Designer', NULL, NULL, NULL, '133 Clarence Avenue', 'London', 'SW4 8LX', NULL, 243, 2, 2, 1, '2013-02-07 00:00:00', NULL, NULL, NULL, NULL, NULL, 4, '2013-03-15 00:00:00', NULL, NULL, NULL, NULL, NULL, NULL, NULL, NULL, NULL, NULL, NULL),
(237, 'Krystyna Bourke (nee Kurzydlo)', 'BOU-4/12', '2013-02-07 00:00:00', NULL, NULL, NULL, NULL, '1 Moore Road', 'Bolwarra Heights', '2320', 8, 15, 2, 2, 1, '2013-02-07 00:00:00', NULL, NULL, NULL, NULL, NULL, NULL, NULL, NULL, NULL, NULL, NULL, NULL, NULL, NULL, NULL, NULL, NULL, NULL),
(239, 'Kathleen Lovatt', 'LOV-1/13', '2013-02-07 00:00:00', NULL, '(316) 8825503', NULL, 'bradleyfivee@yahoo.com', NULL, NULL, NULL, NULL, 244, NULL, 1, 1, '2013-02-07 00:00:00', 6, '2013-02-07 00:00:00', NULL, NULL, NULL, NULL, NULL, NULL, NULL, NULL, NULL, NULL, NULL, NULL, NULL, NULL, NULL, NULL),
(240, 'Ilanit Kaplan', 'KAP-1/13', '2013-02-07 00:00:00', 'mother and maternal grandparents are Polish', '(03) 9942 8479', '(61) 0418992603', 'illyk86@gmail.com', '17 Beavers Road', 'Northcote', '3070', NULL, 15, NULL, 1, 1, '2013-02-03 00:00:00', 6, '2013-02-07 00:00:00', NULL, NULL, NULL, NULL, NULL, NULL, NULL, NULL, NULL, NULL, NULL, NULL, NULL, NULL, NULL, NULL),
(241, 'Patryk Marach', 'MAR-1/13', '2013-02-07 00:00:00', NULL, '(08) 9305 5587', NULL, 'patryk.marach@icloud.com', NULL, NULL, NULL, NULL, 15, NULL, 1, 1, '2013-02-03 00:00:00', 6, '2013-02-07 00:00:00', NULL, NULL, NULL, NULL, NULL, NULL, NULL, NULL, NULL, NULL, NULL, NULL, NULL, NULL, NULL, NULL),
(242, 'Julia Gregg', 'GRE-1/13', '2013-02-07 00:00:00', NULL, NULL, '(61) 0423 689 245', 'jules.once@gmail.com', NULL, NULL, NULL, NULL, 15, NULL, 1, 1, '2013-02-01 00:00:00', 6, '2013-02-07 00:00:00', NULL, NULL, NULL, NULL, NULL, NULL, NULL, NULL, NULL, NULL, NULL, NULL, NULL, NULL, NULL, NULL),
(243, 'Cassandra McManus', 'MCM-1/13', '2013-02-07 00:00:00', NULL, '(04) 50169554', NULL, 'cassandramcmanus@hotmail.com', NULL, NULL, NULL, NULL, 15, 1, 1, 1, '2013-02-07 00:00:00', 6, '2013-02-07 00:00:00', NULL, NULL, NULL, NULL, NULL, NULL, NULL, NULL, NULL, NULL, NULL, NULL, NULL, NULL, NULL, NULL),
(244, 'Di Zhang', 'ZHA-1/13', '2013-02-07 00:00:00', NULL, '(27) 824791004', NULL, 'udcbht@gmail.com', NULL, NULL, NULL, NULL, 213, 1, 1, 1, '2013-02-07 00:00:00', 6, '2013-02-07 00:00:00', NULL, NULL, NULL, NULL, NULL, NULL, NULL, NULL, NULL, NULL, NULL, NULL, NULL, NULL, NULL, NULL),
(245, 'Shelby Fishkind', 'FIS-8/13', '2013-02-07 00:00:00', NULL, '+ (1) 4103584580', NULL, 'yehuda@fishkind.org', '3215 Shelburne Road\r\nBaltimore, Maryland 21208\r\n3215 Shelburne Road', 'Baltimore, Maryland', '21208', NULL, 244, 1, 1, 1, '2013-02-07 00:00:00', 5, '2013-02-07 00:00:00', NULL, NULL, NULL, 4, '2013-03-14 00:00:00', NULL, NULL, NULL, NULL, NULL, NULL, NULL, NULL, NULL, NULL, NULL),
(246, 'Tom Mankowski', 'MAN-1/13', '2013-02-07 00:00:00', NULL, NULL, NULL, 'esdftom@gmail.com', NULL, NULL, NULL, NULL, 244, 1, 1, 1, '2013-02-06 00:00:00', 5, '2013-02-07 00:00:00', NULL, NULL, NULL, NULL, NULL, NULL, NULL, NULL, NULL, NULL, NULL, NULL, NULL, NULL, NULL, NULL),
(247, 'Benjamin Jozefiak', 'JOZ-1/13', '2013-02-04 00:00:00', NULL, '0413 361 940', NULL, 'benjozefiak@gmail.com', NULL, NULL, NULL, NULL, NULL, NULL, 1, 1, '2012-08-31 00:00:00', 5, '2012-08-31 00:00:00', NULL, NULL, NULL, NULL, NULL, NULL, NULL, NULL, NULL, NULL, NULL, NULL, NULL, NULL, NULL, NULL),
(248, 'Joseph Stan Kozera', 'KOZ-3/13', '2013-02-07 00:00:00', 'son of Stan Kozera', NULL, '0411466382', 'joseph.kozera@gmail.com', '101 The Avenue', 'Armidale', NULL, 8, 15, 2, 2, 1, '2013-02-07 00:00:00', NULL, NULL, NULL, NULL, NULL, NULL, NULL, NULL, NULL, NULL, NULL, NULL, NULL, NULL, NULL, NULL, NULL, NULL),
(249, 'Emily Kay  Kozera', 'KOZ-3/13', '2013-02-07 00:00:00', 'Daughter of Stan', '02 6772 3807', '0439 173 960', 'emily.kozera@hotmail.com', '101 The Avenue', 'Armidale', '2350', 8, 15, 2, 2, 1, '2013-02-07 00:00:00', NULL, NULL, NULL, NULL, NULL, NULL, NULL, NULL, NULL, NULL, NULL, NULL, NULL, NULL, NULL, NULL, NULL, NULL),
(250, 'Sarah J. Layman', 'LAY-3/12', '2013-02-07 00:00:00', 'Paid for by mother, Danuta Layman', NULL, NULL, NULL, NULL, NULL, NULL, NULL, NULL, 2, 2, 1, '2013-02-07 00:00:00', NULL, NULL, NULL, NULL, NULL, NULL, NULL, NULL, NULL, NULL, NULL, NULL, NULL, NULL, NULL, NULL, NULL, NULL),
(251, 'Kate P. Layman', 'LAY-3/12', '2013-02-07 00:00:00', 'Paid for by mother, Danuta.', NULL, NULL, NULL, NULL, NULL, NULL, NULL, NULL, 2, 2, 1, '2013-02-07 00:00:00', NULL, NULL, NULL, NULL, NULL, NULL, NULL, NULL, NULL, NULL, NULL, NULL, NULL, NULL, NULL, NULL, NULL, NULL),
(252, 'Myer Michael Rozen', 'ROZ-1/12', '2013-02-07 00:00:00', 'Father of Warren Matthew. Submitted a jotform and emailed 5 days later.', NULL, NULL, 'myer@amalgadent.com.au', '26 Wanda Road', 'North Caulfield', '3161', 5, 15, 2, 2, 1, '2012-11-10 00:00:00', 1, '2012-11-12 00:00:00', NULL, NULL, NULL, NULL, NULL, NULL, NULL, NULL, NULL, NULL, NULL, NULL, NULL, NULL, NULL, NULL),
(253, 'Harry Bryce', 'BRY-6/11', '2013-02-07 00:00:00', 'Several family members. Also doing property resitution. His father already has CC. So has his half brother, Mark. Has accepted by email quote for his two adult children.', '95097946', '0438 201 368', 'harry.bryce@vu.edu.au', '10 Redcourt Ave', 'Armadale', '3143', 5, 15, 2, 2, 1, '2010-02-18 00:00:00', 1, '2010-02-19 00:00:00', NULL, NULL, NULL, NULL, NULL, NULL, NULL, NULL, NULL, NULL, NULL, NULL, NULL, NULL, NULL, NULL),
(255, 'Sarah Kaleta', 'KAL-1/12', '2013-02-08 00:00:00', 'Date of birth: 22/08/1984, place of birth: Melbourne', NULL, '0405 935 917', NULL, '114 Charles St', 'Seddon', '3011', 5, 15, 2, 2, 1, '2013-02-08 00:00:00', NULL, NULL, NULL, NULL, NULL, NULL, NULL, NULL, NULL, NULL, NULL, NULL, NULL, NULL, NULL, NULL, NULL, NULL),
(256, 'Victoria Kolankiewicz', 'KOLA-1/13', '2013-02-08 00:00:00', NULL, '(03) 9367 5047', NULL, 'tokicat@gmail.com', NULL, NULL, NULL, NULL, 15, NULL, 1, 1, '2013-01-04 00:00:00', 6, '2013-01-29 00:00:00', NULL, NULL, NULL, NULL, NULL, NULL, NULL, NULL, NULL, NULL, NULL, NULL, NULL, NULL, NULL, NULL),
(259, 'Jess Kozera', 'KOZ-1/13', '2013-02-08 00:00:00', NULL, '(519) 472-3208', NULL, 'kozfour@hotmail.ca', NULL, NULL, NULL, NULL, NULL, NULL, 1, 1, '2013-02-07 00:00:00', 6, '2013-02-08 00:00:00', NULL, NULL, NULL, NULL, NULL, NULL, NULL, NULL, NULL, NULL, NULL, NULL, NULL, NULL, NULL, NULL),
(260, 'Stephanie Solywoda', 'SOL-1/13', '2013-02-08 00:00:00', NULL, '(+447786) 364094', NULL, 'ssolywoda@hotmail.com', '8A Cranham Terrace', 'Oxford OX2 6DG', NULL, NULL, 243, NULL, 1, 1, '2013-02-07 00:00:00', 6, '2013-02-08 00:00:00', NULL, NULL, NULL, 6, '2013-03-08 00:00:00', NULL, NULL, NULL, NULL, NULL, NULL, NULL, NULL, NULL, NULL, NULL),
(261, 'Natalie Palmowski', 'PAL-1/13', '2013-02-08 00:00:00', NULL, '(0249) 334337', NULL, 'natalie220988@gmail.com', NULL, NULL, NULL, NULL, 15, NULL, 1, 1, '2013-01-15 00:00:00', 6, '2013-01-18 00:00:00', NULL, NULL, NULL, NULL, NULL, NULL, NULL, NULL, NULL, NULL, NULL, NULL, NULL, NULL, NULL, NULL),
(262, 'Wojciech Klonowski', 'KLO-1/13', '2013-02-08 00:00:00', NULL, '(08) 9386 2203', NULL, 'woytek21@gmail.com', NULL, NULL, NULL, NULL, 15, NULL, 1, 1, '2013-01-04 00:00:00', 6, NULL, NULL, NULL, NULL, NULL, NULL, NULL, NULL, NULL, NULL, NULL, NULL, NULL, NULL, NULL, NULL, NULL),
(263, 'Irena Morgan', 'MOR-1/13', '2013-02-08 00:00:00', NULL, '(07) 32038374', NULL, 'mwtrain@powerup.com.au', NULL, NULL, NULL, NULL, 15, NULL, 1, 1, '2013-01-04 00:00:00', 6, '2013-01-04 00:00:00', NULL, NULL, NULL, NULL, NULL, NULL, NULL, NULL, NULL, NULL, NULL, NULL, NULL, NULL, NULL, NULL),
(264, 'Larissa Falls', 'FALL-3/12', '2013-02-08 00:00:00', 'Liaising (incl. quotes & emails) through her father, Richard.', NULL, NULL, NULL, NULL, NULL, NULL, NULL, 15, 2, 1, 1, '2013-02-08 00:00:00', NULL, NULL, NULL, NULL, NULL, NULL, NULL, NULL, NULL, NULL, NULL, NULL, NULL, NULL, NULL, NULL, NULL, NULL),
(265, 'Tim Oznobyshyn', 'OZN-1/13', '2013-02-08 00:00:00', NULL, '(04) 11177741', NULL, 'timoznobyshyn@me.com', NULL, NULL, NULL, NULL, 15, 1, 1, 1, '2013-01-19 00:00:00', 6, '2013-01-21 00:00:00', NULL, NULL, NULL, NULL, NULL, NULL, NULL, NULL, NULL, NULL, NULL, NULL, NULL, NULL, NULL, NULL),
(266, 'Charlotte Falls', 'FALL-3/12', '2013-02-08 00:00:00', 'Liaising through her father, Richard for all comms and quote.', NULL, NULL, NULL, NULL, NULL, NULL, NULL, 15, 2, 1, 1, '2013-02-08 00:00:00', NULL, NULL, NULL, NULL, NULL, NULL, NULL, NULL, NULL, NULL, NULL, NULL, NULL, NULL, NULL, NULL, NULL, NULL),
(267, 'Yvette Zegenhagen', 'ZEG_3/11', '2013-02-08 00:00:00', 'DOB 19/05/1985', '03 9878 7989', '0413 251 862', 'yvette.zegenhagen@gmail.com', '26 Rosalind Crescent', 'Blackburn', '3130', 5, 15, 2, 2, 1, '2013-02-08 00:00:00', NULL, NULL, NULL, NULL, NULL, NULL, NULL, NULL, NULL, NULL, NULL, NULL, NULL, NULL, NULL, NULL, NULL, NULL),
(268, 'Nicole Landau', 'ZEG_3/11', '2013-02-08 00:00:00', 'DOB 19/05/1985', NULL, NULL, NULL, NULL, NULL, NULL, NULL, NULL, 2, 2, 1, '2013-02-08 00:00:00', NULL, NULL, NULL, NULL, NULL, NULL, NULL, NULL, NULL, NULL, NULL, NULL, NULL, NULL, NULL, NULL, NULL, NULL),
(269, 'Sasha Zegenhagen', 'ZEG_3/11', '2013-02-08 00:00:00', 'DOB 28/08/1987', NULL, NULL, NULL, NULL, NULL, NULL, NULL, NULL, 2, 2, 1, '2013-02-08 00:00:00', NULL, NULL, NULL, NULL, NULL, NULL, NULL, NULL, NULL, NULL, NULL, NULL, NULL, NULL, NULL, NULL, NULL, NULL),
(271, 'Dorothy Mrocki', 'MRO-1/10', '2013-02-10 00:00:00', NULL, NULL, NULL, NULL, NULL, NULL, NULL, NULL, NULL, 3, 2, 3, '2013-02-10 00:00:00', NULL, NULL, NULL, NULL, NULL, NULL, NULL, NULL, NULL, NULL, NULL, NULL, NULL, NULL, NULL, NULL, NULL, NULL),
(272, 'Suzanne Adler', 'ADL-1/08', '2013-02-10 00:00:00', NULL, '9822 8786', '0412 325 254', 'suzanne.adler@gmail.com', '3 Lovell Street', 'Hawthorn East', '3123', 5, 15, 1, 2, 1, '2013-02-10 00:00:00', NULL, NULL, NULL, NULL, NULL, NULL, NULL, NULL, NULL, NULL, NULL, NULL, NULL, NULL, NULL, NULL, NULL, NULL),
(273, 'Maria Bidwell', 'BID-2-10', '2013-02-10 00:00:00', NULL, '03 64252646', NULL, 'avoland@bigpond.com.au', NULL, NULL, NULL, NULL, NULL, 2, 2, 1, '2013-02-10 00:00:00', NULL, NULL, NULL, NULL, NULL, NULL, NULL, NULL, NULL, 'WSC-I..622.2286.2011', NULL, NULL, '2011-10-24 00:00:00', NULL, NULL, NULL, NULL, NULL),
(274, 'Kate Louise Bidwell', 'BID-2-10', '2013-02-10 00:00:00', NULL, NULL, '+971 567 594 155', 'katebidwell@hotmail.com', 'The Jewel 1, Atp. 502', 'PO Box 211 085 Dubai', NULL, NULL, 242, 2, 2, 2, '2013-02-10 00:00:00', NULL, NULL, NULL, NULL, NULL, NULL, NULL, NULL, NULL, NULL, NULL, NULL, NULL, NULL, NULL, NULL, NULL, NULL),
(275, 'Tamara Targo-Bailey', 'TAR-B-1/11', '2013-02-10 00:00:00', 'Original researcher (Jacek) did not register MC. CC and BC already registered.', NULL, '0417 700 710', 'stillwaters@live.com', '36 Teck St', 'Ashwood', '3147', 5, 15, 3, 2, 1, '2013-02-10 00:00:00', NULL, NULL, NULL, NULL, NULL, NULL, NULL, NULL, NULL, NULL, NULL, NULL, NULL, NULL, NULL, NULL, NULL, NULL),
(276, 'Monika Beer', 'BEE-1/13', '2013-02-10 00:00:00', 'She already has CC but now has a new baby and has agreed for us to do baby''s CC.', NULL, NULL, 'monskib@hotmail.com', NULL, NULL, NULL, NULL, 15, 2, 2, 1, '2013-02-10 00:00:00', NULL, NULL, NULL, NULL, NULL, 4, '2013-03-08 00:00:00', NULL, NULL, NULL, NULL, NULL, NULL, NULL, NULL, NULL, NULL, NULL),
(277, 'Benjamin Leslie Karpeta', 'KAR-1/12', '2013-02-10 00:00:00', NULL, '9608 4571', '0438 227 338', 'bkarpeta@westpac.com.au', '19 Duke Street', 'Windsor', '3181', 5, 15, 1, 2, 1, '2012-09-14 00:00:00', 2, NULL, NULL, NULL, NULL, NULL, NULL, NULL, NULL, NULL, NULL, NULL, NULL, NULL, NULL, NULL, NULL, NULL),
(279, 'Robert Joseph Kaspar', 'KASP-1/12', '2013-02-10 00:00:00', NULL, '02 67665 8823', NULL, 'bobykas@hotmail.com', '63 Minnamura Crescent', 'Tamworth', '2340', 5, 15, 1, 2, 1, '2013-02-10 00:00:00', NULL, NULL, NULL, NULL, NULL, NULL, NULL, NULL, NULL, NULL, NULL, NULL, NULL, NULL, NULL, NULL, NULL, NULL),
(280, 'Max Lederman', 'LEDM-1/12', '2013-02-11 00:00:00', NULL, NULL, NULL, NULL, NULL, NULL, NULL, NULL, NULL, 2, 2, 1, '2013-02-11 00:00:00', NULL, NULL, NULL, NULL, NULL, NULL, NULL, NULL, NULL, NULL, NULL, NULL, NULL, NULL, NULL, NULL, NULL, NULL),
(281, 'Celia Perelis', 'LEDM-1/12', '2013-02-11 00:00:00', NULL, NULL, NULL, NULL, NULL, NULL, NULL, NULL, NULL, 2, 2, 1, '2013-02-11 00:00:00', NULL, NULL, NULL, NULL, NULL, NULL, NULL, NULL, NULL, NULL, NULL, NULL, NULL, NULL, NULL, NULL, NULL, NULL),
(282, 'Simon Mrocki', 'MRO-1/10', '2013-02-11 00:00:00', NULL, NULL, NULL, NULL, NULL, NULL, NULL, NULL, NULL, 3, 2, 1, '2013-02-11 00:00:00', NULL, NULL, NULL, NULL, NULL, NULL, NULL, NULL, NULL, NULL, NULL, NULL, NULL, NULL, NULL, NULL, NULL, NULL),
(283, 'Kathleen Kocaj', 'KOC-1/13', '2013-02-11 00:00:00', NULL, NULL, '(04) 07282877', 'kat258@hotmail.com', NULL, NULL, NULL, NULL, NULL, NULL, 1, 1, '2013-02-10 00:00:00', 6, '2013-02-11 00:00:00', NULL, NULL, NULL, NULL, NULL, NULL, NULL, NULL, NULL, NULL, NULL, NULL, NULL, NULL, NULL, NULL),
(284, 'John Meke', 'MEK-1/13', '2013-02-11 00:00:00', NULL, NULL, '(085) 48745772', 'rob@gm.com', NULL, NULL, NULL, NULL, 15, NULL, 1, 1, '2013-02-10 00:00:00', 6, '2013-02-11 00:00:00', NULL, NULL, NULL, NULL, NULL, NULL, NULL, NULL, NULL, NULL, NULL, NULL, NULL, NULL, NULL, NULL),
(285, 'Christopher Kabala', 'KAB-1/13', '2013-02-11 00:00:00', NULL, '(212) 89733792', NULL, 'christopherkabala@peoplepc.com', NULL, NULL, NULL, NULL, 244, NULL, 1, 1, '2013-02-10 00:00:00', 6, '2013-02-11 00:00:00', NULL, NULL, NULL, NULL, NULL, NULL, NULL, NULL, NULL, NULL, NULL, NULL, NULL, NULL, NULL, NULL),
(286, 'Daniel Kruk', 'KRUK-1/13', '2013-02-11 00:00:00', NULL, NULL, '(61) 413315191', 'krukem@gmail.com', NULL, NULL, NULL, NULL, 15, NULL, 1, 1, '2013-02-09 00:00:00', 6, '2013-02-11 00:00:00', NULL, NULL, NULL, NULL, NULL, NULL, NULL, NULL, NULL, NULL, NULL, NULL, NULL, NULL, NULL, NULL),
(287, 'Peter Morgan', 'MORG-1/13', '2013-02-11 00:00:00', NULL, '(02) 9580 1982', NULL, 'peter.morgan@ymail.com', NULL, NULL, NULL, NULL, 15, NULL, 1, 1, '2013-02-09 00:00:00', 6, '2013-02-11 00:00:00', NULL, NULL, NULL, NULL, NULL, NULL, NULL, NULL, NULL, NULL, NULL, NULL, NULL, NULL, NULL, NULL),
(288, 'Benjamin Drezner', 'DRE-3/09', '2013-02-11 00:00:00', NULL, '(08) 9276 6398', '0412 244 682', 'bdrezner@hlbwa.com.au', '132A Virgil Ave, Yokine', NULL, '6060', 6, 15, 2, 2, 1, '2013-02-11 00:00:00', NULL, NULL, NULL, NULL, NULL, NULL, NULL, NULL, NULL, NULL, NULL, NULL, NULL, NULL, NULL, NULL, NULL, NULL),
(289, 'Rachel Drezner', 'DRE-3/09', '2013-02-11 00:00:00', NULL, '(08) 9276 6398', '0412 244 682', 'bdrezner@hlbwa.com.au', '132A Virgil Ave, Yokine', NULL, '6060', 6, 15, 2, 2, 1, '2013-02-11 00:00:00', NULL, NULL, NULL, NULL, NULL, NULL, NULL, NULL, NULL, NULL, NULL, NULL, NULL, NULL, NULL, NULL, NULL, NULL),
(290, 'Jack Drezner', 'DRE-3/09', '2013-02-11 00:00:00', NULL, '(08) 9276 6398', '0412 244 682', 'bdrezner@hlbwa.com.au', '132A Virgil Ave, Yokine', NULL, '6060', 6, 15, 2, 2, 1, '2013-02-11 00:00:00', NULL, NULL, NULL, NULL, NULL, NULL, NULL, NULL, NULL, NULL, NULL, NULL, NULL, NULL, NULL, NULL, NULL, NULL),
(291, 'Sally Anne Robin', 'ROB-2/12', '2013-02-11 00:00:00', NULL, NULL, '0411877002', 'sallyrobin18@yahoo.com', 'Unit 12/16 Woorigoleen Road, Toorak', NULL, '3142', 5, 15, 2, 2, 1, '2013-02-11 00:00:00', NULL, NULL, NULL, NULL, NULL, NULL, NULL, NULL, NULL, NULL, NULL, NULL, NULL, NULL, NULL, NULL, NULL, NULL),
(292, 'Patrick Peter Hayes', 'HAY-1/10', '2013-02-11 00:00:00', NULL, NULL, '0401 801 001', 'patphayes@hotmail.com', 'Erskine Ridge', 'Mooroolbark', NULL, NULL, 15, NULL, 2, 1, '2010-04-13 00:00:00', NULL, '2010-04-08 00:00:00', NULL, NULL, NULL, NULL, NULL, NULL, NULL, NULL, NULL, NULL, NULL, NULL, NULL, NULL, NULL, NULL),
(293, 'Leslie Burnett', 'BUR-1/13', '2013-02-11 00:00:00', NULL, '02 9411 2896', NULL, 'leslie.bee@me.com', '5 Harnett Place', 'Chatswood', '2067', 8, 15, 3, 2, 1, '2013-02-11 00:00:00', NULL, NULL, NULL, NULL, NULL, NULL, NULL, NULL, NULL, NULL, NULL, NULL, NULL, NULL, NULL, NULL, NULL, NULL),
(295, 'Jasmine Dwyer', 'DWY-1/13', '2013-02-12 00:00:00', NULL, NULL, '(03) 0423 024 863', 'jasmine-dwyer@hotmail.com', NULL, NULL, NULL, NULL, 15, NULL, 1, 1, '2013-02-11 00:00:00', 6, '2013-02-12 00:00:00', NULL, NULL, NULL, NULL, NULL, NULL, NULL, NULL, NULL, NULL, NULL, NULL, NULL, NULL, NULL, NULL),
(296, 'Julian Wozniak', 'WOZ-1/13', '2013-02-12 00:00:00', NULL, '(04) 03211855', NULL, 'julian_wozniak@optusnet.com.au', NULL, NULL, NULL, NULL, 15, NULL, 1, 1, '2013-02-12 00:00:00', 6, '2013-02-12 00:00:00', NULL, NULL, NULL, NULL, NULL, NULL, NULL, NULL, NULL, NULL, NULL, NULL, NULL, NULL, NULL, NULL),
(297, 'Angela Davey', 'DAV-1/09', '2013-02-12 00:00:00', NULL, '(08) 9291 4585', '0419 623 598', 'angeladavey81@hotmail.com', '36 Bridgwood Rd, Lesmurdie', NULL, '6076', 6, 15, 2, 2, 1, '2013-02-12 00:00:00', NULL, NULL, NULL, NULL, NULL, NULL, NULL, NULL, NULL, NULL, NULL, NULL, NULL, NULL, NULL, NULL, NULL, NULL),
(298, 'Harry Jacob Kempler', 'KEM- 1/11', '2013-02-12 00:00:00', NULL, '03 9505 4100', '0419 380 248', 'hkempler@gmail.com', '1 Heather Rd', 'South Caulfield', '3162', 5, 15, NULL, 2, 1, '2013-02-12 00:00:00', NULL, NULL, NULL, NULL, NULL, NULL, NULL, NULL, NULL, NULL, NULL, NULL, NULL, NULL, NULL, NULL, NULL, NULL),
(299, 'Jane Anita Kempler', 'KEM- 1/11', '2013-02-12 00:00:00', NULL, NULL, NULL, NULL, NULL, NULL, NULL, NULL, NULL, NULL, 2, 1, '2013-02-12 00:00:00', NULL, NULL, NULL, NULL, NULL, NULL, NULL, NULL, NULL, NULL, NULL, NULL, NULL, NULL, NULL, NULL, NULL, NULL),
(300, 'Catherine Gurevich', 'GUR-3/10', '2013-02-13 00:00:00', 'DO NOT provide services unless it is paid for.', NULL, NULL, NULL, NULL, NULL, NULL, NULL, NULL, 4, 2, 2, '2013-02-13 00:00:00', NULL, NULL, NULL, NULL, NULL, NULL, NULL, NULL, NULL, NULL, NULL, NULL, NULL, NULL, NULL, NULL, NULL, NULL),
(301, 'Diana Elizabeth Misiak', 'MIS-1/11', '2013-02-14 00:00:00', NULL, NULL, '0417 259 152', 'diana.m.125@gmail.com', '35 Alexander Crescent', 'Macquarie Fields', '2564', 8, 15, 2, 2, 1, '2013-02-14 00:00:00', NULL, NULL, NULL, NULL, NULL, NULL, NULL, NULL, NULL, NULL, NULL, NULL, NULL, NULL, NULL, NULL, NULL, NULL),
(302, 'Michele Mountford', 'MOUN-1/12', '2013-02-14 00:00:00', NULL, '02 486 82433', '0404 139 983', 'cocoshel@hotmail.com.au', 'PO BOX 692', 'Bowral', '2576', 8, 15, 1, 2, 1, '2013-02-14 00:00:00', NULL, NULL, NULL, NULL, NULL, NULL, NULL, NULL, NULL, NULL, NULL, NULL, NULL, NULL, NULL, NULL, NULL, NULL),
(305, 'Joshua Slusarski', 'SLU-1/12', '2013-02-14 00:00:00', NULL, NULL, '0417443943', 'josh_slu@me.com', 'PO Box 3151, Newstead', '21/20 Newstead Terrace, Newstead', '4006', 2, 15, NULL, 2, 1, '2013-02-14 00:00:00', NULL, NULL, NULL, NULL, NULL, NULL, NULL, NULL, NULL, NULL, NULL, NULL, NULL, NULL, NULL, NULL, NULL, NULL),
(308, 'Rita Ann Lemick', 'LEM-1/12', '2013-02-14 00:00:00', NULL, '(416) 231-8703', '(416) 954-7053', 'ral401@rogers.com', '30 Orcitaxo Cr', 'Toronto', 'M8Z3EI', NULL, 43, 2, 2, 1, '2013-02-14 00:00:00', NULL, NULL, NULL, NULL, NULL, NULL, NULL, NULL, NULL, NULL, NULL, NULL, NULL, NULL, NULL, NULL, NULL, NULL),
(310, 'Jarrah Max Bender', 'BEN-3/13', '2013-02-14 00:00:00', NULL, NULL, NULL, 'bender@monash.edu', NULL, NULL, NULL, NULL, 15, 2, 2, 1, '2013-02-14 00:00:00', NULL, NULL, NULL, NULL, NULL, NULL, NULL, NULL, NULL, NULL, NULL, NULL, NULL, NULL, NULL, NULL, NULL, NULL),
(312, 'Anna Watters', 'WAT-1/10', '2013-02-15 00:00:00', NULL, '02 9845 8178', '0439 741 018', 'anka.cyganka@hotmail.com', '165 Oak Road', 'Matcham', '2250', 8, 15, 2, 2, 1, '2009-11-16 00:00:00', NULL, '2009-11-10 00:00:00', NULL, NULL, NULL, NULL, NULL, NULL, NULL, NULL, NULL, NULL, NULL, NULL, NULL, NULL, NULL, NULL),
(313, 'Teresa Zylka', 'WAT-1/10', '2013-02-15 00:00:00', NULL, NULL, NULL, NULL, NULL, NULL, NULL, NULL, NULL, 2, 2, 1, '2013-02-15 00:00:00', NULL, NULL, NULL, NULL, NULL, NULL, NULL, NULL, NULL, NULL, NULL, NULL, NULL, NULL, NULL, NULL, NULL, NULL),
(314, 'Simone Turner', 'TUR-1/12', '2013-02-18 00:00:00', NULL, NULL, '0409 528 060', 'simone.a.turner@gmail.com', '119 Groove Green Rd, Leyton Stone', 'London', 'E11 4ED', NULL, 243, 2, 2, 1, '2011-07-26 00:00:00', NULL, NULL, NULL, NULL, NULL, NULL, NULL, NULL, NULL, NULL, NULL, NULL, NULL, NULL, NULL, NULL, NULL, NULL),
(315, 'Nickolas Plummer', 'PLU-1/12', '2013-02-19 00:00:00', NULL, '6427 9727', '0438 550 138', 'nickolasplummer@bigpond.com', '237 William St', 'Devonport', '7310', 4, 15, 1, 1, 1, '2013-02-19 00:00:00', NULL, NULL, NULL, NULL, NULL, NULL, NULL, NULL, NULL, NULL, NULL, NULL, NULL, NULL, NULL, NULL, NULL, NULL),
(317, 'Joseph Lewczuk', 'LEWC-2/12', '2013-02-19 00:00:00', NULL, '+974 44991620', '+974 77668425', 'jrlewczuk@gmail.com', '45c Zanon Circuit, Education City Community Housing', 'Doha', '1000', NULL, 190, 1, 1, 1, '2013-02-19 00:00:00', NULL, NULL, NULL, NULL, NULL, NULL, NULL, NULL, NULL, NULL, NULL, NULL, NULL, NULL, NULL, NULL, NULL, NULL),
(318, 'Kazimiery Henry Lewczuk', 'LEWC-2/12', '2013-02-19 00:00:00', NULL, NULL, '0418 714 384', 'henrynina@mooloolabarealestate.com.au', 'PO Box 1480', 'Moolooba', '4557', 2, 15, 1, 1, 1, '2013-02-19 00:00:00', NULL, NULL, NULL, NULL, NULL, NULL, NULL, NULL, NULL, NULL, NULL, NULL, NULL, NULL, NULL, NULL, NULL, NULL),
(319, 'Michael Stephen Jagiello', 'JAG-4/11', '2013-02-19 00:00:00', NULL, '(08) 9332 7174', '0417 171 501', 'jagiello.ms@gmail.com', '7 Gambie Close', 'Murdoch', '6150', 6, 15, 1, 1, 1, '2013-02-19 00:00:00', NULL, NULL, NULL, NULL, NULL, NULL, NULL, NULL, NULL, NULL, NULL, NULL, NULL, NULL, NULL, NULL, NULL, NULL),
(320, 'Tess Brasington', 'BRA-1/12', '2013-02-19 00:00:00', NULL, '(02) 9799 6725', '0412 301 704', 'tessbd@hotmail.com', '25 Greenhills St', 'Croydon', '2132', 8, 15, 1, 1, 1, '2012-01-09 00:00:00', NULL, NULL, NULL, NULL, NULL, NULL, NULL, NULL, NULL, NULL, NULL, NULL, NULL, NULL, NULL, NULL, NULL, NULL),
(321, 'Annette Brasington', 'BRA-1/12', '2013-02-19 00:00:00', NULL, NULL, NULL, 'adekel1@optusnet.com.au', NULL, NULL, NULL, NULL, NULL, 1, 1, 1, '2013-02-19 00:00:00', NULL, NULL, NULL, NULL, NULL, NULL, NULL, NULL, NULL, NULL, NULL, NULL, NULL, NULL, NULL, NULL, NULL, NULL),
(322, 'Erin O''Reilly', 'ORE-1/12', '2013-02-19 00:00:00', NULL, NULL, '0448 801 851', 'ezmay28@hotmail.com', '13A Byron St', 'Leederville', '6007', 6, 15, 1, 1, 1, '2012-05-01 00:00:00', NULL, NULL, NULL, NULL, NULL, NULL, NULL, NULL, NULL, NULL, NULL, NULL, NULL, NULL, NULL, NULL, NULL, NULL),
(323, 'Peter Witkowski', 'none', '2013-02-19 00:00:00', NULL, NULL, '0425 894 017', 'witkowskip@theweeklytimes.com.au', NULL, NULL, NULL, NULL, 15, NULL, 1, 1, NULL, NULL, NULL, NULL, NULL, NULL, NULL, NULL, NULL, NULL, NULL, NULL, NULL, NULL, NULL, NULL, NULL, NULL, NULL),
(324, 'Evelyn Perlmutter', 'PER-1/13', '2013-02-20 00:00:00', NULL, NULL, NULL, 'eviperlmutter@hotmail.com', NULL, NULL, NULL, NULL, NULL, 1, 1, 1, '2013-02-20 00:00:00', NULL, NULL, NULL, NULL, NULL, NULL, NULL, NULL, NULL, NULL, NULL, NULL, NULL, NULL, NULL, NULL, NULL, NULL),
(325, 'Eigenia Marshall', 'MARS-2/13', '2013-02-20 00:00:00', NULL, '9876 45 47', NULL, 'robertlittlejohn@bigpond.com', '2/70 Bemboka Rd', 'Croydon Hill', '3136', 5, 15, 2, 1, 1, '2013-02-20 00:00:00', NULL, NULL, NULL, NULL, NULL, NULL, NULL, NULL, NULL, NULL, NULL, NULL, NULL, NULL, NULL, NULL, NULL, NULL),
(328, 'Yehuda Fishkind', 'FIS-8/13', '2013-02-21 00:00:00', NULL, NULL, NULL, NULL, NULL, NULL, NULL, NULL, NULL, 2, 2, 1, '2013-02-21 00:00:00', NULL, NULL, NULL, NULL, NULL, NULL, NULL, NULL, NULL, NULL, NULL, NULL, NULL, NULL, NULL, NULL, NULL, NULL),
(331, 'Samantha Bielanski', 'BIE-1/13', '2013-02-21 00:00:00', NULL, '(647) 9836626', NULL, 'samantha_bielanski@hotmail.com', NULL, NULL, NULL, NULL, 43, NULL, 1, 1, '2013-02-19 00:00:00', 6, '2013-02-21 00:00:00', NULL, NULL, NULL, NULL, NULL, NULL, NULL, NULL, NULL, NULL, NULL, NULL, NULL, NULL, NULL, NULL),
(332, 'Jessica Donaldson', 'DON-1/13', '2013-02-21 00:00:00', NULL, '(04) 3173 6901', NULL, 'donaldsonjm@yahoo.com.au', NULL, NULL, NULL, NULL, 15, NULL, 1, 1, '2013-02-20 00:00:00', 6, '2013-02-20 00:00:00', NULL, NULL, NULL, NULL, NULL, NULL, NULL, NULL, NULL, NULL, NULL, NULL, NULL, NULL, NULL, NULL),
(333, 'Matthew Lansdown', 'LAN-1/13', '2013-02-21 00:00:00', NULL, '(614) 05014630', NULL, 'matt@synthesisproductions.com', NULL, NULL, NULL, NULL, NULL, NULL, 1, 1, '2013-02-21 00:00:00', 6, '2013-02-20 00:00:00', NULL, NULL, NULL, NULL, NULL, NULL, NULL, NULL, NULL, NULL, NULL, NULL, NULL, NULL, NULL, NULL),
(334, 'Frank Kurzel', 'KUR-1/13', '2013-02-21 00:00:00', NULL, '(08) 82694086', NULL, 'frank.kurzel@unisa.edu.au', NULL, NULL, NULL, NULL, 15, NULL, 1, 1, '2013-02-20 00:00:00', 6, '2013-02-21 00:00:00', NULL, NULL, NULL, NULL, NULL, NULL, NULL, NULL, NULL, NULL, NULL, NULL, NULL, NULL, NULL, NULL),
(335, 'Jenice Harley', 'HAR-1/13', '2013-02-21 00:00:00', NULL, NULL, '(61) 0404596111', 'hj_jenice@live.com.au', NULL, NULL, NULL, NULL, 15, NULL, 1, 1, '2013-02-17 00:00:00', 6, '2013-02-21 00:00:00', NULL, NULL, NULL, NULL, NULL, NULL, NULL, NULL, NULL, NULL, NULL, NULL, NULL, NULL, NULL, NULL),
(336, 'Garry Charny', 'CHA-1/13', '2013-02-21 00:00:00', NULL, '(02) 9223 1000', NULL, 'gcharny@wolseleycorporate.com', NULL, NULL, NULL, NULL, 15, NULL, 1, 1, '2013-02-17 00:00:00', 6, '2013-02-21 00:00:00', NULL, NULL, NULL, NULL, NULL, NULL, NULL, NULL, NULL, NULL, NULL, NULL, NULL, NULL, NULL, NULL),
(337, 'Lisa Dibbs', 'DIB-1/13', '2013-02-21 00:00:00', 'Maternal grandparents and aunty and uncle were Polish. They left Poland after WW2. Has marriage certificate.', '(07) 31631975', NULL, 'lisa.dibbs@mater.org.au', NULL, NULL, NULL, NULL, 15, NULL, 1, 1, '2013-02-12 00:00:00', 6, '2013-02-21 00:00:00', NULL, NULL, NULL, NULL, NULL, NULL, NULL, NULL, NULL, NULL, NULL, NULL, NULL, NULL, NULL, NULL),
(338, 'Martin Pucilowski', 'PUC-1/13', '2013-02-21 00:00:00', 'Parents and grandparents are Polish. Some ancestor(s) served in the Polish army. They left Poland after WW2 and moved to both the UK and Australia.', '(03) 97870246', NULL, 'mdpucilowski@gmail.com', NULL, NULL, NULL, NULL, 15, NULL, 1, 1, '2013-02-13 00:00:00', 6, '2013-02-21 00:00:00', NULL, NULL, NULL, NULL, NULL, NULL, NULL, NULL, NULL, NULL, NULL, NULL, NULL, NULL, NULL, NULL),
(340, 'Andrew Pollard', 'POL-1/13', '2013-02-21 00:00:00', 'Maternal grandfather Polish. Left Poland after WW2. Ancestors moved to Aus, married UK citizen and moved to AUS. Has birth certificates and army records.', '(08) 94543469', NULL, 'andeepollard@gmail.com', NULL, NULL, NULL, NULL, 15, NULL, 1, 1, '2013-02-17 00:00:00', 6, '2013-02-21 00:00:00', NULL, NULL, NULL, NULL, NULL, NULL, NULL, NULL, NULL, NULL, NULL, NULL, NULL, NULL, NULL, NULL),
(341, 'Ana Fernandez', 'FER-1/13', '2013-02-21 00:00:00', 'Maternal and paternal grandmother''s Polish. They left Poland before WW2 and moved to USA. Has immigration documents.', NULL, '(04) 00124587', 'ana@fernandezdeaguirre.com', NULL, NULL, NULL, NULL, 15, NULL, 1, 1, '2013-02-17 00:00:00', 6, '2013-02-21 00:00:00', NULL, NULL, NULL, NULL, NULL, NULL, NULL, NULL, NULL, NULL, NULL, NULL, NULL, NULL, NULL, NULL),
(342, 'Zosia Tymerski', 'TYM-1/13', '2013-02-21 00:00:00', 'Paternal grandparents Polish. They left Poland after WW2 and moved to Australia.', '(04) 38631957', NULL, 'sophie_tymerski@hotmail.com', NULL, NULL, NULL, NULL, 15, NULL, 1, 1, '2013-02-17 00:00:00', 6, '2013-02-21 00:00:00', NULL, NULL, NULL, NULL, NULL, NULL, NULL, NULL, NULL, NULL, NULL, NULL, NULL, NULL, NULL, NULL),
(343, 'Miss. C. A', 'ASH-1/13', '2013-02-21 00:00:00', 'Mother and maternal grandfather Polish. Ancestor(s) served in the Polish army. They left Poland during WW2 and moved to the UK.', '(07816) 525999', NULL, 'caroashford@hotmail.com', NULL, NULL, NULL, NULL, 243, NULL, 1, 1, '2013-02-21 00:00:00', 6, '2013-02-21 00:00:00', NULL, NULL, NULL, NULL, NULL, NULL, NULL, NULL, NULL, NULL, NULL, NULL, NULL, NULL, NULL, NULL),
(344, 'David Sandomierski', 'SAN-1/13', '2013-02-21 00:00:00', 'Parents and all grandparents Polish. Client born in Germany and has a copy of his expired Polish passport that he wishes to renew. Ancestor(s) served in the Polish army.', '(02) 9669 7007', NULL, 'david@acli.com.au', NULL, NULL, NULL, NULL, 15, NULL, 1, 1, '2013-02-21 00:00:00', 6, '2013-02-21 00:00:00', NULL, NULL, NULL, NULL, NULL, NULL, NULL, NULL, NULL, NULL, NULL, NULL, NULL, NULL, NULL, NULL),
(345, 'Lea Binetter', 'BIN-2/13', '2013-02-21 00:00:00', 'Her sister in law Susanne Binetter has already gone through the process with Polarn several years ago.', NULL, '0413 047 241', 'learose_b@bigpond.com', NULL, NULL, NULL, 8, 15, 2, 1, 1, '2013-02-21 00:00:00', 4, NULL, NULL, NULL, NULL, NULL, NULL, NULL, NULL, NULL, NULL, NULL, NULL, NULL, NULL, NULL, NULL, NULL),
(346, 'George Labuc', 'LAB-2/12', '2012-03-21 00:00:00', NULL, '(03) 9593 9320', '9827 7942 (work)', 'georgielab2@hotmail.com', '50 Alma Rd', 'St Kilda', '3182', 5, 15, 2, 2, 1, '2012-01-31 00:00:00', NULL, '2012-01-13 00:00:00', NULL, NULL, NULL, NULL, NULL, NULL, NULL, NULL, NULL, NULL, NULL, NULL, NULL, NULL, NULL, NULL),
(347, 'Pippa Labuc', 'LAB-2/12', '2012-03-22 00:00:00', NULL, NULL, NULL, NULL, NULL, NULL, NULL, NULL, NULL, 2, 2, 1, '2012-03-22 00:00:00', NULL, NULL, NULL, NULL, NULL, NULL, NULL, NULL, NULL, NULL, NULL, NULL, NULL, NULL, NULL, NULL, NULL, NULL),
(348, 'Jon Belko', 'BEL-1/13', '2013-02-22 00:00:00', NULL, '(225) 6208019', NULL, 'jrdejean1@yahoo.com', NULL, NULL, NULL, NULL, 244, NULL, 1, 1, '2013-02-22 00:00:00', 6, '2013-02-22 00:00:00', NULL, NULL, NULL, NULL, NULL, NULL, NULL, NULL, NULL, NULL, NULL, NULL, NULL, NULL, NULL, NULL),
(349, 'Anna Taylor', 'TAY-1/13', '2013-02-22 00:00:00', 'Grandparents and parents were Polish. Was born in Poland herself but left when she was 9 months old without a Polish passport. Apparently her parents were war heroes. She also has birth and marriage certificates and her mum''s expired passport.', '(07) 559842771', NULL, NULL, NULL, NULL, NULL, 2, 15, NULL, 1, 1, '2013-02-22 00:00:00', 2, NULL, NULL, NULL, NULL, NULL, NULL, NULL, NULL, NULL, NULL, NULL, NULL, NULL, NULL, NULL, NULL, NULL),
(350, 'Lianna Sliwczynski', 'SLI-2/12', '2013-02-25 00:00:00', NULL, NULL, NULL, 'ljsliw@gmail.com', '9 Peasholm Corner', 'Craigieburn', '3064', 5, 15, 2, 2, 1, '2011-11-29 00:00:00', NULL, '2011-11-29 00:00:00', NULL, NULL, NULL, NULL, NULL, NULL, NULL, NULL, NULL, NULL, NULL, NULL, NULL, NULL, NULL, NULL),
(351, 'Paul Sliwczynski', 'SLI-2/12', '2013-02-25 00:00:00', NULL, NULL, '0419 516 605', 'paul@mobilityplus.com.au', NULL, NULL, NULL, NULL, NULL, 2, 2, 1, '2011-11-29 00:00:00', NULL, NULL, NULL, NULL, NULL, NULL, NULL, NULL, NULL, NULL, NULL, NULL, NULL, NULL, NULL, NULL, NULL, NULL),
(352, 'Julia Rogozinski', 'ROG-3/13', '2013-02-25 00:00:00', NULL, '9557 2205', NULL, 'rowse@netspace.net.au', NULL, NULL, NULL, NULL, NULL, 2, 1, 1, '2013-02-25 00:00:00', NULL, NULL, NULL, NULL, NULL, NULL, NULL, NULL, NULL, NULL, NULL, NULL, NULL, NULL, NULL, NULL, NULL, NULL),
(353, 'Tanya Janina', 'KWA-1/11', '2013-02-25 00:00:00', NULL, '02 9600 8130', '0449 255 464', 'tjkwasnica@hotmail.com.au', '57 Charles St', 'Liverpool', '2170', 8, 15, 2, 2, 1, '2011-03-25 00:00:00', NULL, NULL, NULL, NULL, NULL, NULL, NULL, NULL, NULL, NULL, NULL, NULL, NULL, NULL, NULL, NULL, NULL, NULL),
(354, 'Julius Zieleniecki', 'ZIE-1/13', '2013-02-26 00:00:00', 'Mother and maternal grandparents are Polish. A family member served in the Polish army.', '(614) 32184838', NULL, 'ziel10015@flinders.edu.au', NULL, NULL, NULL, NULL, 15, NULL, 1, 1, '2013-02-24 00:00:00', 6, '2013-02-26 00:00:00', NULL, NULL, NULL, NULL, NULL, NULL, NULL, NULL, NULL, NULL, NULL, NULL, NULL, NULL, NULL, NULL),
(355, 'Scott Goldsmith', 'GOL-1/13', '2013-02-26 00:00:00', 'Mother and maternal grandparents Polish. Left Poland during WW2.', NULL, '(+61) 422089386', 'scttgldsmth@gmail.com', NULL, NULL, NULL, NULL, 15, NULL, 1, 1, '2013-02-23 00:00:00', 6, '2013-02-26 00:00:00', NULL, NULL, NULL, NULL, NULL, NULL, NULL, NULL, NULL, NULL, NULL, NULL, NULL, NULL, NULL, NULL),
(356, 'James Studniberg', 'STU-1/13', '2013-02-26 00:00:00', 'Father and maternal grandparents Polish. Has documents but is not sure what they are.', NULL, '0405 123 251', 'jamestraveller@yahoo.com.au', NULL, NULL, NULL, NULL, 15, NULL, 1, 1, '2013-02-16 00:00:00', 6, '2013-02-26 00:00:00', NULL, NULL, NULL, NULL, NULL, NULL, NULL, NULL, NULL, NULL, NULL, NULL, NULL, NULL, NULL, NULL),
(357, 'Lori Williams', 'WIL-1/13', '2013-02-26 00:00:00', NULL, '+1-416-955-1456', NULL, 'einheibl@gmail.com', NULL, NULL, NULL, NULL, 43, 3, 1, 1, '2013-02-23 00:00:00', 2, NULL, NULL, NULL, NULL, NULL, NULL, NULL, NULL, NULL, NULL, NULL, NULL, NULL, NULL, NULL, NULL, NULL),
(358, 'Boris Gelberg', 'GEL-4/13', '2013-02-26 00:00:00', 'Boris and his son Ron have acquired citizenship. Two daughters and two granddaughters are now applying.', '9555 5322', '0418 173 594', 'bgelberg@hothamtax.com', '17 Garrell St, Caulfield North', NULL, '3161', 5, 15, 2, 2, 1, '2013-02-26 00:00:00', NULL, NULL, NULL, NULL, NULL, NULL, NULL, NULL, NULL, NULL, NULL, NULL, NULL, NULL, NULL, NULL, NULL, NULL),
(359, 'Regina Peterson', 'PET-1/13', '2013-02-27 00:00:00', 'Family comes from an area that is no longer in Poland. Maternal great grandparents were Polish.', '(760) 231 7989', NULL, 'luckysprite@gmail.com', NULL, NULL, NULL, NULL, 244, NULL, 1, 1, '2013-02-27 00:00:00', 6, '2013-02-27 00:00:00', NULL, NULL, NULL, NULL, NULL, NULL, NULL, NULL, NULL, NULL, NULL, NULL, NULL, NULL, NULL, NULL),
(361, 'Dave Sequin', 'SEQ-1/13', '2013-02-27 00:00:00', 'Maternal grandfather Polish, left Poland during WWII.', NULL, '(045) 5455455', 'banana@gmail.com', NULL, NULL, NULL, NULL, 15, NULL, 1, 1, '2013-02-27 00:00:00', 6, '2013-02-27 00:00:00', NULL, NULL, NULL, NULL, NULL, NULL, NULL, NULL, NULL, NULL, NULL, NULL, NULL, NULL, NULL, NULL),
(362, 'Sarah Smith', 'SMI-1/13', '2013-02-27 00:00:00', 'Mother and maternal grandmother Polish. They left Poland after WWII.', NULL, '(+61) 457355977', 'smitty_94@live.com', NULL, NULL, NULL, NULL, 15, NULL, 1, 1, '2013-02-27 00:00:00', 6, '2013-02-27 00:00:00', NULL, NULL, NULL, NULL, NULL, NULL, NULL, NULL, NULL, NULL, NULL, NULL, NULL, NULL, NULL, NULL),
(364, 'Christian Francis Ryan', 'RYA-1/12', '2013-02-28 00:00:00', NULL, NULL, '0448 813 961', 'trishan_ryan@hotmail.com', '538 Churchill Ave', 'Sandy Bay', '7005', 4, 15, 1, 2, 1, '2013-02-28 00:00:00', NULL, NULL, NULL, NULL, NULL, NULL, NULL, NULL, NULL, NULL, NULL, NULL, NULL, NULL, NULL, NULL, NULL, NULL),
(365, 'Jennifer Nadwodny', 'NAD-1/13', '2013-02-28 00:00:00', 'Paternal grandparents Polish. An ancestor (not sure who) served in the Polish army. During the war grandparents were moved to Siberia, then ended up in the UK after the war, where they were married. Following that, they came to Canada in 1953.', '(905) 5173312', NULL, 'jennifer.nadwodny@gmail.com', NULL, NULL, NULL, NULL, 43, NULL, 1, 1, '2013-02-28 00:00:00', 6, '2013-02-28 00:00:00', NULL, NULL, NULL, NULL, NULL, NULL, NULL, NULL, NULL, NULL, NULL, NULL, NULL, NULL, NULL, NULL),
(366, 'Janina Maria Ryan', 'RYA-1/12', '2013-02-28 00:00:00', NULL, NULL, NULL, NULL, NULL, NULL, NULL, NULL, NULL, 1, 2, 1, '2013-02-28 00:00:00', NULL, NULL, NULL, NULL, NULL, NULL, NULL, NULL, NULL, NULL, NULL, NULL, NULL, NULL, NULL, NULL, NULL, NULL),
(367, 'Leo Van Ryan', 'RYA-1/12', '2013-02-28 00:00:00', NULL, NULL, NULL, NULL, NULL, NULL, NULL, NULL, NULL, 1, 2, 1, '2013-02-28 00:00:00', NULL, NULL, NULL, NULL, NULL, NULL, NULL, NULL, NULL, NULL, NULL, NULL, NULL, NULL, NULL, NULL, NULL, NULL),
(368, 'Samuel Adam Ryan', 'RYA-1/12', '2013-02-28 00:00:00', NULL, NULL, NULL, NULL, NULL, NULL, NULL, NULL, NULL, 1, 2, 1, '2013-02-28 00:00:00', NULL, NULL, NULL, NULL, NULL, NULL, NULL, NULL, NULL, NULL, NULL, NULL, NULL, NULL, NULL, NULL, NULL, NULL),
(369, 'Jonathan Ahearn', 'AHE-1/13', '2013-02-28 00:00:00', 'Maternal grandfather Polish. Family member served in the Polish army - left Poland during WWII.', NULL, '(+61) 431522750', 'jonts85@hotmail.com', NULL, NULL, NULL, NULL, 15, NULL, 1, 1, '2013-02-27 00:00:00', 6, '2013-02-28 00:00:00', NULL, NULL, NULL, NULL, NULL, NULL, NULL, NULL, NULL, NULL, NULL, NULL, NULL, NULL, NULL, NULL),
(374, 'Sandra Kasprowicz', 'KASP-1/13', '2013-02-28 00:00:00', 'Mother, maternal grandparents and paternal grandfather Polish. Left Poland after WWII.', '(03) 51277174', NULL, 's.andra.k@hotmail.com', NULL, NULL, NULL, NULL, 15, NULL, 1, 1, '2012-12-23 00:00:00', 6, '2012-12-24 00:00:00', NULL, NULL, NULL, NULL, NULL, NULL, NULL, NULL, NULL, NULL, NULL, NULL, NULL, NULL, NULL, NULL),
(376, 'Alexander Moodie', 'MOO-2/12', '2013-02-28 00:00:00', 'Mother Teresa''s phone number: 0408 328 145', '(03) 5224 2282', '0432 984 393', 'alex.moodie@gmail.com', '23 Melville Ave', 'Newtown', '3220', 5, 15, 2, 2, 1, '2012-06-08 00:00:00', NULL, NULL, NULL, NULL, NULL, NULL, NULL, NULL, NULL, NULL, NULL, NULL, NULL, NULL, NULL, NULL, NULL, NULL),
(377, 'Leith Poulson', 'POU-1/13', '2013-03-01 00:00:00', 'Great grandmother Polish. Maiden name was Tillack. Departed Hamburg for Brisbane on board the Lammershagen, 8 August 1878 with parents Johann Ferdinand and Emilie.', NULL, NULL, 'leithpoulsen@hotmail.com', NULL, NULL, NULL, NULL, 15, NULL, 1, 1, '2013-02-27 00:00:00', 2, '2013-03-28 00:00:00', NULL, NULL, NULL, NULL, NULL, NULL, NULL, NULL, NULL, NULL, NULL, NULL, NULL, NULL, NULL, NULL),
(378, 'Robert Ward', 'none', '2013-03-01 00:00:00', 'Wife is Polish, they live in Poland. Jola has asked to speak with him over the phone - waiting for response.', NULL, NULL, 'gabrielle.ward@neostrada.pl', NULL, NULL, NULL, NULL, 187, NULL, 1, 1, '2013-02-28 00:00:00', 6, '2013-03-01 00:00:00', NULL, NULL, NULL, NULL, NULL, NULL, NULL, NULL, NULL, NULL, NULL, NULL, NULL, NULL, NULL, NULL),
(379, 'Paul Koros', 'none', '2013-03-01 00:00:00', 'Father and paternal grandparents Polish - Father served in Polish and British army.', '(44) 07983437156', NULL, 'paul@comtek.co.uk', NULL, NULL, NULL, NULL, 243, NULL, 1, 1, '2013-03-01 00:00:00', 6, '2013-03-01 00:00:00', NULL, NULL, NULL, NULL, NULL, NULL, NULL, NULL, NULL, NULL, NULL, NULL, NULL, NULL, NULL, NULL),
(381, 'Kenneth Francis Madej', 'MAD-1/12', '2013-03-01 00:00:00', NULL, '(02) 6262 8882', '0404 042 080', 'ken_madej@hotmail.com / ken.madej@anu.edu.au', NULL, NULL, NULL, NULL, NULL, 2, 2, 1, '2011-07-14 00:00:00', NULL, NULL, NULL, NULL, NULL, NULL, NULL, NULL, NULL, NULL, NULL, NULL, NULL, NULL, NULL, NULL, NULL, NULL),
(382, 'Diego Gomez-Grun', 'GRU-1/13', '2013-03-01 00:00:00', 'Maternal great grandfater, grandfather and grandmother Polish.', '(54) 11-4797-3580', NULL, 'diegogrun@yahoo.com', NULL, NULL, NULL, NULL, 11, NULL, 1, 1, '2013-03-01 00:00:00', 6, '2013-03-01 00:00:00', NULL, NULL, NULL, NULL, NULL, NULL, NULL, NULL, NULL, NULL, NULL, NULL, NULL, NULL, NULL, NULL),
(386, 'Rachel Anorov', 'ANO-4/13', '2013-03-04 00:00:00', NULL, NULL, NULL, NULL, NULL, NULL, NULL, NULL, NULL, 2, 2, 1, '2013-03-04 00:00:00', NULL, NULL, NULL, NULL, NULL, NULL, NULL, NULL, NULL, NULL, NULL, NULL, NULL, NULL, NULL, NULL, NULL, NULL),
(387, 'David Anorov', 'ANO-4/13', '2013-03-04 00:00:00', NULL, NULL, NULL, NULL, NULL, NULL, NULL, NULL, NULL, 2, 2, 1, '2013-03-04 00:00:00', NULL, NULL, NULL, NULL, NULL, NULL, NULL, NULL, NULL, NULL, NULL, NULL, NULL, NULL, NULL, NULL, NULL, NULL),
(388, 'Laura Anorov', 'ANO-4/13', '2013-03-04 00:00:00', NULL, NULL, NULL, NULL, NULL, NULL, NULL, NULL, NULL, 2, 2, 1, '2013-03-04 00:00:00', NULL, NULL, NULL, NULL, NULL, NULL, NULL, NULL, NULL, NULL, NULL, NULL, NULL, NULL, NULL, NULL, NULL, NULL),
(390, 'Justin Ridgeway', 'RIDG-1/13', '2013-03-04 00:00:00', 'Was an illegibility client back in 2009.  Completed CoE and never went ahead with processing of CC and Passport due to financial restrictions.', NULL, NULL, 'justin.ridgeway@whittlesea.vic.gov.au', NULL, NULL, NULL, 5, 15, 2, 1, 1, '2013-02-14 00:00:00', 5, NULL, NULL, NULL, NULL, NULL, NULL, NULL, NULL, NULL, NULL, NULL, NULL, NULL, NULL, NULL, NULL, NULL),
(393, 'James Mathers', 'MAT-1/10', '2013-03-04 00:00:00', NULL, '(02) 4950 6206', '0421 192 494', 'jaymzxyz@hotmail.com, jamesmathers@live.com.au', '19 Raggatt Cr', 'Edgeworth', '2285', 8, 15, 2, 2, 1, '2013-03-04 00:00:00', NULL, NULL, NULL, NULL, NULL, NULL, NULL, NULL, NULL, NULL, NULL, NULL, NULL, NULL, NULL, NULL, NULL, NULL),
(394, 'Ivan Grauer', 'GRA-1/12', '2013-03-05 00:00:00', NULL, NULL, '0417 541 186', 'ivan@yourpharmacy.com.au', '4 Snowdon Ave', 'Caulfield', '3162', 5, 15, NULL, 2, 1, '2013-03-05 00:00:00', NULL, NULL, NULL, NULL, NULL, NULL, NULL, NULL, NULL, NULL, NULL, NULL, NULL, NULL, NULL, NULL, NULL, NULL),
(395, 'Danielle Fisher', 'none', '2013-03-05 00:00:00', 'Maternal grandfather Polish - left after WWII.', NULL, '0422 058 869', 'danielle.fisher@scu.edu.au', NULL, NULL, NULL, NULL, 15, NULL, 1, 1, '2013-03-04 00:00:00', 6, '2013-03-05 00:00:00', NULL, NULL, NULL, NULL, NULL, NULL, NULL, NULL, NULL, NULL, NULL, NULL, NULL, NULL, NULL, NULL),
(396, 'Tamara Kusz', 'none', '2013-03-05 00:00:00', 'Father and paternal grandparents Polish. Left Poland after WWII for Australia and Canada.', '(33) 676828688', NULL, 'sm.tm@live.com.au', NULL, NULL, NULL, NULL, 82, NULL, 1, 1, '2013-03-03 00:00:00', 6, '2013-03-05 00:00:00', NULL, NULL, NULL, 6, '2013-03-08 00:00:00', NULL, NULL, NULL, NULL, NULL, NULL, NULL, NULL, NULL, NULL, NULL),
(397, 'Edward Korzeniewski', 'none', '2013-03-05 00:00:00', 'Father and paternal grandparents Polish. Left Poland before WWI for USA.', '(858) 7773649', NULL, 'bamcram@hushmail.com', NULL, NULL, NULL, NULL, 244, NULL, 1, 1, '2013-03-03 00:00:00', 6, '2013-03-05 00:00:00', NULL, NULL, NULL, NULL, NULL, NULL, NULL, NULL, NULL, NULL, NULL, NULL, NULL, NULL, NULL, NULL),
(398, 'Edna Kutcher', 'none', '2013-03-05 00:00:00', 'Parents and grandparents Polish. Left Poland during WWII for Australia, Italy and Israel. Family comes from an area that is no longer in Poland. One ancestor served in a foreign army.', '(02) 95940361', NULL, 'edna.k@optusnet.com.au', NULL, NULL, NULL, NULL, 15, NULL, 1, 1, '2013-03-04 00:00:00', 6, '2013-03-05 00:00:00', NULL, NULL, NULL, NULL, NULL, NULL, NULL, NULL, NULL, NULL, NULL, NULL, NULL, NULL, NULL, NULL),
(400, 'Sally Vellar', 'none', '2013-03-05 00:00:00', 'Mother and maternal grandparents Polish. Family member served in Polish army. They left Poland after WWII for Australia.', NULL, '(61) 0409 482 256', 'svell13@eq.edu.au', NULL, NULL, NULL, NULL, 15, NULL, 1, 1, '2013-03-02 00:00:00', 6, '2013-03-05 00:00:00', NULL, NULL, NULL, NULL, NULL, NULL, NULL, NULL, NULL, NULL, NULL, NULL, NULL, NULL, NULL, NULL);
INSERT INTO `contactdashboard` (`ID`, `ContactName`, `ArchiveName`, `Since`, `Notes`, `Landline`, `Mobile`, `Email`, `AddressLine1`, `AddressLine2`, `PostCode`, `State`, `Country`, `What`, `Status`, `OpenOrClosed`, `DateOfEnquiry`, `HowTheyFoundUs`, `SendInfoPack`, `AddToNewsletterList`, `FollowUp`, `Other`, `ModifiedBy`, `ModifiedOn`, `FileCompiledByMateusz`, `LodgedOn`, `CaseNumber`, `NameOfCaseOfficer`, `FeedbackFromCaseOfficer`, `CCReceived`, `CivilRegistrationOffice`, `PolishBCReceived`, `PolishMCReceived`, `PESELNumberAppliedDate`, `PESELNumber`) VALUES
(401, 'Cassandra Peszko', 'none', '2013-03-05 00:00:00', 'Father and maternal grandparents Polish. Although mentions father was born in Australia in 1958. Left Poland after WWII for Australia. A family member served in the Polish army.', NULL, '0450 310 356', 'cassandrapeszko@hotmail.com', NULL, NULL, NULL, NULL, 15, NULL, 1, 1, '2013-03-01 00:00:00', 6, '2013-03-05 00:00:00', NULL, NULL, NULL, NULL, NULL, NULL, NULL, NULL, NULL, NULL, NULL, NULL, NULL, NULL, NULL, NULL),
(402, 'Bradley Smorgan', 'none', '2013-03-06 00:00:00', 'Maternal grandmother Polish.', NULL, '(04) 19826888', 'bsmorgan@gmail.com', NULL, NULL, NULL, NULL, 15, NULL, 1, 1, '2013-03-06 00:00:00', 6, '2013-03-06 00:00:00', NULL, NULL, NULL, NULL, NULL, NULL, NULL, NULL, NULL, NULL, NULL, NULL, NULL, NULL, NULL, NULL),
(403, 'Denise Coffey', 'none', '2013-03-06 00:00:00', 'Maternal grandmother Polish. Left Poland before WWII.', '(802) 2499154', NULL, 'denisecoffey62@gmail.com', NULL, NULL, NULL, NULL, 244, NULL, 1, 1, '2013-03-06 00:00:00', 6, '2013-03-06 00:00:00', NULL, NULL, NULL, NULL, NULL, NULL, NULL, NULL, NULL, NULL, NULL, NULL, NULL, NULL, NULL, NULL),
(405, 'Helen Jaworski', 'JAW-1/11', '2013-03-06 00:00:00', NULL, '9871 3019', '0434 641 827', 'hjaworski@hotmail.com', '21 Douglass Ave', 'Carlingford', '2118', 8, 15, 2, 2, 1, '2013-03-06 00:00:00', NULL, NULL, NULL, NULL, NULL, NULL, NULL, NULL, NULL, NULL, NULL, NULL, NULL, NULL, NULL, NULL, NULL, NULL),
(407, 'Simon Lewicki', 'LEWIC-1/13', '2013-03-06 00:00:00', NULL, NULL, '0417 453 893', 'simonlewicki@me.com', '14 Angophora Cres', 'Forestville', '2087', 5, 15, 2, 1, 1, '2013-03-06 00:00:00', NULL, NULL, NULL, NULL, NULL, NULL, NULL, NULL, NULL, NULL, NULL, NULL, NULL, NULL, NULL, NULL, NULL, NULL),
(408, 'Shelley Jelonek', 'JEL-2/12', '2013-03-07 00:00:00', 'Tadeusz'' contact details: 2/24 Bluetail Crescent, Upper Coomero QLD 4209, 0406 053 547, 07 3254 2011 (office)', NULL, '0409 266 955', 'shelleyliana@gmail.com', 'PO Box 456', 'Fortitude Valley', '4006', 2, 15, 2, 2, 1, '2010-09-03 00:00:00', NULL, '2010-09-03 00:00:00', NULL, NULL, NULL, NULL, NULL, NULL, NULL, NULL, NULL, NULL, NULL, NULL, NULL, NULL, NULL, NULL),
(409, 'Nathan Jelonek', 'JEL-2/12', '2013-03-07 00:00:00', '2nd email address: nate_jelonek@edwards.com', NULL, '0423 884 597', 'nathan.jelonek@bigpond.com', '305/169 Leichhardt Street', 'Spring Hill, Brisbane', '4000', 2, 15, 2, 2, 1, '2013-03-07 00:00:00', NULL, NULL, NULL, NULL, NULL, NULL, NULL, NULL, NULL, NULL, NULL, NULL, NULL, NULL, NULL, NULL, NULL, NULL),
(412, 'Anna Kohut', 'KOHUT', '2013-03-07 00:00:00', NULL, NULL, '0417 566 234', 'anna.kohut007@gmail.com', '17 Augustine Tce', 'Glenroy', '3046', 5, 15, 2, 1, 1, '2013-03-07 00:00:00', NULL, NULL, NULL, NULL, NULL, 6, '2013-03-08 00:00:00', NULL, NULL, NULL, NULL, NULL, NULL, NULL, NULL, NULL, NULL, NULL),
(414, 'Michael Zajd', 'ZAJ-4/12', '2013-04-07 00:00:00', NULL, '9819 1361', NULL, 'mnzajd@gmail.com', 'PO Box 108', 'Hawthorn', '3122', 5, 15, 2, 2, 1, '2012-03-02 00:00:00', NULL, NULL, NULL, NULL, NULL, 7, '2013-03-08 00:00:00', NULL, NULL, NULL, NULL, NULL, NULL, NULL, NULL, NULL, NULL, NULL),
(415, 'Daniel Sam Zajd', 'ZAJ-4/12', '2013-04-07 00:00:00', NULL, NULL, NULL, NULL, NULL, NULL, NULL, NULL, NULL, 2, 2, 1, '2013-03-08 00:00:00', NULL, NULL, NULL, NULL, NULL, 7, '2013-03-08 00:00:00', NULL, NULL, NULL, NULL, NULL, NULL, NULL, NULL, NULL, NULL, NULL),
(416, 'Monica Zajd', 'ZAJ-4/12', '2013-04-07 00:00:00', NULL, NULL, NULL, NULL, NULL, NULL, NULL, NULL, NULL, 2, 2, 1, '2013-03-08 00:00:00', NULL, NULL, NULL, NULL, NULL, 7, '2013-03-08 00:00:00', NULL, NULL, NULL, NULL, NULL, NULL, NULL, NULL, NULL, NULL, NULL),
(417, 'Bernadette Zajd', 'ZAJ-4/12', '2013-04-07 00:00:00', NULL, NULL, NULL, NULL, NULL, NULL, NULL, NULL, NULL, 2, 2, 1, '2013-03-08 00:00:00', NULL, NULL, NULL, NULL, NULL, 7, '2013-03-08 00:00:00', NULL, NULL, NULL, NULL, NULL, NULL, NULL, NULL, NULL, NULL, NULL),
(418, 'Genevieve Wessels', 'none', '2013-04-07 00:00:00', 'Paternal grandmother Polish.', '(041) 3653059', NULL, 'genevieve.wessels@hotmail.com', NULL, NULL, NULL, NULL, 213, NULL, 1, 1, '2013-03-08 00:00:00', 6, '2013-03-08 00:00:00', NULL, NULL, NULL, 6, '2013-03-08 00:00:00', NULL, NULL, NULL, NULL, NULL, NULL, NULL, NULL, NULL, NULL, NULL),
(419, 'Melanie Mika', 'none', '2013-04-07 00:00:00', 'Parents and grandparents Polish. The left Poland after WW2 for the USA.', '(410) 5555555', NULL, 'star_angel7777@hotmail.com', NULL, NULL, NULL, NULL, 244, NULL, 1, 1, '2013-03-07 00:00:00', 6, '2013-03-08 00:00:00', NULL, NULL, NULL, 6, '2013-03-08 00:00:00', NULL, NULL, NULL, NULL, NULL, NULL, NULL, NULL, NULL, NULL, NULL);

-- --------------------------------------------------------

--
-- Table structure for table `countries`
--

CREATE TABLE IF NOT EXISTS `countries` (
  `id` int(11) NOT NULL AUTO_INCREMENT,
  `country_name` varchar(56) NOT NULL,
  PRIMARY KEY (`id`)
) ENGINE=InnoDB  DEFAULT CHARSET=latin1 AUTO_INCREMENT=258 ;

--
-- Dumping data for table `countries`
--

INSERT INTO `countries` (`id`, `country_name`) VALUES
(1, 'Afghanistan'),
(2, 'Akrotiri'),
(3, 'Albania'),
(4, 'Algeria'),
(5, 'American Samoa'),
(6, 'Andorra'),
(7, 'Angola'),
(8, 'Anguilla'),
(9, 'Antarctica'),
(10, 'Antigua and Barbuda'),
(11, 'Argentina'),
(12, 'Armenia'),
(13, 'Aruba'),
(14, 'Ashmore and Cartier Islands'),
(15, 'Australia'),
(16, 'Austria'),
(17, 'Azerbaijan'),
(18, 'Bahamas, The'),
(19, 'Bahrain'),
(20, 'Bangladesh'),
(21, 'Barbados'),
(22, 'Bassas da India'),
(23, 'Belarus'),
(24, 'Belgium'),
(25, 'Belize'),
(26, 'Benin'),
(27, 'Bermuda'),
(28, 'Bhutan'),
(29, 'Bolivia'),
(30, 'Bosnia and Herzegovina'),
(31, 'Botswana'),
(32, 'Bouvet Island'),
(33, 'Brazil'),
(34, 'British Indian Ocean Territory'),
(35, 'British Virgin Islands'),
(36, 'Brunei'),
(37, 'Bulgaria'),
(38, 'Burkina Faso'),
(39, 'Burma'),
(40, 'Burundi'),
(41, 'Cambodia'),
(42, 'Cameroon'),
(43, 'Canada'),
(44, 'Cape Verde'),
(45, 'Cayman Islands'),
(46, 'Central African Republic'),
(47, 'Chad'),
(48, 'Chile'),
(49, 'China'),
(50, 'Christmas Island'),
(51, 'Clipperton Island'),
(52, 'Cocos (Keeling) Islands'),
(53, 'Colombia'),
(54, 'Comoros'),
(55, 'Congo, Democratic Republic of the'),
(56, 'Congo, Republic of the'),
(57, 'Cook Islands'),
(58, 'Coral Sea Islands'),
(59, 'Costa Rica'),
(60, 'Cote d''Ivoire'),
(61, 'Croatia'),
(62, 'Cuba'),
(63, 'Cyprus'),
(64, 'Czech Republic'),
(65, 'Denmark'),
(66, 'Dhekelia'),
(67, 'Djibouti'),
(68, 'Dominica'),
(69, 'Dominican Republic'),
(70, 'Ecuador'),
(71, 'Egypt'),
(72, 'El Salvador'),
(73, 'Equatorial Guinea'),
(74, 'Eritrea'),
(75, 'Estonia'),
(76, 'Ethiopia'),
(77, 'Europa Island'),
(78, 'Falkland Islands (Islas Malvinas)'),
(79, 'Faroe Islands'),
(80, 'Fiji'),
(81, 'Finland'),
(82, 'France'),
(83, 'French Guiana'),
(84, 'French Polynesia'),
(85, 'French Southern and Antarctic Lands'),
(86, 'Gabon'),
(87, 'Gambia, The'),
(88, 'Gaza Strip'),
(89, 'Georgia'),
(90, 'Germany'),
(91, 'Ghana'),
(92, 'Gibraltar'),
(93, 'Glorioso Islands'),
(94, 'Greece'),
(95, 'Greenland'),
(96, 'Grenada'),
(97, 'Guadeloupe'),
(98, 'Guam'),
(99, 'Guatemala'),
(100, 'Guernsey'),
(101, 'Guinea'),
(102, 'Guinea-Bissau'),
(103, 'Guyana'),
(104, 'Haiti'),
(105, 'Heard Island and McDonald Islands'),
(106, 'Holy See (Vatican City)'),
(107, 'Honduras'),
(108, 'Hong Kong'),
(109, 'Hungary'),
(110, 'Iceland'),
(111, 'India'),
(112, 'Indonesia'),
(113, 'Iran'),
(114, 'Iraq'),
(115, 'Ireland'),
(116, 'Isle of Man'),
(117, 'Israel'),
(118, 'Italy'),
(119, 'Jamaica'),
(120, 'Jan Mayen'),
(121, 'Japan'),
(122, 'Jersey'),
(123, 'Jordan'),
(124, 'Juan de Nova Island'),
(125, 'Kazakhstan'),
(126, 'Kenya'),
(127, 'Kiribati'),
(128, 'Korea, North'),
(129, 'Korea, South'),
(130, 'Kuwait'),
(131, 'Kyrgyzstan'),
(132, 'Laos'),
(133, 'Latvia'),
(134, 'Lebanon'),
(135, 'Lesotho'),
(136, 'Liberia'),
(137, 'Libya'),
(138, 'Liechtenstein'),
(139, 'Lithuania'),
(140, 'Luxembourg'),
(141, 'Macau'),
(142, 'Macedonia'),
(143, 'Madagascar'),
(144, 'Malawi'),
(145, 'Malaysia'),
(146, 'Maldives'),
(147, 'Mali'),
(148, 'Malta'),
(149, 'Marshall Islands'),
(150, 'Martinique'),
(151, 'Mauritania'),
(152, 'Mauritius'),
(153, 'Mayotte'),
(154, 'Mexico'),
(155, 'Micronesia, Federated States of'),
(156, 'Moldova'),
(157, 'Monaco'),
(158, 'Mongolia'),
(159, 'Montserrat'),
(160, 'Morocco'),
(161, 'Mozambique'),
(162, 'Namibia'),
(163, 'Nauru'),
(164, 'Navassa Island'),
(165, 'Nepal'),
(166, 'Netherlands'),
(167, 'Netherlands Antilles'),
(168, 'New Caledonia'),
(169, 'New Zealand'),
(170, 'Nicaragua'),
(171, 'Niger'),
(172, 'Nigeria'),
(173, 'Niue'),
(174, 'Norfolk Island'),
(175, 'Northern Mariana Islands'),
(176, 'Norway'),
(177, 'Oman'),
(178, 'Pakistan'),
(179, 'Palau'),
(180, 'Panama'),
(181, 'Papua New Guinea'),
(182, 'Paracel Islands'),
(183, 'Paraguay'),
(184, 'Peru'),
(185, 'Philippines'),
(186, 'Pitcairn Islands'),
(187, 'Poland'),
(188, 'Portugal'),
(189, 'Puerto Rico'),
(190, 'Qatar'),
(191, 'Reunion'),
(192, 'Romania'),
(193, 'Russia'),
(194, 'Rwanda'),
(195, 'Saint Helena'),
(196, 'Saint Kitts and Nevis'),
(197, 'Saint Lucia'),
(198, 'Saint Pierre and Miquelon'),
(199, 'Saint Vincent and the Grenadines'),
(200, 'Samoa'),
(201, 'San Marino'),
(202, 'Sao Tome and Principe'),
(203, 'Saudi Arabia'),
(204, 'Senegal'),
(205, 'Serbia and Montenegro'),
(206, 'Seychelles'),
(207, 'Sierra Leone'),
(208, 'Singapore'),
(209, 'Slovakia'),
(210, 'Slovenia'),
(211, 'Solomon Islands'),
(212, 'Somalia'),
(213, 'South Africa'),
(214, 'South Georgia and the South Sandwich Islands'),
(215, 'Spain'),
(216, 'Spratly Islands'),
(217, 'Sri Lanka'),
(218, 'Sudan'),
(219, 'Suriname'),
(220, 'Svalbard'),
(221, 'Swaziland'),
(222, 'Sweden'),
(223, 'Switzerland'),
(224, 'Syria'),
(225, 'Taiwan'),
(226, 'Tajikistan'),
(227, 'Tanzania'),
(228, 'Thailand'),
(229, 'Timor-Leste'),
(230, 'Togo'),
(231, 'Tokelau'),
(232, 'Tonga'),
(233, 'Trinidad and Tobago'),
(234, 'Tromelin Island'),
(235, 'Tunisia'),
(236, 'Turkey'),
(237, 'Turkmenistan'),
(238, 'Turks and Caicos Islands'),
(239, 'Tuvalu'),
(240, 'Uganda'),
(241, 'Ukraine'),
(242, 'United Arab Emirates'),
(243, 'United Kingdom'),
(244, 'United States'),
(245, 'Uruguay'),
(246, 'Uzbekistan'),
(247, 'Vanuatu'),
(248, 'Venezuela'),
(249, 'Vietnam'),
(250, 'Virgin Islands'),
(251, 'Wake Island'),
(252, 'Wallis and Futuna'),
(253, 'West Bank'),
(254, 'Western Sahara'),
(255, 'Yemen'),
(256, 'Zambia'),
(257, 'Zimbabwe');

-- --------------------------------------------------------

--
-- Table structure for table `docnotes`
--

CREATE TABLE IF NOT EXISTS `docnotes` (
  `id` int(11) NOT NULL AUTO_INCREMENT,
  `user_id` int(12) DEFAULT NULL,
  `document_id` int(11) NOT NULL,
  `employee_id` int(12) DEFAULT NULL,
  `clientcase_id` int(12) DEFAULT NULL,
  `note` text NOT NULL,
  `created` datetime NOT NULL,
  `modified` datetime NOT NULL,
  PRIMARY KEY (`id`),
  KEY `document_id` (`document_id`),
  KEY `user_id` (`employee_id`)
) ENGINE=InnoDB  DEFAULT CHARSET=latin1 AUTO_INCREMENT=18 ;

--
-- Dumping data for table `docnotes`
--

INSERT INTO `docnotes` (`id`, `user_id`, `document_id`, `employee_id`, `clientcase_id`, `note`, `created`, `modified`) VALUES
(1, 1, 1, 1, NULL, 'Test1', '2013-09-26 07:43:04', '2013-09-26 07:43:04'),
(2, 1, 10, 1, NULL, 'ddgrg', '2013-09-26 07:53:08', '2013-09-26 07:53:08'),
(3, 1, 1, 1, NULL, 'test2', '2013-09-28 04:39:58', '2013-09-28 04:39:58'),
(4, 435, 1, NULL, 435, 'Test3', '2013-09-28 05:36:00', '2013-09-28 05:36:00'),
(5, 6, 1, 6, NULL, 'Test 4', '2013-09-28 05:39:18', '2013-09-28 05:39:18'),
(9, 436, 21, NULL, 436, 'fghfgh', '2013-09-29 05:59:11', '2013-09-29 05:59:11'),
(10, 436, 21, NULL, 436, 'fgn', '2013-09-29 05:59:15', '2013-09-29 05:59:15'),
(11, 436, 20, NULL, 436, 'sdf', '2013-10-01 08:31:53', '2013-10-01 08:31:53'),
(12, 436, 34, NULL, 436, 'Testing doc note', '2013-10-01 11:57:54', '2013-10-01 11:57:54'),
(13, 6, 20, 6, NULL, 'dfgf', '2013-10-04 01:27:55', '2013-10-04 01:27:55'),
(14, NULL, 19, 6, NULL, 'sfdsdf', '2013-10-16 07:56:27', '2013-10-16 07:56:27'),
(15, NULL, 19, 6, NULL, 'Testing the length of a document note to see how long it is.', '2013-10-16 08:01:59', '2013-10-16 08:01:59'),
(16, NULL, 64, NULL, 436, 'test', '2013-10-23 06:27:37', '2013-10-23 06:27:37'),
(17, NULL, 82, 6, NULL, 'I am a person', '2013-10-25 19:22:38', '2013-10-25 19:22:38');

-- --------------------------------------------------------

--
-- Table structure for table `documents`
--

CREATE TABLE IF NOT EXISTS `documents` (
  `id` int(11) NOT NULL AUTO_INCREMENT,
  `archive_id` int(12) NOT NULL,
  `applicant_id` int(12) DEFAULT NULL,
  `ancestortype_id` int(12) DEFAULT NULL,
  `documenttype_id` int(12) DEFAULT NULL,
  `copy_type` varchar(26) DEFAULT 'Digital',
  `date_received` date DEFAULT NULL,
  `date_returned` date DEFAULT NULL,
  `filename` varchar(255) DEFAULT NULL,
  `filesize` int(11) unsigned DEFAULT '0',
  `filemime` varchar(500) DEFAULT 'text/plain',
  `created` datetime DEFAULT NULL,
  PRIMARY KEY (`id`),
  KEY `archive_id` (`archive_id`),
  KEY `applicant_id` (`applicant_id`),
  KEY `ancestortype_id` (`ancestortype_id`),
  KEY `documenttype_id` (`documenttype_id`)
) ENGINE=InnoDB  DEFAULT CHARSET=latin1 AUTO_INCREMENT=84 ;

--
-- Dumping data for table `documents`
--

INSERT INTO `documents` (`id`, `archive_id`, `applicant_id`, `ancestortype_id`, `documenttype_id`, `copy_type`, `date_received`, `date_returned`, `filename`, `filesize`, `filemime`, `created`) VALUES
(1, 6, NULL, 8, 6, 'Digital', NULL, NULL, 'FALL-3-12 Family ASP 22-10-13.txt', 4, 'text/plain', '2013-08-26 22:13:18'),
(2, 6, NULL, 6, 5, 'Digital', NULL, NULL, 'FALL-3-12 Great grandfather NatC 22-10-13.pdf', 737136, 'application/pdf', '2013-08-26 22:13:48'),
(3, 6, 424, NULL, 6, 'Digital', NULL, NULL, 'FALL-3-12 Thomas ASP 22-10-13.txt', 4, 'text/plain', '2013-08-26 22:14:26'),
(4, 6, 424, NULL, 6, 'Digital', NULL, NULL, 'FALL-3-12 Thomas ASP 22-10-13.pdf', 737136, 'application/pdf', '2013-08-26 22:14:55'),
(5, 203, NULL, 8, 6, 'Digital', NULL, NULL, 'D-1-13 Family ASP.pdf', 61024, 'application/pdf', '2013-08-27 00:40:12'),
(6, 203, 420, NULL, 6, 'Digital', NULL, NULL, 'D-1-13 d ASP.pdf', 61024, 'application/pdf', '2013-08-27 00:40:29'),
(7, 209, NULL, 3, 1, 'Digital', NULL, NULL, 'HUS-1-13 Grandmother BC.pdf', 106686, 'application/pdf', '2013-08-27 00:40:43'),
(8, 211, NULL, 8, 1, 'Digital', NULL, NULL, 'MCB-1-13 Family BC.pdf', 528733, 'application/pdf', '2013-08-27 03:43:03'),
(9, 6, NULL, 8, 6, 'Digital', NULL, NULL, 'FALL-3-12 Family ASP 22-10-13.ctp', 1214, 'application/octet-stream', '2013-08-28 10:39:54'),
(10, 6, NULL, 8, 6, 'Digital', NULL, NULL, 'FALL-3-12 Family ASP 22-10-13 1.txt', 15, 'text/plain', '2013-09-06 00:48:50'),
(11, 6, NULL, 2, 18, 'Digital', NULL, NULL, 'FALL-3-12 Father DL 22-10-13.', 13, 'application/octet-stream', '2013-09-06 00:52:24'),
(12, 6, NULL, 8, 6, 'Digital', NULL, NULL, 'FALL-3-12 Family ASP 22-10-13.docx', 45241, 'application/vnd.openxmlformats-officedocument.wordprocessingml.document', '2013-09-06 00:54:13'),
(13, 6, 424, NULL, 6, 'Digital', NULL, NULL, 'FALL-3-12 Thomas ASP 22-10-13.jpg', 879394, 'image/jpeg', '2013-09-06 00:55:00'),
(14, 6, NULL, 8, 6, 'Digital', NULL, NULL, 'FALL-3-12 Family ASP 22-10-13.png', 33587, 'image/png', '2013-09-06 00:55:06'),
(15, 6, NULL, 8, 6, 'Digital', NULL, NULL, 'FALL-3-12 Family ASP 22-10-13.pdf', 262234, 'application/pdf', '2013-09-06 00:56:00'),
(16, 6, 424, NULL, 11, 'Digital', NULL, NULL, 'FALL-3-12 Thomas TravD 22-10-13.php', 2223, 'application/octet-stream', '2013-09-06 00:57:05'),
(17, 6, NULL, 8, 6, 'Digital', NULL, NULL, 'FALL-3-12 Family ASP 22-10-13 1.pdf', 68048, 'application/pdf', '2013-09-06 00:57:13'),
(18, 6, NULL, 8, 6, 'Digital', NULL, NULL, 'FALL-3-12 Family ASP 22-10-13 2.pdf', 106686, 'application/pdf', '2013-09-06 00:57:26'),
(19, 6, NULL, 8, 6, 'Digital', NULL, NULL, 'FALL-3-12 Family ASP 22-10-13 3.pdf', 203593, 'application/pdf', '2013-09-06 00:57:35'),
(20, 1, NULL, 8, 6, 'Digital', NULL, NULL, 'HUM-1-12 Family ASP 24-10-13.txt', 4, 'text/plain', '2013-09-29 01:56:15'),
(21, 1, NULL, 8, 6, 'Digital', NULL, NULL, 'HUM-1-12 Family ASP 24-10-13 1.txt', 4, 'text/plain', '2013-09-29 04:01:13'),
(22, 1, NULL, 8, 6, 'Digital', NULL, NULL, 'HUM-1-12 Family ASP 24-10-13 2.txt', 4, 'text/plain', '2013-09-29 04:01:35'),
(23, 1, NULL, 8, 18, 'Digital', NULL, NULL, 'HUM-1-12 Family DL 24-10-13.txt', 4, 'text/plain', '2013-09-29 05:29:51'),
(24, 1, NULL, 3, 13, 'Digital', NULL, NULL, 'HUM-1-12 Grandmother FamT 24-10-13.txt', 4, 'text/plain', '2013-09-29 05:45:14'),
(25, 1, NULL, 3, 13, 'Digital', NULL, NULL, 'HUM-1-12 Grandmother FamT 24-10-13 1.txt', 4, 'text/plain', '2013-09-29 05:45:31'),
(26, 1, NULL, 7, 16, 'Digital', NULL, NULL, 'HUM-1-12 Grandparents IRO 24-10-13.txt', 4, 'text/plain', '2013-10-01 07:25:24'),
(27, 1, 434, NULL, 2, 'Digital', NULL, NULL, 'HUM-1-12 Alicia MC 24-10-13.txt', 4, 'text/plain', '2013-10-01 07:39:41'),
(28, 1, 434, NULL, 6, 'Digital', NULL, NULL, 'HUM-1-12 Alicia ASP 24-10-13.txt', 4, 'text/plain', '2013-10-01 07:39:51'),
(29, 1, NULL, 8, 6, 'Digital', NULL, NULL, 'HUM-1-12 Family ASP 24-10-13 3.txt', 4, 'text/plain', '2013-10-01 08:11:06'),
(30, 1, 434, NULL, 6, 'Digital', NULL, NULL, 'HUM-1-12 Alicia ASP 24-10-13 1.txt', 4, 'text/plain', '2013-10-01 08:11:26'),
(31, 1, NULL, 6, 1, 'Digital', NULL, NULL, 'HUM-1-12 Great grandfather BC 24-10-13.txt', 4, 'text/plain', '2013-10-01 08:11:43'),
(32, 1, NULL, 3, 12, 'Digital', NULL, NULL, 'HUM-1-12 Grandmother FamB 24-10-13.png', 395, 'image/png', '2013-10-01 10:11:36'),
(33, 1, 434, NULL, 13, 'Digital', NULL, NULL, 'HUM-1-12 Alicia FamT 24-10-13.txt', 4, 'text/plain', '2013-10-01 10:11:52'),
(34, 1, NULL, 1, 16, 'Digital', NULL, NULL, 'HUM-1-12 Mother IRO 24-10-13.txt', 4, 'text/plain', '2013-10-01 11:55:42'),
(35, 1, 434, NULL, 18, 'Digital', NULL, NULL, 'HUM-1-12 Alicia DL 24-10-13.txt', 4, 'text/plain', '2013-10-01 11:55:56'),
(36, 1, NULL, 3, 3, 'Digital', NULL, NULL, 'HUM-1-12 Grandmother DC 24-10-13.css', 77768, 'text/css', '2013-10-03 23:59:22'),
(37, 1, NULL, 8, 6, 'Digital', NULL, NULL, 'HUM-1-12 Family ASP 24-10-13 4.txt', 4, 'text/plain', '2013-10-04 00:57:35'),
(38, 1, NULL, 1, 4, 'Digital', NULL, NULL, 'HUM-1-12 Mother LoA 24-10-13.txt', 4, 'text/plain', '2013-10-04 01:00:37'),
(39, 1, 434, NULL, 14, 'Digital', NULL, NULL, 'HUM-1-12 Alicia ShipM 24-10-13.txt', 4, 'text/plain', '2013-10-04 01:10:57'),
(40, 1, 434, NULL, 5, 'Digital', NULL, NULL, 'HUM-1-12 Alicia NatC 24-10-13.txt', 4, 'text/plain', '2013-10-04 01:11:50'),
(41, 1, NULL, 6, 3, 'Digital', NULL, NULL, 'HUM-1-12 Great grandfather DC 24-10-13.txt', 4, 'text/plain', '2013-10-04 01:23:33'),
(42, 1, NULL, 8, 6, 'Digital', NULL, NULL, 'HUM-1-12 Family ASP 07-10-13.txt', 4, 'text/plain', '2013-10-07 00:35:24'),
(43, 6, 424, NULL, 6, 'Digital', NULL, NULL, 'FALL-3-12 Thomas ASP 22-10-13 1.txt', 4, 'text/plain', '2013-10-13 20:24:02'),
(44, 6, 438, NULL, 13, 'Digital', NULL, NULL, 'FALL-3-12 sdf FamT 22-10-13.txt', 4, 'text/plain', '2013-10-13 20:24:17'),
(45, 238, NULL, 3, 8, 'Digital', NULL, NULL, 'MEW-2-13 Grandmother CC 14-10-13 2.txt', 4, 'text/plain', '2013-10-14 00:49:10'),
(46, 238, NULL, 4, 2, 'Digital', NULL, NULL, 'MEW-2-13 Grandfather MC 14-10-13 2.txt', 4, 'text/plain', '2013-10-14 00:49:26'),
(47, 238, NULL, 3, 8, 'Digital', NULL, NULL, 'MEW-2-13 Grandmother CC 14-10-13.txt', 4, 'text/plain', '2013-10-14 02:40:13'),
(48, 238, NULL, 4, 2, 'Digital', NULL, NULL, 'MEW-2-13 Grandfather MC 14-10-13.txt', 4, 'text/plain', '2013-10-14 02:40:35'),
(49, 238, 439, NULL, 6, 'Digital', NULL, NULL, 'MEW-2-13 fghjf ASP 14-10-13 2.txt', 4, 'text/plain', '2013-10-14 02:42:05'),
(50, 238, 439, NULL, 6, 'Digital', NULL, NULL, 'MEW-2-13 fghjf ASP 14-10-13.txt', 4, 'text/plain', '2013-10-14 02:42:39'),
(51, 6, 438, NULL, 6, 'Original', '1969-12-31', '1969-12-31', 'FALL-3-12 sdf FamT 22-10-13.txt', 0, 'text/plain', '2013-10-22 02:21:38'),
(52, 6, 438, NULL, 18, 'Original', NULL, '2013-10-16', 'FALL-3-12 sdf FamT 22-10-13.txt', 0, 'text/plain', '2013-10-22 02:59:59'),
(53, 6, 424, NULL, 13, 'Original', NULL, '1969-12-31', 'FALL-3-12 sdf FamT 22-10-13.txt', 0, 'text/plain', '2013-10-22 03:02:36'),
(54, 6, 447, NULL, 13, 'Original', '1969-12-31', '2013-10-10', 'FALL-3-12 sdf FamT 22-10-13.txt', 0, 'text/plain', '2013-10-22 03:09:12'),
(55, 6, 447, NULL, 18, 'Original', '2013-10-25', NULL, 'FALL-3-12 sdf FamT 22-10-13.txt', 0, 'text/plain', '2013-10-22 03:10:07'),
(56, 6, NULL, 7, 12, 'Original', '2013-10-11', '2013-10-02', 'FALL-3-12 sdf FamT 22-10-13.txt', 0, 'text/plain', '2013-10-22 03:10:29'),
(57, 6, NULL, 7, 11, 'Digital', NULL, NULL, 'FALL-3-12 Grandparents TravD 22-10-13.pdf', 201877, 'application/pdf', '2013-10-22 21:21:07'),
(58, 6, 438, NULL, 18, 'Digital', NULL, NULL, 'FALL-3-12 sdf DL 22-10-13.pdf', 376505, 'application/pdf', '2013-10-22 21:21:59'),
(59, 6, NULL, 4, 6, 'Digital', NULL, NULL, 'FALL-3-12 Grandfather ASP 22-10-13.docx', 39660, 'application/vnd.openxmlformats-officedocument.wordprocessingml.document', '2013-10-22 21:45:05'),
(60, 6, NULL, 4, 6, 'Digital', NULL, NULL, 'FALL-3-12 Grandfather ASP 22-10-13 1.docx', 39660, 'application/vnd.openxmlformats-officedocument.wordprocessingml.document', '2013-10-22 22:08:58'),
(61, 6, 453, NULL, 1, 'Digital', NULL, NULL, 'FALL-3-12 Frangklin BC 22-10-13.docx', 38484, 'application/vnd.openxmlformats-officedocument.wordprocessingml.document', '2013-10-22 22:09:24'),
(62, 6, 447, NULL, 12, 'Original', '2013-10-02', '2013-10-02', NULL, 0, 'text/plain', '2013-10-22 22:11:38'),
(63, 6, 424, NULL, 17, 'Original', '2013-10-01', NULL, NULL, 0, 'text/plain', '2013-10-22 22:15:32'),
(64, 1, NULL, 3, 3, 'Digital', NULL, NULL, 'HUM-1-12 Grandmother DC 24-10-13.txt', 4, 'text/plain', '2013-10-23 06:27:16'),
(65, 1, 434, NULL, 6, 'Digital', NULL, NULL, 'HUM-1-12 Alicia ASP 24-10-13 2.txt', 4, 'text/plain', '2013-10-23 06:33:22'),
(66, 6, NULL, 8, 6, 'Digital', NULL, NULL, 'FALL-3-12 Family ASP 23-10-13.txt', 4, 'text/plain', '2013-10-23 08:30:03'),
(67, 6, 447, NULL, 10, 'Certified/Notarised', '2013-10-17', '2013-10-10', NULL, 0, 'text/plain', '2013-10-23 08:31:47'),
(68, 6, NULL, 8, 6, 'Photo-copy', '2013-10-20', '2013-10-03', NULL, 0, 'text/plain', '2013-10-23 08:32:18'),
(69, 9, NULL, 10, 11, 'Digital', NULL, NULL, 'HIN-1-12 Self TravD 23-10-13.txt', 4, 'text/plain', '2013-10-23 23:46:22'),
(70, 9, 75, NULL, 12, 'Digital', NULL, NULL, 'HIN-1-12 Lisa FamB 23-10-13.txt', 4, 'text/plain', '2013-10-23 23:46:41'),
(71, 9, NULL, 8, 6, 'Digital', NULL, NULL, 'HIN-1-12 Family ASP 23-10-13.txt', 4, 'text/plain', '2013-10-23 23:49:52'),
(72, 9, 75, NULL, 3, 'Digital', NULL, NULL, 'HIN-1-12 Lisa DC 23-10-13.txt', 4, 'text/plain', '2013-10-23 23:50:07'),
(73, 5, NULL, 8, 6, 'Digital', NULL, NULL, 'ALL-1-11 Family ASP 24-10-13.txt', 4, 'text/plain', '2013-10-24 00:01:49'),
(74, 5, 69, NULL, 6, 'Digital', NULL, NULL, 'ALL-1-11 Joshua ASP 24-10-13.txt', 4, 'text/plain', '2013-10-24 00:02:02'),
(75, 5, 69, NULL, 6, 'Original', '2013-09-30', NULL, 'ALL-1-11 Joshua ASP 24-10-13.txt', 0, 'text/plain', '2013-10-24 00:02:12'),
(76, 5, NULL, 8, 6, 'Original', '2013-10-09', NULL, 'ALL-1-11 Joshua ASP 24-10-13.txt', 0, 'text/plain', '2013-10-24 00:02:21'),
(77, 1, NULL, 8, 6, 'Digital', NULL, NULL, 'HUM-1-12 Family ASP 25-10-13.txt', 4, 'text/plain', '2013-10-25 17:18:42'),
(78, 244, NULL, 4, 8, 'Digital', NULL, NULL, 'WES-1-13 Grandfather CC 25-10-13.txt', 4, 'text/plain', '2013-10-25 17:26:22'),
(79, 244, 96, NULL, 16, 'Digital', NULL, NULL, 'WES-1-13 David IRO 25-10-13.txt', 4, 'text/plain', '2013-10-25 17:26:38'),
(80, 244, 96, NULL, 3, 'Certified/Notarised', '2013-10-01', NULL, 'WES-1-13 David IRO 25-10-13.txt', 0, 'text/plain', '2013-10-25 17:26:54'),
(81, 244, NULL, 8, 18, 'Photo-copy', '2013-10-04', NULL, 'WES-1-13 David IRO 25-10-13.txt', 0, 'text/plain', '2013-10-25 17:27:09'),
(82, 1, NULL, 8, 2, 'Digital', NULL, NULL, 'HUM-1-12 Family MC 25-10-13.pdf', 574626, 'application/pdf', '2013-10-25 19:08:56'),
(83, 1, 66, NULL, 17, 'Digital', NULL, NULL, 'HUM-1-12 Tania CON 25-10-13.jpg', 286528, 'image/jpeg', '2013-10-25 19:10:38');

-- --------------------------------------------------------

--
-- Table structure for table `documenttypes`
--

CREATE TABLE IF NOT EXISTS `documenttypes` (
  `id` int(11) NOT NULL AUTO_INCREMENT,
  `category` varchar(26) DEFAULT NULL,
  `type` varchar(50) DEFAULT NULL,
  `code` varchar(6) DEFAULT NULL,
  PRIMARY KEY (`id`)
) ENGINE=InnoDB  DEFAULT CHARSET=latin1 AUTO_INCREMENT=19 ;

--
-- Dumping data for table `documenttypes`
--

INSERT INTO `documenttypes` (`id`, `category`, `type`, `code`) VALUES
(1, 'Both', 'Birth certificate', 'BC'),
(2, 'Both', 'Marriage certificate', 'MC'),
(3, 'Ancestor', 'Death certificate', 'DC'),
(4, 'Both', 'Letter of authority', 'LoA'),
(5, 'Both', 'Naturalisation certificate', 'NatC'),
(6, 'Ancestor', 'Army service papers', 'ASP'),
(7, 'Ancestor', 'School records', 'SR'),
(8, 'Ancestor', 'Citizenship certificate', 'CC'),
(9, 'Both', 'Other', 'Other'),
(10, 'Both', 'Passport/ID', 'PASS'),
(11, 'Ancestor', 'Travel document', 'TravD'),
(12, 'Ancestor', 'Family book', 'FamB'),
(13, 'Ancestor', 'Family tree', 'FamT'),
(14, 'Ancestor', 'Ship manifest', 'ShipM'),
(15, 'Both', 'ITS', 'ITS'),
(16, 'Ancestor', 'IRO', 'IRO'),
(17, 'Applicant', 'Change of name certificate', 'CON'),
(18, 'Applicant', 'Driver''s license', 'DL');

-- --------------------------------------------------------

--
-- Table structure for table `employees`
--

CREATE TABLE IF NOT EXISTS `employees` (
  `id` int(11) NOT NULL AUTO_INCREMENT,
  `user_id` int(11) NOT NULL,
  `first_name` varchar(50) NOT NULL,
  `surname` varchar(50) NOT NULL,
  `email` varchar(30) NOT NULL,
  `created` datetime DEFAULT NULL,
  `modified` datetime DEFAULT NULL,
  PRIMARY KEY (`id`),
  KEY `user_id` (`user_id`)
) ENGINE=InnoDB  DEFAULT CHARSET=latin1 AUTO_INCREMENT=13 ;

--
-- Dumping data for table `employees`
--

INSERT INTO `employees` (`id`, `user_id`, `first_name`, `surname`, `email`, `created`, `modified`) VALUES
(1, 423, 'Frangklin', 'M', 'famew1@monash.edu', '2013-08-26 11:48:08', '2013-08-26 11:48:08'),
(2, 425, 'Jessica', 'Greer', 'jwgre2@student.monash.edu', '2013-08-26 12:28:43', '2013-08-26 12:28:43'),
(3, 426, 'aa', 'aa', 'aa@aa.com', '2013-08-26 21:18:03', '2013-08-26 21:18:03'),
(4, 438, 'Frangklin', 'Mewengkang', 'fm@fm.com', '2013-08-28 12:27:46', '2013-08-28 12:27:46'),
(5, 440, 'Sally', 'Staffmember', 'salstaff@gmail.com', '2013-09-05 23:59:09', '2013-09-23 03:20:07'),
(6, 1, 'Andrea', 'Administrator', 'polarontest@gmail.com', '2013-08-26 21:18:03', '2013-10-23 05:21:35'),
(7, 442, 'Kerry', 'Smith', 'polarontest@gmail.com', '2013-09-10 03:30:04', '2013-09-10 03:30:04'),
(8, 447, 'Tesla', 'Testington', 'test@test.com', '2013-09-19 07:21:18', '2013-09-19 07:21:18'),
(9, 448, '', '', 'admin', '2013-09-23 22:35:48', '2013-09-23 22:35:48'),
(10, 459, 'Van', 'Winkle', 'sasasasa', '2013-10-22 21:23:51', '2013-10-22 21:23:51'),
(11, 462, 'drthdh', 'drhdrhhh', 'drth@dgdfg.comh', '2013-10-23 05:23:34', '2013-10-23 05:24:35'),
(12, 469, 'Dominic', 'Carter', 'dc@polaron.com.au', '2013-11-21 18:18:28', '2013-11-21 18:18:28');

-- --------------------------------------------------------

--
-- Table structure for table `login_tokens`
--

CREATE TABLE IF NOT EXISTS `login_tokens` (
  `id` int(11) NOT NULL AUTO_INCREMENT,
  `user_id` int(11) NOT NULL,
  `token` char(32) NOT NULL,
  `duration` varchar(32) NOT NULL,
  `used` tinyint(1) NOT NULL DEFAULT '0',
  `created` datetime NOT NULL,
  `expires` datetime NOT NULL,
  PRIMARY KEY (`id`)
) ENGINE=MyISAM  DEFAULT CHARSET=utf8 AUTO_INCREMENT=198 ;

--
-- Dumping data for table `login_tokens`
--

INSERT INTO `login_tokens` (`id`, `user_id`, `token`, `duration`, `used`, `created`, `expires`) VALUES
(185, 66, '3c84993c446a8a30d04820dd5de256f5', '2 weeks', 0, '2013-10-25 19:37:54', '2013-11-08 19:37:54'),
(184, 66, 'ba4fb23cd9dad1bce6f79e60888e0c29', '2 weeks', 0, '2013-10-25 19:37:10', '2013-11-08 19:37:10'),
(183, 1, 'b338144ae90556f1ca40bdbf3e6251f1', '2 weeks', 0, '2013-10-25 19:35:34', '2013-11-08 19:35:34'),
(182, 444, '69703e32e472de24c4765f963268fae7', '2 weeks', 0, '2013-10-25 19:33:18', '2013-11-08 19:33:18'),
(181, 1, '65e85c48f8310664a026bb1f980f6b4b', '2 weeks', 0, '2013-10-25 19:28:21', '2013-11-08 19:28:21'),
(180, 444, '67ed40d4415157c64b4ff0186cad0c1a', '2 weeks', 0, '2013-10-25 19:27:12', '2013-11-08 19:27:12'),
(179, 1, 'aea0ed35583a1675992dcb35afa4ce29', '2 weeks', 0, '2013-10-25 19:07:46', '2013-11-08 19:07:46'),
(178, 1, '4acba466b1ef9be324e1d077a59ad01f', '2 weeks', 0, '2013-10-25 17:40:10', '2013-11-08 17:40:10'),
(177, 1, 'e6a6613182588760d40850eec729aca1', '2 weeks', 0, '2013-10-25 17:19:07', '2013-11-08 17:19:07'),
(176, 444, '783175c52bc4e9e52ce6467afae8bbb1', '2 weeks', 0, '2013-10-25 17:18:17', '2013-11-08 17:18:17'),
(175, 1, 'a5c362f2ab4a4573ecc6f652c1758716', '2 weeks', 0, '2013-10-24 23:05:59', '2013-11-07 23:05:59'),
(174, 1, '20677dfcf95beb984ac15a0f8122b44e', '2 weeks', 0, '2013-10-24 22:22:38', '2013-11-07 22:22:38'),
(173, 1, '220f95bb1647c7d1c79392a9f0910ee3', '2 weeks', 0, '2013-10-24 22:14:38', '2013-11-07 22:14:38'),
(172, 444, '2ae27bdd5f395bdd33a9f78ce5ad3a5a', '2 weeks', 0, '2013-10-24 22:12:42', '2013-11-07 22:12:42'),
(171, 1, '225c7399a9e36ff05cdf7a39b4236e84', '2 weeks', 0, '2013-10-24 19:20:19', '2013-11-07 19:20:19'),
(170, 444, '3eae1d72642c2e5fc38f222dc18d1d88', '2 weeks', 0, '2013-10-24 19:18:19', '2013-11-07 19:18:19'),
(169, 1, 'd7fb20cb83d57d1c48ea5525c4611139', '2 weeks', 0, '2013-10-24 19:14:15', '2013-11-07 19:14:15'),
(104, 66, '4bb5d3ebcb224a2fc93da3274dde680e', '2 weeks', 1, '2013-10-12 07:32:17', '2013-10-26 07:32:17'),
(112, 66, '2f0caaf481c9cba1333e1cb3cf289abb', '2 weeks', 0, '2013-10-14 06:47:41', '2013-10-28 06:47:41'),
(168, 1, '16bd026b2b7f7232639b4f48126bca8d', '2 weeks', 0, '2013-10-24 19:02:19', '2013-11-07 19:02:19'),
(165, 1, '444b9441ca23fc1a2ca0c1e841d03d03', '2 weeks', 0, '2013-10-24 18:33:48', '2013-11-07 18:33:48'),
(166, 1, 'd0c963e70eb8a0ecafecfb964d5def90', '2 weeks', 0, '2013-10-24 18:59:24', '2013-11-07 18:59:24'),
(167, 1, 'ba85076c186122650ac84b85d7a92608', '2 weeks', 0, '2013-10-24 19:00:36', '2013-11-07 19:00:36'),
(162, 444, '92bee19716c644d2d5810659d1e12859', '2 weeks', 0, '2013-10-24 06:05:25', '2013-11-07 06:05:25'),
(163, 1, '585775d64d3323ee5de411b6d6b5bdc7', '2 weeks', 0, '2013-10-24 06:28:55', '2013-11-07 06:28:55'),
(164, 444, '6ecf4f9dd35d85ed5d399fd609d4a4c7', '2 weeks', 0, '2013-10-24 18:33:20', '2013-11-07 18:33:20'),
(161, 1, 'cfa1de758e14286c3e240d851bfdcdfd', '2 weeks', 0, '2013-10-24 01:33:52', '2013-11-07 01:33:52'),
(160, 1, 'a9178b14355b5a81feae91cf43bb1b3b', '2 weeks', 0, '2013-10-23 21:52:30', '2013-11-06 21:52:30'),
(159, 1, 'f548713c106ca56176fdb8c38bebb66e', '2 weeks', 0, '2013-10-23 07:28:15', '2013-11-06 07:28:15'),
(158, 1, '78e3b01db008df46c609d24273ccf20d', '2 weeks', 0, '2013-10-23 07:07:48', '2013-11-06 07:07:48'),
(157, 1, '43e0d46bd292c0a2ed1f1929e1a7b1dc', '2 weeks', 0, '2013-10-23 06:34:09', '2013-11-06 06:34:09'),
(186, 1, 'f8beb2efb020618b64b5e8632476c823', '2 weeks', 0, '2013-10-25 19:38:10', '2013-11-08 19:38:10'),
(187, 427, '207624267dbc65a738461a50b9d58eae', '2 weeks', 0, '2013-10-25 19:45:00', '2013-11-08 19:45:00'),
(188, 1, '81e209b8b90bd904bb2b2bfda6433fa1', '2 weeks', 0, '2013-10-25 19:47:12', '2013-11-08 19:47:12'),
(189, 1, 'a3b31dcd18219f9541f3e82986aaa6bc', '2 weeks', 0, '2013-10-25 20:12:52', '2013-11-08 20:12:52'),
(190, 1, '95f780a6c3e0e5d2692c3151da5ea930', '2 weeks', 0, '2013-10-25 20:37:24', '2013-11-08 20:37:24'),
(191, 1, '6b86100ce0718a19d083e26529dd44b9', '2 weeks', 0, '2013-10-28 23:14:33', '2013-11-11 23:14:33'),
(192, 1, 'ccfef05dd3bc24c0fb35df81690e3b3a', '2 weeks', 0, '2013-11-17 01:24:28', '2013-12-01 01:24:28'),
(193, 1, 'bbd45266c70eae7794acb24f497d9535', '2 weeks', 0, '2013-11-21 18:02:11', '2013-12-05 18:02:11'),
(194, 1, 'cf3256f69f59daf03025b051dc3870a9', '2 weeks', 0, '2013-11-21 18:02:33', '2013-12-05 18:02:33'),
(195, 1, '0ff575e1b5e1f85c1305b1ef051412e5', '2 weeks', 0, '2013-11-21 18:16:48', '2013-12-05 18:16:48'),
(196, 469, '199ac14e1a5e6cccabc7a2aed20627ce', '2 weeks', 0, '2013-11-21 19:18:18', '2013-12-05 19:18:18'),
(197, 1, '3f27ac51ff53124a7125cd04ee86f75a', '2 weeks', 0, '2013-11-22 04:25:01', '2013-12-06 04:25:01');

-- --------------------------------------------------------

--
-- Table structure for table `statuses`
--

CREATE TABLE IF NOT EXISTS `statuses` (
  `id` int(11) NOT NULL AUTO_INCREMENT,
  `status_type` varchar(56) NOT NULL,
  PRIMARY KEY (`id`)
) ENGINE=InnoDB  DEFAULT CHARSET=latin1 AUTO_INCREMENT=12 ;

--
-- Dumping data for table `statuses`
--

INSERT INTO `statuses` (`id`, `status_type`) VALUES
(1, 'New'),
(2, 'New - possibly mergeable'),
(3, 'Documents required'),
(4, 'Actions required'),
(5, 'File to be reviewed'),
(6, 'Awaiting quote'),
(7, 'Quote sent'),
(8, 'Quote accepted'),
(9, 'Agreement sent'),
(10, 'Enquiry'),
(11, 'Client');

-- --------------------------------------------------------

--
-- Table structure for table `users`
--

CREATE TABLE IF NOT EXISTS `users` (
  `id` int(12) NOT NULL AUTO_INCREMENT,
  `user_group_id` int(11) DEFAULT NULL,
  `username` varchar(50) DEFAULT NULL,
  `password` varchar(200) DEFAULT NULL,
  `salt` text,
  `recent_activity` datetime DEFAULT NULL,
  `active` int(1) DEFAULT '1',
  `ip_address` varchar(50) DEFAULT NULL,
  `type` varchar(26) DEFAULT 'Client',
  `created` datetime DEFAULT NULL,
  `modified` datetime DEFAULT NULL,
  PRIMARY KEY (`id`)
) ENGINE=InnoDB  DEFAULT CHARSET=latin1 AUTO_INCREMENT=471 ;

--
-- Dumping data for table `users`
--

INSERT INTO `users` (`id`, `user_group_id`, `username`, `password`, `salt`, `recent_activity`, `active`, `ip_address`, `type`, `created`, `modified`) VALUES
(1, 1, 'admin', '22f419d6167d3e57fad9d6bf45126ec4', 'b22d0f2e65f6856ac3d7b5ea31a1d245', '0000-00-00 00:00:00', 1, '', 'Employee', '2013-09-09 13:01:56', '2013-10-23 05:21:58'),
(66, 0, 'logintest', 'aa47d4e0f12ac568e5e7452de4cb6bb9', 'ff3ee6076b7b89f3037a4c40ec37c964', '0000-00-00 00:00:00', 1, NULL, 'Client', '2012-10-29 00:00:00', '2013-10-25 19:36:06'),
(67, 0, 'mibberz@hotmail.com', NULL, '', '0000-00-00 00:00:00', 0, NULL, 'Client', '2013-03-12 00:00:00', '2013-03-08 00:00:00'),
(68, 0, 'danilayman@hotmail.com', NULL, '', '0000-00-00 00:00:00', 0, NULL, 'Client', '2012-10-29 00:00:00', '2012-08-22 00:00:00'),
(69, 0, 'josh@jmarketing.com.au', NULL, '', '0000-00-00 00:00:00', 0, NULL, 'Client', '2012-10-29 00:00:00', NULL),
(70, 0, 'kai_182@hotmail.com', NULL, '', '0000-00-00 00:00:00', 0, NULL, 'Client', '2012-10-31 00:00:00', '2011-03-23 00:00:00'),
(71, 0, 'richard@ryteclighting.com.au', NULL, '', '0000-00-00 00:00:00', 0, NULL, 'Client', '2012-10-31 00:00:00', '2012-09-28 00:00:00'),
(72, 0, 'robkay@live.com', 'a7e54673bce44c0371c853bf8c432bbc', '07b4fa4dd940213d7290599c2bb003b6', '0000-00-00 00:00:00', 1, NULL, 'Client', '2012-11-02 00:00:00', '2013-10-25 20:50:31'),
(73, 0, 'nathan@kilikanoon.com.au', NULL, '', '0000-00-00 00:00:00', 0, NULL, 'Client', '2012-11-02 00:00:00', '2012-08-09 00:00:00'),
(74, 0, 'troyhindley@hotmail.com', NULL, '', '0000-00-00 00:00:00', 0, NULL, 'Client', '2012-11-09 00:00:00', '2012-11-09 00:00:00'),
(75, 0, 'lisaschnell@hotmail.com', NULL, '', '0000-00-00 00:00:00', 0, NULL, 'Client', '2012-11-09 00:00:00', '2013-03-08 00:00:00'),
(76, 0, 'warrenrozen@hotmail.com', NULL, '', '0000-00-00 00:00:00', 0, NULL, 'Client', '2013-03-20 00:00:00', '2013-03-08 00:00:00'),
(77, 0, 'villa411@hotmail.com', NULL, '', '0000-00-00 00:00:00', 0, NULL, 'Client', '2012-11-12 00:00:00', '2012-11-12 00:00:00'),
(78, 0, 'ofirg@email.com', NULL, '', '0000-00-00 00:00:00', 0, NULL, 'Client', '2012-11-12 00:00:00', '2012-11-12 00:00:00'),
(79, 0, '61cjs94@gmail.com', NULL, '', '0000-00-00 00:00:00', 0, NULL, 'Client', '2012-11-13 00:00:00', '2012-11-13 00:00:00'),
(80, 0, 'paulstillen@gmail.com', NULL, '', '0000-00-00 00:00:00', 0, NULL, 'Client', '2012-11-13 00:00:00', '2012-11-13 00:00:00'),
(81, 0, 'belld11@hotmail.com', NULL, '', '0000-00-00 00:00:00', 0, NULL, 'Client', '2012-11-13 00:00:00', '2012-11-13 00:00:00'),
(82, 0, 'kmmckenzie93@gmail.com', NULL, '', '0000-00-00 00:00:00', 0, NULL, 'Client', '2012-11-14 00:00:00', '2012-11-14 00:00:00'),
(83, 0, 'sjsiryj@gmail.com', NULL, '', '0000-00-00 00:00:00', 0, NULL, 'Client', '2012-11-14 00:00:00', NULL),
(85, 0, 'jamesrichardmarzec@hotmail.com', NULL, '', '0000-00-00 00:00:00', 0, NULL, 'Client', '2012-11-15 00:00:00', '2012-11-15 00:00:00'),
(86, 0, 'roberta707@gmail.com', NULL, '', '0000-00-00 00:00:00', 0, NULL, 'Client', '2012-11-15 00:00:00', '2012-11-06 00:00:00'),
(87, 0, 'jmandzij@live.com.au', NULL, '', '0000-00-00 00:00:00', 0, NULL, 'Client', '2012-11-16 00:00:00', '2012-11-16 00:00:00'),
(88, 0, 'matthew.huggins@uqconnect.edu.au', NULL, '', '0000-00-00 00:00:00', 0, NULL, 'Client', '2012-11-16 00:00:00', '2013-03-08 00:00:00'),
(89, 0, 'adriangruszka@hotmail.com', NULL, '', '0000-00-00 00:00:00', 0, NULL, 'Client', '2012-11-16 00:00:00', '2012-11-16 00:00:00'),
(90, 0, 'villaavbbh@sbcglobal.net', NULL, '', '0000-00-00 00:00:00', 0, NULL, 'Client', '2012-11-19 00:00:00', '2012-11-19 00:00:00'),
(91, 0, 'rose_mautner@yahoo.com.au', NULL, '', '0000-00-00 00:00:00', 0, NULL, 'Client', '2012-11-19 00:00:00', '2012-11-19 00:00:00'),
(92, 0, 'ebella1983@gmail.com', NULL, '', '0000-00-00 00:00:00', 0, NULL, 'Client', '2012-11-20 00:00:00', '2012-11-20 00:00:00'),
(93, 0, 'laura.wesolowski@rocketmail.com', NULL, '', '0000-00-00 00:00:00', 0, NULL, 'Client', '2012-11-28 00:00:00', '2012-11-28 00:00:00'),
(94, 0, 'm.korycin@bigpond.com', NULL, '', '0000-00-00 00:00:00', 0, NULL, 'Client', '2012-11-29 00:00:00', '2012-11-29 00:00:00'),
(95, 0, 'andbli@yahoo.com', NULL, '', '0000-00-00 00:00:00', 0, NULL, 'Client', '2012-11-29 00:00:00', '2012-11-29 00:00:00'),
(96, 0, 'dcla.6359@bigpond.com', NULL, '', '0000-00-00 00:00:00', 0, NULL, 'Client', '2012-11-29 00:00:00', '2012-11-29 00:00:00'),
(97, 0, 'sam@siteplat.com', NULL, '', '0000-00-00 00:00:00', 0, NULL, 'Client', '2012-11-29 00:00:00', '2012-11-29 00:00:00'),
(98, 0, 'laurawmcdonald@gmail.com', NULL, '', '0000-00-00 00:00:00', 0, NULL, 'Client', '2012-11-29 00:00:00', '2012-11-29 00:00:00'),
(99, 0, 'laurabreynolds@comcast.net', NULL, '', '0000-00-00 00:00:00', 0, NULL, 'Client', '2012-11-29 00:00:00', '2012-11-29 00:00:00'),
(100, 0, 'leesmolinski@comcast.net', NULL, '', '0000-00-00 00:00:00', 0, NULL, 'Client', '2012-11-29 00:00:00', '2012-11-29 00:00:00'),
(101, 0, 'zorak1997@yahoo.com', NULL, '', '0000-00-00 00:00:00', 0, NULL, 'Client', '2012-11-29 00:00:00', '2012-11-29 00:00:00'),
(102, 0, 'Anthony_kisiel@hotmail.com', NULL, '', '0000-00-00 00:00:00', 0, NULL, 'Client', '2012-11-29 00:00:00', '2012-11-29 00:00:00'),
(103, 0, 'ajy@hotmail.com', NULL, '', '0000-00-00 00:00:00', 0, NULL, 'Client', '2012-11-29 00:00:00', '2012-11-29 00:00:00'),
(104, 0, 'martyniak@gmail.com', NULL, '', '0000-00-00 00:00:00', 0, NULL, 'Client', '2012-11-29 00:00:00', '2012-11-29 00:00:00'),
(105, 0, 'alisondabros@hotmail.com', NULL, '', '0000-00-00 00:00:00', 0, NULL, 'Client', '2012-11-29 00:00:00', '2013-03-20 00:00:00'),
(106, 0, 'aupeterrichards@yahoo.com', NULL, '', '0000-00-00 00:00:00', 0, NULL, 'Client', '2012-11-29 00:00:00', '2012-11-29 00:00:00'),
(107, 0, 'nyul-nyul@web.de', NULL, '', '0000-00-00 00:00:00', 0, NULL, 'Client', '2012-11-30 00:00:00', '2012-11-30 00:00:00'),
(108, 0, 'sbochens@gmail.com', NULL, '', '0000-00-00 00:00:00', 0, NULL, 'Client', '2012-12-03 00:00:00', '2012-12-03 00:00:00'),
(110, 0, 'anetaper@gmail.com', NULL, '', '0000-00-00 00:00:00', 0, NULL, 'Client', '2012-12-03 00:00:00', '2012-12-03 00:00:00'),
(111, 0, 'elean_or@hotmail.com', NULL, '', '0000-00-00 00:00:00', 0, NULL, 'Client', '2012-12-03 00:00:00', '2012-12-03 00:00:00'),
(112, 0, 'ivan19@o2.pl', NULL, '', '0000-00-00 00:00:00', 0, NULL, 'Client', '2012-12-06 00:00:00', '2012-12-06 00:00:00'),
(113, 0, 'kristy_skiel@hotmail.co.uk', NULL, '', '0000-00-00 00:00:00', 0, NULL, 'Client', '2012-12-06 00:00:00', '2012-12-06 00:00:00'),
(114, 0, 'eudovich@bigpond.net.au', NULL, '', '0000-00-00 00:00:00', 0, NULL, 'Client', '2012-12-07 00:00:00', '2012-12-07 00:00:00'),
(115, 0, 'michal_maslanka@hotmail.com', NULL, '', '0000-00-00 00:00:00', 0, NULL, 'Client', '2012-12-10 00:00:00', '2012-12-10 00:00:00'),
(116, 0, 'skliger@bigpond.com', NULL, '', '0000-00-00 00:00:00', 0, NULL, 'Client', '2012-12-10 00:00:00', '2012-12-10 00:00:00'),
(117, 0, 'kathrin@ymail.com', NULL, '', '0000-00-00 00:00:00', 0, NULL, 'Client', '2012-12-10 00:00:00', '2012-12-10 00:00:00'),
(118, 0, 'dariusz.rusiecki@gmail.com', NULL, '', '0000-00-00 00:00:00', 0, NULL, 'Client', '2012-12-12 00:00:00', '2012-12-12 00:00:00'),
(119, 0, 'trevor.ziemer61@gmail.com', NULL, '', '0000-00-00 00:00:00', 0, NULL, 'Client', '2012-12-12 00:00:00', '2012-12-12 00:00:00'),
(120, 0, 'eviperlmutter@hotmail.com', NULL, '', '0000-00-00 00:00:00', 0, NULL, 'Client', '2012-12-12 00:00:00', '2012-12-12 00:00:00'),
(122, 0, 'kyle.czech@live.com.au', NULL, '', '0000-00-00 00:00:00', 0, NULL, 'Client', '2012-12-12 00:00:00', '2012-12-12 00:00:00'),
(123, 0, 'nbarclay@serviceworks.com.au', NULL, '', '0000-00-00 00:00:00', 0, NULL, 'Client', '2012-12-12 00:00:00', '2012-12-12 00:00:00'),
(124, 0, 'jmkudelko@gmail.com', NULL, '', '0000-00-00 00:00:00', 0, NULL, 'Client', '2012-12-13 00:00:00', '2012-12-13 00:00:00'),
(125, 0, 'hannahjwarren@hotmail.com', NULL, '', '0000-00-00 00:00:00', 0, NULL, 'Client', '2013-01-07 00:00:00', NULL),
(129, 0, 'radywonik.alex@gmail.com', NULL, '', '0000-00-00 00:00:00', 0, NULL, 'Client', '2013-01-07 00:00:00', NULL),
(130, 0, 'elisabethakhurst@gmail.com', NULL, '', '0000-00-00 00:00:00', 0, NULL, 'Client', '2013-01-07 00:00:00', NULL),
(131, 0, 'monika.page@horizonpower.com.au', NULL, '', '0000-00-00 00:00:00', 0, NULL, 'Client', '2013-01-07 00:00:00', NULL),
(132, 0, 'monika.page@horizonpower.com.au', NULL, '', '0000-00-00 00:00:00', 0, NULL, 'Client', '2013-01-07 00:00:00', NULL),
(133, 0, 'sam@margalit.com.au', NULL, '', '0000-00-00 00:00:00', 0, NULL, 'Client', '2013-01-07 00:00:00', NULL),
(134, 0, 'markcullen66@hotmail.com', NULL, '', '0000-00-00 00:00:00', 0, NULL, 'Client', '2013-01-07 00:00:00', NULL),
(135, 0, 'tamara.smolinski@live.com', NULL, '', '0000-00-00 00:00:00', 0, NULL, 'Client', '2013-01-08 00:00:00', NULL),
(136, 0, 'rina@kithbrookepark.com.au', NULL, '', '0000-00-00 00:00:00', 0, NULL, 'Client', '2013-01-08 00:00:00', NULL),
(137, 0, 'Antonina.Pilat@bakermckenzie.com', NULL, '', '0000-00-00 00:00:00', 0, NULL, 'Client', '2013-01-08 00:00:00', NULL),
(138, 0, 'lozburgoyne@hotmail.com', NULL, '', '0000-00-00 00:00:00', 0, NULL, 'Client', '2013-01-08 00:00:00', NULL),
(139, 0, 'traceyreksmiss@optusnet.com.au', NULL, '', '0000-00-00 00:00:00', 0, NULL, 'Client', '2013-01-09 00:00:00', NULL),
(140, 0, 'ben.niciak@gmail.com', NULL, '', '0000-00-00 00:00:00', 0, NULL, 'Client', '2013-01-09 00:00:00', NULL),
(142, 0, 'leonl@westnet.com.au', NULL, '', '0000-00-00 00:00:00', 0, NULL, 'Client', '2013-01-09 00:00:00', NULL),
(143, 0, 'markszulgit@hotmail.com', NULL, '', '0000-00-00 00:00:00', 0, NULL, 'Client', '2013-01-09 00:00:00', NULL),
(144, 0, 'jp@squiz.net', NULL, '', '0000-00-00 00:00:00', 0, NULL, 'Client', '2013-01-10 00:00:00', NULL),
(145, 0, 'malia.price-morris@wellsfargo.com', NULL, '', '0000-00-00 00:00:00', 0, NULL, 'Client', '2013-01-10 00:00:00', NULL),
(146, 0, 'naomi.adamczyk@gmail.com', NULL, '', '0000-00-00 00:00:00', 0, NULL, 'Client', '2013-01-11 00:00:00', NULL),
(147, 0, 'jduristrading@gmail.com', NULL, '', '0000-00-00 00:00:00', 0, NULL, 'Client', '2013-01-11 00:00:00', NULL),
(148, 0, 'anorovs@gmail.com', NULL, '', '0000-00-00 00:00:00', 0, NULL, 'Client', '2013-01-11 00:00:00', NULL),
(150, 0, 'samaraw29@gmail.com', NULL, '', '0000-00-00 00:00:00', 0, NULL, 'Client', '2013-01-11 00:00:00', NULL),
(151, 0, 'miriamb@hotkey.net.au', NULL, '', '0000-00-00 00:00:00', 0, NULL, 'Client', '2013-01-17 00:00:00', NULL),
(152, 0, 'newell-knespal@bigpond.com', NULL, '', '0000-00-00 00:00:00', 0, NULL, 'Client', '2013-01-17 00:00:00', NULL),
(154, 0, 'acrgray@gmail.com', NULL, '', '0000-00-00 00:00:00', 0, NULL, 'Client', '2013-01-17 00:00:00', NULL),
(155, 0, 'naomibatiste@hotmail.com', NULL, '', '0000-00-00 00:00:00', 0, NULL, 'Client', '2013-01-17 00:00:00', NULL),
(156, 0, 'kozera@northnet.com.au', NULL, '', '0000-00-00 00:00:00', 0, NULL, 'Client', '2013-01-17 00:00:00', NULL),
(157, 0, 'yolanda.loughnan@gmail.com', NULL, '', '0000-00-00 00:00:00', 0, NULL, 'Client', '2013-01-17 00:00:00', NULL),
(158, 0, 'nathan.patrick@insearch.edu.au', NULL, '', '0000-00-00 00:00:00', 0, NULL, 'Client', '2013-01-17 00:00:00', NULL),
(159, 0, 'patricia.e@live.se', NULL, '', '0000-00-00 00:00:00', 0, NULL, 'Client', '2013-01-17 00:00:00', NULL),
(160, 0, 'eva.krystoff@alliancebernstein.com', NULL, '', '0000-00-00 00:00:00', 0, NULL, 'Client', '2013-01-18 00:00:00', NULL),
(161, 0, 'paulatudek@gmail.com', NULL, '', '0000-00-00 00:00:00', 0, NULL, 'Client', '2013-01-18 00:00:00', NULL),
(162, 0, 'ipitythefool101@gmail.com', NULL, '', '0000-00-00 00:00:00', 0, NULL, 'Client', '2013-01-18 00:00:00', NULL),
(163, 0, 'mer1989@bigpond.com', NULL, '', '0000-00-00 00:00:00', 0, NULL, 'Client', '2013-01-18 00:00:00', NULL),
(164, 0, 'mark.sam@iinet.net.au', NULL, '', '0000-00-00 00:00:00', 0, NULL, 'Client', '2013-01-18 00:00:00', NULL),
(165, 0, 'skewart@bigpond.com', NULL, '', '0000-00-00 00:00:00', 0, NULL, 'Client', '2013-01-18 00:00:00', NULL),
(166, 0, 'kk_magna@bigpond.com', NULL, '', '0000-00-00 00:00:00', 0, NULL, 'Client', '2013-01-18 00:00:00', NULL),
(167, 0, 'stefan.zasiadczyk@deewr.gov.au', NULL, '', '0000-00-00 00:00:00', 0, NULL, 'Client', '2013-01-18 00:00:00', '2013-03-08 00:00:00'),
(168, 0, 'szadyj@transfieldservices.com', NULL, '', '0000-00-00 00:00:00', 0, NULL, 'Client', '2013-01-18 00:00:00', NULL),
(169, 0, 'benjamingrady@hotmail.com', NULL, '', '0000-00-00 00:00:00', 0, NULL, 'Client', '2013-01-18 00:00:00', NULL),
(170, 0, 'earanee.n@gmail.com', NULL, '', '0000-00-00 00:00:00', 0, NULL, 'Client', '2013-01-18 00:00:00', NULL),
(171, 0, 'shane.rafanowicz@gmail.com', NULL, '', '0000-00-00 00:00:00', 0, NULL, 'Client', '2013-01-18 00:00:00', NULL),
(172, 0, 'haniajoy@gmail.com', NULL, '', '0000-00-00 00:00:00', 0, NULL, 'Client', '2013-01-21 00:00:00', NULL),
(173, 0, 'ge.reynolds@optusnet.com.au', NULL, '', '0000-00-00 00:00:00', 0, NULL, 'Client', '2013-01-21 00:00:00', NULL),
(174, 0, 'izabela.nowakowska@mail.com', NULL, '', '0000-00-00 00:00:00', 0, NULL, 'Client', '2013-01-21 00:00:00', NULL),
(175, 0, 'mmatheson3@hotmail.com', NULL, '', '0000-00-00 00:00:00', 0, NULL, 'Client', '2013-01-21 00:00:00', NULL),
(176, 0, 'c.dziuba@hotmail.com', NULL, '', '0000-00-00 00:00:00', 0, NULL, 'Client', '2013-01-21 00:00:00', NULL),
(177, 0, 'celestek3@yahoo.com', NULL, '', '0000-00-00 00:00:00', 0, NULL, 'Client', '2013-01-22 00:00:00', NULL),
(178, 0, 'tessalexandraschlink@hotmail.com', NULL, '', '0000-00-00 00:00:00', 0, NULL, 'Client', '2013-01-22 00:00:00', NULL),
(179, 0, 'madeline_helena@hotmail.com', NULL, '', '0000-00-00 00:00:00', 0, NULL, 'Client', '2013-01-22 00:00:00', NULL),
(180, 0, 'jmmasternak@gmail.com', NULL, '', '0000-00-00 00:00:00', 0, NULL, 'Client', '2013-01-23 00:00:00', NULL),
(181, 0, 'elliot.wasniewski@live.com', NULL, '', '0000-00-00 00:00:00', 0, NULL, 'Client', '2013-01-23 00:00:00', NULL),
(182, 0, 'rob.frankow@blueyonder.co.uk', NULL, '', '0000-00-00 00:00:00', 0, NULL, 'Client', '2013-01-23 00:00:00', NULL),
(183, 0, 'alekskornel@hotmail.com', NULL, '', '0000-00-00 00:00:00', 0, NULL, 'Client', '2013-01-24 00:00:00', NULL),
(184, 0, 'peter.chesterfield@mcarthur.com.au', NULL, '', '0000-00-00 00:00:00', 0, NULL, 'Client', '2013-01-25 00:00:00', NULL),
(185, 0, 'michelle.korycin@hotmail.com', NULL, '', '0000-00-00 00:00:00', 0, NULL, 'Client', '2013-01-25 00:00:00', '2013-03-08 00:00:00'),
(186, 0, 'brandell-deptula@hotmail.com', NULL, '', '0000-00-00 00:00:00', 0, NULL, 'Client', '2013-01-29 00:00:00', NULL),
(187, 0, 'evagory@gmail.com', NULL, '', '0000-00-00 00:00:00', 0, NULL, 'Client', '2013-01-29 00:00:00', NULL),
(188, 0, 'christyna.kruczaj@cosmeditour.com', NULL, '', '0000-00-00 00:00:00', 0, NULL, 'Client', '2013-01-29 00:00:00', NULL),
(189, 0, 'danielpowiecki@hotmail.com', NULL, '', '0000-00-00 00:00:00', 0, NULL, 'Client', '2013-01-29 00:00:00', NULL),
(190, 0, 'zevon01@hotmail.com', NULL, '', '0000-00-00 00:00:00', 0, NULL, 'Client', '2013-01-29 00:00:00', NULL),
(191, 0, 'marama.whyte@gmail.com', NULL, '', '0000-00-00 00:00:00', 0, NULL, 'Client', '2013-01-29 00:00:00', NULL),
(192, 0, 'bex@pobox.com', NULL, '', '0000-00-00 00:00:00', 0, NULL, 'Client', '2013-01-29 00:00:00', NULL),
(193, 0, 'jeffreysbender1@gmail.com', NULL, '', '0000-00-00 00:00:00', 0, NULL, 'Client', '2013-01-30 00:00:00', NULL),
(194, 0, 'd_pipczak@yahoo.com.au', NULL, '', '0000-00-00 00:00:00', 0, NULL, 'Client', '2013-01-31 00:00:00', NULL),
(196, 0, 'oliviap@showbiz.com.au', NULL, '', '0000-00-00 00:00:00', 0, NULL, 'Client', '2013-01-31 00:00:00', NULL),
(197, 0, 'jocelyn.fantasia@gmail.com', NULL, '', '0000-00-00 00:00:00', 0, NULL, 'Client', '2013-02-01 00:00:00', NULL),
(201, 0, 'trecky1992@live.com', NULL, '', '0000-00-00 00:00:00', 0, NULL, 'Client', '2013-02-01 00:00:00', NULL),
(202, 0, 'heydavewinter@gmail.com', NULL, '', '0000-00-00 00:00:00', 0, NULL, 'Client', '2013-02-01 00:00:00', NULL),
(207, 0, 'adela@wunderkind.comau', NULL, '', '0000-00-00 00:00:00', 0, NULL, 'Client', '2013-02-05 00:00:00', NULL),
(208, 0, 'mills_tom@hotmail.com', NULL, '', '0000-00-00 00:00:00', 0, NULL, 'Client', '2013-02-05 00:00:00', NULL),
(209, 0, 'simonolenski@gmailcom', NULL, '', '0000-00-00 00:00:00', 0, NULL, 'Client', '2013-02-05 00:00:00', NULL),
(211, 0, 'juz.cohen@gmail.com', NULL, '', '0000-00-00 00:00:00', 0, NULL, 'Client', '2013-02-05 00:00:00', NULL),
(213, 0, NULL, NULL, '', '0000-00-00 00:00:00', 0, NULL, 'Client', '2013-02-05 00:00:00', NULL),
(215, 0, 'stan_kucharski@hotmail.com', NULL, '', '0000-00-00 00:00:00', 0, NULL, 'Client', '2013-02-05 00:00:00', NULL),
(216, 0, 'lynette@zalcberg.com.au', NULL, '', '0000-00-00 00:00:00', 0, NULL, 'Client', '2013-02-05 00:00:00', '2013-03-08 00:00:00'),
(217, 0, 'raybusch@gmail.com', NULL, '', '0000-00-00 00:00:00', 0, NULL, 'Client', '2013-02-05 00:00:00', NULL),
(218, 0, 'info@beataenglish.com', NULL, '', '0000-00-00 00:00:00', 0, NULL, 'Client', '2013-02-06 00:00:00', NULL),
(219, 0, 'miriambalsam@gmail.com', NULL, '', '0000-00-00 00:00:00', 0, NULL, 'Client', '2013-02-06 00:00:00', NULL),
(221, 0, 'gideon.katz@hotmail.com', NULL, '', '0000-00-00 00:00:00', 0, NULL, 'Client', '2013-02-06 00:00:00', NULL),
(223, 0, 'gptski@gmail.com', NULL, '', '0000-00-00 00:00:00', 0, NULL, 'Client', '2013-02-06 00:00:00', NULL),
(224, 0, 'jeremy.hoptowit@gmail.com', NULL, '', '0000-00-00 00:00:00', 0, NULL, 'Client', '2013-02-06 00:00:00', NULL),
(225, 0, 'melanielaurenjohnston@gmail.com', NULL, '', '0000-00-00 00:00:00', 0, NULL, 'Client', '2013-02-06 00:00:00', NULL),
(226, 0, 'wakka2079@hotmail.com', NULL, '', '0000-00-00 00:00:00', 0, NULL, 'Client', '2013-02-06 00:00:00', NULL),
(228, 0, 'fjohnston@trebnet.com', NULL, '', '0000-00-00 00:00:00', 0, NULL, 'Client', '2013-02-06 00:00:00', NULL),
(230, 0, 'bszyfer@gmail.com', NULL, '', '0000-00-00 00:00:00', 0, NULL, 'Client', '2013-02-06 00:00:00', NULL),
(231, 0, 'miz_zoe@hotmail.com', NULL, '', '0000-00-00 00:00:00', 0, NULL, 'Client', '2013-02-06 00:00:00', NULL),
(232, 0, 'n/a - liaising via Bon Szyfer', NULL, '', '0000-00-00 00:00:00', 0, NULL, 'Client', '2013-02-06 00:00:00', NULL),
(233, 0, 'n/a, all communication via Bon', NULL, '', '0000-00-00 00:00:00', 0, NULL, 'Client', '2013-02-06 00:00:00', NULL),
(234, 0, NULL, NULL, '', '0000-00-00 00:00:00', 0, NULL, 'Client', '2013-02-07 00:00:00', NULL),
(236, 0, NULL, NULL, '', '0000-00-00 00:00:00', 0, NULL, 'Client', '2013-02-07 00:00:00', '2013-03-15 00:00:00'),
(237, 0, NULL, NULL, '', '0000-00-00 00:00:00', 0, NULL, 'Client', '2013-02-07 00:00:00', NULL),
(239, 0, 'bradleyfivee@yahoo.com', NULL, '', '0000-00-00 00:00:00', 0, NULL, 'Client', '2013-02-07 00:00:00', NULL),
(240, 0, 'illyk86@gmail.com', NULL, '', '0000-00-00 00:00:00', 0, NULL, 'Client', '2013-02-07 00:00:00', NULL),
(241, 0, 'patryk.marach@icloud.com', NULL, '', '0000-00-00 00:00:00', 0, NULL, 'Client', '2013-02-07 00:00:00', NULL),
(242, 0, 'jules.once@gmail.com', NULL, '', '0000-00-00 00:00:00', 0, NULL, 'Client', '2013-02-07 00:00:00', NULL),
(243, 0, 'cassandramcmanus@hotmail.com', NULL, '', '0000-00-00 00:00:00', 0, NULL, 'Client', '2013-02-07 00:00:00', NULL),
(244, 0, 'udcbht@gmail.com', NULL, '', '0000-00-00 00:00:00', 0, NULL, 'Client', '2013-02-07 00:00:00', NULL),
(245, 0, 'yehuda@fishkind.org', NULL, '', '0000-00-00 00:00:00', 0, NULL, 'Client', '2013-02-07 00:00:00', '2013-03-14 00:00:00'),
(246, 0, 'esdftom@gmail.com', NULL, '', '0000-00-00 00:00:00', 0, NULL, 'Client', '2013-02-07 00:00:00', NULL),
(247, 0, 'benjozefiak@gmail.com', NULL, '', '0000-00-00 00:00:00', 0, NULL, 'Client', '2013-02-04 00:00:00', NULL),
(248, 0, 'joseph.kozera@gmail.com', NULL, '', '0000-00-00 00:00:00', 0, NULL, 'Client', '2013-02-07 00:00:00', NULL),
(249, 0, 'emily.kozera@hotmail.com', NULL, '', '0000-00-00 00:00:00', 0, NULL, 'Client', '2013-02-07 00:00:00', NULL),
(250, 0, NULL, NULL, '', '0000-00-00 00:00:00', 0, NULL, 'Client', '2013-02-07 00:00:00', NULL),
(251, 0, NULL, NULL, '', '0000-00-00 00:00:00', 0, NULL, 'Client', '2013-02-07 00:00:00', NULL),
(252, 0, 'myer@amalgadent.com.au', NULL, '', '0000-00-00 00:00:00', 0, NULL, 'Client', '2013-02-07 00:00:00', NULL),
(253, 0, 'harry.bryce@vu.edu.au', NULL, '', '0000-00-00 00:00:00', 0, NULL, 'Client', '2013-02-07 00:00:00', NULL),
(255, 0, NULL, NULL, '', '0000-00-00 00:00:00', 0, NULL, 'Client', '2013-02-08 00:00:00', NULL),
(256, 0, 'tokicat@gmail.com', NULL, '', '0000-00-00 00:00:00', 0, NULL, 'Client', '2013-02-08 00:00:00', NULL),
(259, 0, 'kozfour@hotmail.ca', NULL, '', '0000-00-00 00:00:00', 0, NULL, 'Client', '2013-02-08 00:00:00', NULL),
(260, 0, 'ssolywoda@hotmail.com', NULL, '', '0000-00-00 00:00:00', 0, NULL, 'Client', '2013-02-08 00:00:00', '2013-03-08 00:00:00'),
(261, 0, 'natalie220988@gmail.com', NULL, '', '0000-00-00 00:00:00', 0, NULL, 'Client', '2013-02-08 00:00:00', NULL),
(262, 0, 'woytek21@gmail.com', NULL, '', '0000-00-00 00:00:00', 0, NULL, 'Client', '2013-02-08 00:00:00', NULL),
(263, 0, 'mwtrain@powerup.com.au', NULL, '', '0000-00-00 00:00:00', 0, NULL, 'Client', '2013-02-08 00:00:00', NULL),
(264, 0, NULL, NULL, '', '0000-00-00 00:00:00', 0, NULL, 'Client', '2013-02-08 00:00:00', NULL),
(265, 0, 'timoznobyshyn@me.com', NULL, '', '0000-00-00 00:00:00', 0, NULL, 'Client', '2013-02-08 00:00:00', NULL),
(266, 0, NULL, NULL, '', '0000-00-00 00:00:00', 0, NULL, 'Client', '2013-02-08 00:00:00', NULL),
(267, 0, 'yvette.zegenhagen@gmail.com', NULL, '', '0000-00-00 00:00:00', 0, NULL, 'Client', '2013-02-08 00:00:00', NULL),
(268, 0, NULL, NULL, '', '0000-00-00 00:00:00', 0, NULL, 'Client', '2013-02-08 00:00:00', NULL),
(269, 0, NULL, NULL, '', '0000-00-00 00:00:00', 0, NULL, 'Client', '2013-02-08 00:00:00', NULL),
(271, 0, NULL, NULL, '', '0000-00-00 00:00:00', 0, NULL, 'Client', '2013-02-10 00:00:00', NULL),
(272, 0, 'suzanne.adler@gmail.com', NULL, '', '0000-00-00 00:00:00', 0, NULL, 'Client', '2013-02-10 00:00:00', NULL),
(273, 0, 'avoland@bigpond.com.au', NULL, '', '0000-00-00 00:00:00', 0, NULL, 'Client', '2013-02-10 00:00:00', NULL),
(274, 0, 'katebidwell@hotmail.com', NULL, '', '0000-00-00 00:00:00', 0, NULL, 'Client', '2013-02-10 00:00:00', NULL),
(275, 0, 'stillwaters@live.com', NULL, '', '0000-00-00 00:00:00', 0, NULL, 'Client', '2013-02-10 00:00:00', NULL),
(276, 0, 'monskib@hotmail.com', NULL, '', '0000-00-00 00:00:00', 0, NULL, 'Client', '2013-02-10 00:00:00', '2013-03-08 00:00:00'),
(277, 0, 'bkarpeta@westpac.com.au', NULL, '', '0000-00-00 00:00:00', 0, NULL, 'Client', '2013-02-10 00:00:00', NULL),
(279, 0, 'bobykas@hotmail.com', NULL, '', '0000-00-00 00:00:00', 0, NULL, 'Client', '2013-02-10 00:00:00', NULL),
(280, 0, NULL, NULL, '', '0000-00-00 00:00:00', 0, NULL, 'Client', '2013-02-11 00:00:00', NULL),
(281, 0, NULL, NULL, '', '0000-00-00 00:00:00', 0, NULL, 'Client', '2013-02-11 00:00:00', NULL),
(282, 0, NULL, NULL, '', '0000-00-00 00:00:00', 0, NULL, 'Client', '2013-02-11 00:00:00', NULL),
(283, 0, 'kat258@hotmail.com', NULL, '', '0000-00-00 00:00:00', 0, NULL, 'Client', '2013-02-11 00:00:00', NULL),
(284, 0, 'rob@gm.com', NULL, '', '0000-00-00 00:00:00', 0, NULL, 'Client', '2013-02-11 00:00:00', NULL),
(285, 0, 'christopherkabala@peoplepc.com', NULL, '', '0000-00-00 00:00:00', 0, NULL, 'Client', '2013-02-11 00:00:00', NULL),
(286, 0, 'krukem@gmail.com', NULL, '', '0000-00-00 00:00:00', 0, NULL, 'Client', '2013-02-11 00:00:00', NULL),
(287, 0, 'peter.morgan@ymail.com', NULL, '', '0000-00-00 00:00:00', 0, NULL, 'Client', '2013-02-11 00:00:00', NULL),
(288, 0, 'bdrezner@hlbwa.com.au', NULL, '', '0000-00-00 00:00:00', 0, NULL, 'Client', '2013-02-11 00:00:00', NULL),
(289, 0, 'bdrezner@hlbwa.com.au', NULL, '', '0000-00-00 00:00:00', 0, NULL, 'Client', '2013-02-11 00:00:00', NULL),
(290, 0, 'bdrezner@hlbwa.com.au', NULL, '', '0000-00-00 00:00:00', 0, NULL, 'Client', '2013-02-11 00:00:00', NULL),
(291, 0, 'sallyrobin18@yahoo.com', NULL, '', '0000-00-00 00:00:00', 0, NULL, 'Client', '2013-02-11 00:00:00', NULL),
(292, 0, 'patphayes@hotmail.com', NULL, '', '0000-00-00 00:00:00', 0, NULL, 'Client', '2013-02-11 00:00:00', NULL),
(293, 0, 'leslie.bee@me.com', NULL, '', '0000-00-00 00:00:00', 0, NULL, 'Client', '2013-02-11 00:00:00', NULL),
(295, 0, 'jasmine-dwyer@hotmail.com', NULL, '', '0000-00-00 00:00:00', 0, NULL, 'Client', '2013-02-12 00:00:00', NULL),
(296, 0, 'julian_wozniak@optusnet.com.au', NULL, '', '0000-00-00 00:00:00', 0, NULL, 'Client', '2013-02-12 00:00:00', NULL),
(297, 0, 'angeladavey81@hotmail.com', NULL, '', '0000-00-00 00:00:00', 0, NULL, 'Client', '2013-02-12 00:00:00', NULL),
(298, 0, 'hkempler@gmail.com', NULL, '', '0000-00-00 00:00:00', 0, NULL, 'Client', '2013-02-12 00:00:00', NULL),
(299, 0, NULL, NULL, '', '0000-00-00 00:00:00', 0, NULL, 'Client', '2013-02-12 00:00:00', NULL),
(300, 0, NULL, NULL, '', '0000-00-00 00:00:00', 0, NULL, 'Client', '2013-02-13 00:00:00', NULL),
(301, 0, 'diana.m.125@gmail.com', NULL, '', '0000-00-00 00:00:00', 0, NULL, 'Client', '2013-02-14 00:00:00', NULL),
(302, 0, 'cocoshel@hotmail.com.au', NULL, '', '0000-00-00 00:00:00', 0, NULL, 'Client', '2013-02-14 00:00:00', NULL),
(305, 0, 'josh_slu@me.com', NULL, '', '0000-00-00 00:00:00', 0, NULL, 'Client', '2013-02-14 00:00:00', NULL),
(308, 0, 'ral401@rogers.com', NULL, '', '0000-00-00 00:00:00', 0, NULL, 'Client', '2013-02-14 00:00:00', NULL),
(310, 0, 'bender@monash.edu', NULL, '', '0000-00-00 00:00:00', 0, NULL, 'Client', '2013-02-14 00:00:00', NULL),
(312, 0, 'anka.cyganka@hotmail.com', NULL, '', '0000-00-00 00:00:00', 0, NULL, 'Client', '2013-02-15 00:00:00', NULL),
(313, 0, NULL, NULL, '', '0000-00-00 00:00:00', 0, NULL, 'Client', '2013-02-15 00:00:00', NULL),
(314, 0, 'simone.a.turner@gmail.com', NULL, '', '0000-00-00 00:00:00', 0, NULL, 'Client', '2013-02-18 00:00:00', NULL),
(315, 0, 'nickolasplummer@bigpond.com', NULL, '', '0000-00-00 00:00:00', 0, NULL, 'Client', '2013-02-19 00:00:00', NULL),
(317, 0, 'jrlewczuk@gmail.com', NULL, '', '0000-00-00 00:00:00', 0, NULL, 'Client', '2013-02-19 00:00:00', NULL),
(318, 0, 'henrynina@mooloolabarealestate.com.au', NULL, '', '0000-00-00 00:00:00', 0, NULL, 'Client', '2013-02-19 00:00:00', NULL),
(319, 0, 'jagiello.ms@gmail.com', NULL, '', '0000-00-00 00:00:00', 0, NULL, 'Client', '2013-02-19 00:00:00', NULL),
(320, 0, 'tessbd@hotmail.com', NULL, '', '0000-00-00 00:00:00', 0, NULL, 'Client', '2013-02-19 00:00:00', NULL),
(321, 0, 'adekel1@optusnet.com.au', NULL, '', '0000-00-00 00:00:00', 0, NULL, 'Client', '2013-02-19 00:00:00', NULL),
(322, 0, 'ezmay28@hotmail.com', NULL, '', '0000-00-00 00:00:00', 0, NULL, 'Client', '2013-02-19 00:00:00', NULL),
(323, 0, 'witkowskip@theweeklytimes.com.au', NULL, '', '0000-00-00 00:00:00', 0, NULL, 'Client', '2013-02-19 00:00:00', NULL),
(324, 0, 'eviperlmutter@hotmail.com', NULL, '', '0000-00-00 00:00:00', 0, NULL, 'Client', '2013-02-20 00:00:00', NULL),
(325, 0, 'robertlittlejohn@bigpond.com', NULL, '', '0000-00-00 00:00:00', 0, NULL, 'Client', '2013-02-20 00:00:00', NULL),
(328, 0, NULL, NULL, '', '0000-00-00 00:00:00', 0, NULL, 'Client', '2013-02-21 00:00:00', NULL),
(331, 0, 'samantha_bielanski@hotmail.com', NULL, '', '0000-00-00 00:00:00', 0, NULL, 'Client', '2013-02-21 00:00:00', NULL),
(332, 0, 'donaldsonjm@yahoo.com.au', NULL, '', '0000-00-00 00:00:00', 0, NULL, 'Client', '2013-02-21 00:00:00', NULL),
(333, 0, 'matt@synthesisproductions.com', NULL, '', '0000-00-00 00:00:00', 0, NULL, 'Client', '2013-02-21 00:00:00', NULL),
(334, 0, 'frank.kurzel@unisa.edu.au', NULL, '', '0000-00-00 00:00:00', 0, NULL, 'Client', '2013-02-21 00:00:00', NULL),
(335, 0, 'hj_jenice@live.com.au', NULL, '', '0000-00-00 00:00:00', 0, NULL, 'Client', '2013-02-21 00:00:00', NULL),
(336, 0, 'gcharny@wolseleycorporate.com', NULL, '', '0000-00-00 00:00:00', 0, NULL, 'Client', '2013-02-21 00:00:00', NULL),
(337, 0, 'lisa.dibbs@mater.org.au', NULL, '', '0000-00-00 00:00:00', 0, NULL, 'Client', '2013-02-21 00:00:00', NULL),
(338, 0, 'mdpucilowski@gmail.com', NULL, '', '0000-00-00 00:00:00', 0, NULL, 'Client', '2013-02-21 00:00:00', NULL),
(340, 0, 'andeepollard@gmail.com', NULL, '', '0000-00-00 00:00:00', 0, NULL, 'Client', '2013-02-21 00:00:00', NULL),
(341, 0, 'ana@fernandezdeaguirre.com', NULL, '', '0000-00-00 00:00:00', 0, NULL, 'Client', '2013-02-21 00:00:00', NULL),
(342, 0, 'sophie_tymerski@hotmail.com', NULL, '', '0000-00-00 00:00:00', 0, NULL, 'Client', '2013-02-21 00:00:00', NULL),
(343, 0, 'caroashford@hotmail.com', NULL, '', '0000-00-00 00:00:00', 0, NULL, 'Client', '2013-02-21 00:00:00', NULL),
(344, 0, 'david@acli.com.au', NULL, '', '0000-00-00 00:00:00', 0, NULL, 'Client', '2013-02-21 00:00:00', NULL),
(345, 0, 'learose_b@bigpond.com', NULL, '', '0000-00-00 00:00:00', 0, NULL, 'Client', '2013-02-21 00:00:00', NULL),
(346, 0, 'georgielab2@hotmail.com', NULL, '', '0000-00-00 00:00:00', 0, NULL, 'Client', '2012-03-21 00:00:00', NULL),
(347, 0, NULL, NULL, '', '0000-00-00 00:00:00', 0, NULL, 'Client', '2012-03-22 00:00:00', NULL),
(348, 0, 'jrdejean1@yahoo.com', NULL, '', '0000-00-00 00:00:00', 0, NULL, 'Client', '2013-02-22 00:00:00', NULL),
(349, 0, NULL, NULL, '', '0000-00-00 00:00:00', 0, NULL, 'Client', '2013-02-22 00:00:00', NULL),
(350, 0, 'ljsliw@gmail.com', NULL, '', '0000-00-00 00:00:00', 0, NULL, 'Client', '2013-02-25 00:00:00', NULL),
(351, 0, 'paul@mobilityplus.com.au', NULL, '', '0000-00-00 00:00:00', 0, NULL, 'Client', '2013-02-25 00:00:00', NULL),
(352, 0, 'rowse@netspace.net.au', NULL, '', '0000-00-00 00:00:00', 0, NULL, 'Client', '2013-02-25 00:00:00', NULL),
(353, 0, 'tjkwasnica@hotmail.com.au', NULL, '', '0000-00-00 00:00:00', 0, NULL, 'Client', '2013-02-25 00:00:00', NULL),
(354, 0, 'ziel10015@flinders.edu.au', NULL, '', '0000-00-00 00:00:00', 0, NULL, 'Client', '2013-02-26 00:00:00', NULL),
(355, 0, 'scttgldsmth@gmail.com', NULL, '', '0000-00-00 00:00:00', 0, NULL, 'Client', '2013-02-26 00:00:00', NULL),
(356, 0, 'jamestraveller@yahoo.com.au', NULL, '', '0000-00-00 00:00:00', 0, NULL, 'Client', '2013-02-26 00:00:00', NULL),
(357, 0, 'einheibl@gmail.com', NULL, '', '0000-00-00 00:00:00', 0, NULL, 'Client', '2013-02-26 00:00:00', NULL),
(358, 0, 'bgelberg@hothamtax.com', NULL, '', '0000-00-00 00:00:00', 0, NULL, 'Client', '2013-02-26 00:00:00', NULL),
(359, 0, 'luckysprite@gmail.com', NULL, '', '0000-00-00 00:00:00', 0, NULL, 'Client', '2013-02-27 00:00:00', NULL),
(361, 0, 'banana@gmail.com', NULL, '', '0000-00-00 00:00:00', 0, NULL, 'Client', '2013-02-27 00:00:00', NULL),
(362, 0, 'smitty_94@live.com', NULL, '', '0000-00-00 00:00:00', 0, NULL, 'Client', '2013-02-27 00:00:00', NULL),
(364, 0, 'trishan_ryan@hotmail.com', NULL, '', '0000-00-00 00:00:00', 0, NULL, 'Client', '2013-02-28 00:00:00', NULL),
(365, 0, 'jennifer.nadwodny@gmail.com', NULL, '', '0000-00-00 00:00:00', 0, NULL, 'Client', '2013-02-28 00:00:00', NULL),
(366, 0, NULL, NULL, '', '0000-00-00 00:00:00', 0, NULL, 'Client', '2013-02-28 00:00:00', NULL),
(367, 0, NULL, NULL, '', '0000-00-00 00:00:00', 0, NULL, 'Client', '2013-02-28 00:00:00', NULL),
(368, 0, NULL, NULL, '', '0000-00-00 00:00:00', 0, NULL, 'Client', '2013-02-28 00:00:00', NULL),
(369, 0, 'jonts85@hotmail.com', NULL, '', '0000-00-00 00:00:00', 0, NULL, 'Client', '2013-02-28 00:00:00', NULL),
(374, 0, 's.andra.k@hotmail.com', NULL, '', '0000-00-00 00:00:00', 0, NULL, 'Client', '2013-02-28 00:00:00', NULL),
(376, 0, 'alex.moodie@gmail.com', NULL, '', '0000-00-00 00:00:00', 0, NULL, 'Client', '2013-02-28 00:00:00', NULL),
(377, 0, 'leithpoulsen@hotmail.com', NULL, '', '0000-00-00 00:00:00', 0, NULL, 'Client', '2013-03-01 00:00:00', NULL),
(378, 0, 'gabrielle.ward@neostrada.pl', NULL, '', '0000-00-00 00:00:00', 0, NULL, 'Client', '2013-03-01 00:00:00', NULL),
(379, 0, 'paul@comtek.co.uk', NULL, '', '0000-00-00 00:00:00', 0, NULL, 'Client', '2013-03-01 00:00:00', NULL),
(381, 0, 'ken_madej@hotmail.com / ken.madej@anu.edu.au', NULL, '', '0000-00-00 00:00:00', 0, NULL, 'Client', '2013-03-01 00:00:00', NULL),
(382, 0, 'diegogrun@yahoo.com', NULL, '', '0000-00-00 00:00:00', 0, NULL, 'Client', '2013-03-01 00:00:00', NULL),
(386, 0, NULL, NULL, '', '0000-00-00 00:00:00', 0, NULL, 'Client', '2013-03-04 00:00:00', NULL),
(387, 0, NULL, NULL, '', '0000-00-00 00:00:00', 0, NULL, 'Client', '2013-03-04 00:00:00', NULL),
(388, 0, NULL, NULL, '', '0000-00-00 00:00:00', 0, NULL, 'Client', '2013-03-04 00:00:00', NULL),
(390, 0, 'justin.ridgeway@whittlesea.vic.gov.au', NULL, '', '0000-00-00 00:00:00', 0, NULL, 'Client', '2013-03-04 00:00:00', NULL),
(393, 0, 'jaymzxyz@hotmail.com, jamesmathers@live.com.au', NULL, '', '0000-00-00 00:00:00', 0, NULL, 'Client', '2013-03-04 00:00:00', NULL),
(394, 0, 'ivan@yourpharmacy.com.au', NULL, '', '0000-00-00 00:00:00', 0, NULL, 'Client', '2013-03-05 00:00:00', NULL),
(395, 0, 'danielle.fisher@scu.edu.au', NULL, '', '0000-00-00 00:00:00', 0, NULL, 'Client', '2013-03-05 00:00:00', NULL),
(396, 0, 'sm.tm@live.com.au', NULL, '', '0000-00-00 00:00:00', 0, NULL, 'Client', '2013-03-05 00:00:00', '2013-03-08 00:00:00'),
(397, 0, 'bamcram@hushmail.com', NULL, '', '0000-00-00 00:00:00', 0, NULL, 'Client', '2013-03-05 00:00:00', NULL),
(398, 0, 'edna.k@optusnet.com.au', NULL, '', '0000-00-00 00:00:00', 0, NULL, 'Client', '2013-03-05 00:00:00', NULL),
(400, 0, 'svell13@eq.edu.au', NULL, '', '0000-00-00 00:00:00', 0, NULL, 'Client', '2013-03-05 00:00:00', NULL),
(401, 0, 'cassandrapeszko@hotmail.com', NULL, '', '0000-00-00 00:00:00', 0, NULL, 'Client', '2013-03-05 00:00:00', NULL),
(402, 0, 'bsmorgan@gmail.com', NULL, '', '0000-00-00 00:00:00', 0, NULL, 'Client', '2013-03-06 00:00:00', NULL),
(403, 0, 'denisecoffey62@gmail.com', NULL, '', '0000-00-00 00:00:00', 0, NULL, 'Client', '2013-03-06 00:00:00', NULL),
(405, 0, 'hjaworski@hotmail.com', NULL, '', '0000-00-00 00:00:00', 0, NULL, 'Client', '2013-03-06 00:00:00', NULL),
(407, 0, 'simonlewicki@me.com', NULL, '', '0000-00-00 00:00:00', 0, NULL, 'Client', '2013-03-06 00:00:00', NULL),
(408, 0, 'shelleyliana@gmail.com', NULL, '', '0000-00-00 00:00:00', 0, NULL, 'Client', '2013-03-07 00:00:00', NULL),
(409, 0, 'nathan.jelonek@bigpond.com', NULL, '', '0000-00-00 00:00:00', 0, NULL, 'Client', '2013-03-07 00:00:00', NULL),
(412, 0, 'anna.kohut007@gmail.com', NULL, '', '0000-00-00 00:00:00', 0, NULL, 'Client', '2013-03-07 00:00:00', '2013-03-08 00:00:00'),
(414, 0, 'mnzajd@gmail.com', NULL, '', '0000-00-00 00:00:00', 0, NULL, 'Client', '2013-04-07 00:00:00', '2013-03-08 00:00:00'),
(415, 0, NULL, NULL, '', '0000-00-00 00:00:00', 0, NULL, 'Client', '2013-04-07 00:00:00', '2013-03-08 00:00:00'),
(416, 0, NULL, NULL, '', '0000-00-00 00:00:00', 0, NULL, 'Client', '2013-04-07 00:00:00', '2013-03-08 00:00:00'),
(417, 0, NULL, NULL, '', '0000-00-00 00:00:00', 0, NULL, 'Client', '2013-04-07 00:00:00', '2013-03-08 00:00:00'),
(418, 0, 'genevieve.wessels@hotmail.com', NULL, '', '0000-00-00 00:00:00', 0, NULL, 'Client', '2013-04-07 00:00:00', '2013-03-08 00:00:00'),
(419, 0, 'star_angel7777@hotmail.com', NULL, '', '0000-00-00 00:00:00', 0, NULL, 'Client', '2013-04-07 00:00:00', '2013-03-08 00:00:00'),
(420, 0, 'd', 'd27d98a9aa85e151b219ae615f0e678db6d85ddb', '', '0000-00-00 00:00:00', 0, NULL, 'Client', '2013-08-25 12:35:41', '2013-08-25 12:35:41'),
(421, 0, 'd', 'd27d98a9aa85e151b219ae615f0e678db6d85ddb', '', '0000-00-00 00:00:00', 0, NULL, 'Client', '2013-08-26 03:16:56', '2013-08-26 03:16:56'),
(422, 0, 'v', '21456ff06d8b6c400088af67cec5f38d57ce93ab', '', '0000-00-00 00:00:00', 0, NULL, 'Client', '2013-08-26 11:13:51', '2013-08-26 11:13:51'),
(423, 0, 'fm', 'f74ea5ebead02a5d92e1b4e296a49cf131796fd7', '', '0000-00-00 00:00:00', 1, NULL, 'Employee', '2013-08-26 11:48:08', '2013-09-23 03:02:57'),
(424, 0, 'fam', '62183d3a4eee9dbfb43bbabb38597978f5d69336', '', '0000-00-00 00:00:00', 0, NULL, 'Client', '2013-08-26 12:19:27', '2013-08-26 12:19:27'),
(425, 0, 'jwgre2', '710c6379d29a417dff9a277d33cc2a97', '412ce0de037d7b12f4f288fd4a719581', '0000-00-00 00:00:00', 1, NULL, 'Employee', '2013-08-26 12:28:43', '2013-10-25 20:40:54'),
(426, 0, 'aa', '4a78f9a60ab3dfa5b3c1296da28fd9e91fae8ae8', '', '0000-00-00 00:00:00', 0, NULL, 'Employee', '2013-08-26 21:18:03', '2013-09-24 02:22:25'),
(427, 2, 'tt', '37ef870ac8db94d6969a180326d3fba4', 'dc43a6ee6141b880830829586c9e711b', '0000-00-00 00:00:00', 1, NULL, 'Client', '2013-08-26 22:12:06', '2013-10-25 19:42:52'),
(428, 0, 'g', '44315a6685a7a2d27f33705dc8ea25b40dc67f31', '', '0000-00-00 00:00:00', 0, NULL, 'Client', '2013-08-27 00:14:26', '2013-08-27 00:14:26'),
(429, 0, 'info@polaron.com.au', 'bdf11f29d3f32dab3fde1cb06f924761ed5a152e', '', '0000-00-00 00:00:00', 0, NULL, 'Client', '2013-08-27 00:31:37', '2013-08-27 00:31:37'),
(430, 0, 'd', 'f642216a862a2875e9d64796541784200ae8eb8a', '', '0000-00-00 00:00:00', 0, NULL, 'Client', '2013-08-27 00:38:21', '2013-08-27 00:38:21'),
(431, 0, 'Bob', '6856f0bca1410bb555dfee7bff09fbe2d7b92936', '', '0000-00-00 00:00:00', 0, NULL, 'Client', '2013-08-27 03:41:50', '2013-08-27 03:41:50'),
(432, 0, '', 'f642216a862a2875e9d64796541784200ae8eb8a', '', '0000-00-00 00:00:00', 0, NULL, 'Client', '2013-08-27 05:46:00', '2013-08-27 05:46:00'),
(433, 0, 'd', 'd27d98a9aa85e151b219ae615f0e678db6d85ddb', '', '0000-00-00 00:00:00', 0, NULL, 'Client', '2013-08-28 02:28:15', '2013-08-28 02:28:15'),
(434, 0, 'f', 'cb6d7fa1fa94f490e62a55ca70c43768d16cbdb3', '', '0000-00-00 00:00:00', 0, NULL, 'Client', '2013-08-28 02:31:54', '2013-08-28 02:31:54'),
(435, 0, 'r', '29c0696970288c644f3b6a88aa4485035501360a', '', '0000-00-00 00:00:00', 0, NULL, 'Client', '2013-08-28 02:51:35', '2013-08-28 02:51:35'),
(436, 0, 'r', 'f642216a862a2875e9d64796541784200ae8eb8a', '', '0000-00-00 00:00:00', 0, NULL, 'Client', '2013-08-28 02:52:40', '2013-08-28 02:52:40'),
(437, 0, 't', '029950bd0d4cebaef2eee5880afb330ebc4eb4c9', '', '0000-00-00 00:00:00', 0, NULL, 'Client', '2013-08-28 02:56:31', '2013-08-28 02:56:31'),
(438, 0, 'fm', 'f74ea5ebead02a5d92e1b4e296a49cf131796fd7', '', '0000-00-00 00:00:00', 1, NULL, 'Employee', '2013-08-28 12:27:46', '2013-09-23 03:02:54'),
(439, 0, '', 'f642216a862a2875e9d64796541784200ae8eb8a', '', '0000-00-00 00:00:00', 0, NULL, 'Client', '2013-08-30 00:19:12', '2013-08-30 00:19:12'),
(440, 5, 'sstaff', '45ce4c835c6b74b3d56b2ac8381c3ec6bfaccfb8', '', '0000-00-00 00:00:00', 1, NULL, 'Employee', '2013-09-05 23:59:09', '2013-09-23 03:20:07'),
(442, 1, 'polarontest@gmail.com', 'caaff8dc88742276bd6a71a6f976772d', '61b2e362dce99e815ae6060d850d1bff', '0000-00-00 00:00:00', 1, NULL, 'Client', '2013-09-10 03:30:03', '2013-09-10 03:30:03'),
(443, 0, 'rob@gmail.com', 'robert', '', '0000-00-00 00:00:00', 0, NULL, 'Client', '2013-09-17 00:42:01', '2013-09-17 00:42:01'),
(444, 2, 'ablake@gmail.com', '50cedc272442abbd08b57d5424e98697', '7c63525e889c218b3afe4e7c8e5fbc00', '0000-00-00 00:00:00', 1, '127.0.0.1', 'Client', '2013-09-17 01:24:40', '2013-10-23 06:19:27'),
(445, 5, 'Test', '29a9c459deb6c866919e18eaf4832a87', 'bcd133a583ec67600c8a13f6d9fb310a', '0000-00-00 00:00:00', 1, NULL, 'Client', '2013-09-19 07:19:14', '2013-09-19 07:19:14'),
(446, 5, 'Tesla', 'ea4fd56b4f14c85510812a8fd12108b5', 'db6c361251fc7c2fec1fa41018bc2bce', '0000-00-00 00:00:00', 1, NULL, 'Client', '2013-09-19 07:20:46', '2013-09-19 07:20:46'),
(447, 5, 'Teslaff', 'e96591287b079f1f961fc64b2bb1dee6', '8798ce86c03ecfea4eb3bcc43f523e5a', '0000-00-00 00:00:00', 1, NULL, 'Employee', '2013-09-19 07:21:18', '2013-09-19 07:21:18'),
(449, 2, 'Four@test.com', '56c2ee83ca952008d8540cd1dd2cb8de', '1e5066675392a797e4b548435cbd1359', '0000-00-00 00:00:00', 1, NULL, 'Client', '2013-09-24 03:05:44', '2013-09-24 03:05:44'),
(450, 2, 'lizziness@gmail.com', '87621dc06961de96dae7aad15d017c9d', 'b66b982360d6152bd17586fd4a6c171f', '0000-00-00 00:00:00', 1, NULL, 'Client', '2013-09-24 03:09:17', '2013-09-24 03:09:17'),
(451, 2, 'lizziness@gmail.com', '0eb2b1fd5e7d2eb7fed5eccec64ab140', '189ba2da33dd38c2f03ac59bfa4b9855', '0000-00-00 00:00:00', 1, NULL, 'Client', '2013-09-24 03:10:11', '2013-09-24 03:10:11'),
(452, 2, 'lizziness@gmail.com', 'e08484734cc911d76f53209143c18b29', '843e60265bc8faf371e5ed57a9a6e354', '0000-00-00 00:00:00', 1, NULL, 'Client', '2013-09-24 03:11:33', '2013-09-24 03:11:33'),
(453, 2, 'joshuaso91@gmail.com', '6b0d8ffc35f9527174edf69b88ef221e', '88acee5b87f3300ea9a50e8179a3118a', '0000-00-00 00:00:00', 1, NULL, 'Client', '2013-10-01 21:35:30', '2013-10-01 21:35:30'),
(454, 2, 'famew1@student.monash.edu', 'e102526d0b217829ba5d3fce698b25e5', 'e1f09d6f638e94a452cb4ccd06cab609', '0000-00-00 00:00:00', 1, NULL, 'Client', '2013-10-01 21:39:25', '2013-10-01 21:39:25'),
(455, 2, 'famew1@student.monash.edu', '875ead98bb5fbf0d646b12bb250d6652', '18ccfe242299b92d9ff4001895e85c99', '0000-00-00 00:00:00', 1, NULL, 'Client', '2013-10-01 21:44:08', '2013-10-01 21:44:08'),
(456, 2, 'famew1@student.monash.edu', '3e3d84d21b0d9ce00e575dd9bab56c5f', '2806878923d1b3ae0e59b4bb5d693bb3', '0000-00-00 00:00:00', 1, NULL, 'Client', '2013-10-01 21:46:43', '2013-10-01 21:46:43'),
(457, 2, 'famew1@student.monash.edu', '94b683f2831d1d95956b792cb9b95e90', 'b432a158b8d488e386418b46150e050e', '0000-00-00 00:00:00', 1, NULL, 'Client', '2013-10-01 21:48:46', '2013-10-01 21:48:46'),
(458, 2, 'lizziness@gmail.com', 'bc13ce76ea3ca0b46127894978dc28b7', 'a906c7cf6e6b8259cd99fed3d9fdf2fb', NULL, 1, NULL, 'Client', '2013-10-13 20:30:56', '2013-10-13 20:30:56'),
(459, 10, 'Van Winkle', 'a28b9eb6fff5a6d274807fb8a517e3b1', '7f908cbbef6fe337d448cd9c48275a88', NULL, 1, NULL, 'Employee', '2013-10-22 21:23:51', '2013-10-22 21:24:10'),
(460, 2, 'joshuaso91@gmail.com', '2b1beedc099702b1d1a8a3568467949c', '6b51847546fda546c94b8971bfb83dc7', NULL, 1, NULL, 'Client', '2013-10-22 21:24:47', '2013-10-22 21:24:47'),
(461, 2, 'kikimewengkang@gmail.com', '82575ee19f95e4c395f3d8a58c3499ca', '807ac6c45601657aec27b5f186616378', NULL, 1, NULL, 'Client', '2013-10-22 22:06:09', '2013-10-22 22:07:45'),
(463, 2, 'lizziness@gmail.com', '01200d05d3792b536f5c87477ce56d7d', '0da8fde96da43419d4b8700d0e244e7c', NULL, 1, NULL, 'Client', '2013-10-25 17:31:57', '2013-10-25 17:31:57'),
(464, 2, 'lizziness@gmail.com', 'a68d13bc80876609662485a5435899a8', '3689427a85e1edb76b968a802ab27260', NULL, 1, NULL, 'Client', '2013-10-25 17:41:18', '2013-10-25 17:41:18'),
(465, 2, 'dc@polaron.com.au', 'db6f6e05ac7e339d92fe564fff3c9589', '4a960d33205da97192b5d1e369b25d5a', NULL, 1, NULL, 'Client', '2013-10-25 19:55:57', '2013-10-25 19:55:57'),
(466, 2, 'dc@polaron.com.au', '95ad553f8a3bd3af87a5d77663004852', 'e284e144df917c2f9e5ee2283cf3e005', NULL, 1, NULL, 'Client', '2013-10-25 20:30:37', '2013-10-25 20:30:37'),
(467, 2, 'dc@polaron.com.au', '866f34d6dd37d864f81fedc02a73183e', '86974f77127d745715cec46ec10d63ec', NULL, 1, NULL, 'Client', '2013-11-21 18:01:24', '2013-11-21 18:01:24'),
(468, 2, 'dc@polaron.com.au', '518d28f1bf079f80f8ec405a207c9eda', '0059f6f723cf9a21946bdeb340a4305f', NULL, 1, NULL, 'Client', '2013-11-21 18:01:41', '2013-11-21 18:01:41'),
(469, 5, 'Dommo', '22437bec54ef7d12aaf8d2e873423211', '42994a0a82a42af10511ce6d45810740', NULL, 1, NULL, 'Employee', '2013-11-21 18:18:28', '2013-11-21 18:18:28'),
(470, 2, 'dc@polaron.com.au', '256bc6a9993d9c64a1bb57d411385ad8', '5ed44c8bd4d705e388c119e963282951', NULL, 1, NULL, 'Client', '2013-11-21 19:17:32', '2013-11-21 19:17:32');

-- --------------------------------------------------------

--
-- Table structure for table `user_groups`
--

CREATE TABLE IF NOT EXISTS `user_groups` (
  `id` int(11) NOT NULL AUTO_INCREMENT,
  `name` varchar(100) DEFAULT NULL,
  `alias_name` varchar(100) DEFAULT NULL,
  `allowRegistration` int(1) NOT NULL DEFAULT '1',
  `created` datetime DEFAULT NULL,
  `modified` datetime DEFAULT NULL,
  PRIMARY KEY (`id`)
) ENGINE=InnoDB  DEFAULT CHARSET=latin1 AUTO_INCREMENT=13 ;

--
-- Dumping data for table `user_groups`
--

INSERT INTO `user_groups` (`id`, `name`, `alias_name`, `allowRegistration`, `created`, `modified`) VALUES
(1, 'Admin', 'Admin', 0, '2013-09-09 13:02:51', '2013-09-09 13:02:51'),
(2, 'User', 'User', 1, '2013-09-09 13:02:51', '2013-09-09 13:02:51'),
(3, 'Guest', 'Guest', 0, '2013-09-09 13:02:51', '2013-09-09 13:02:51'),
(4, 'CEO', 'CEO', 1, '2013-09-17 02:34:45', '2013-09-17 02:34:45'),
(5, 'Operations Manager', 'Operations_Manager', 1, '2013-09-17 02:35:00', '2013-09-17 02:35:00'),
(6, 'Business Manager', 'Business_Manager', 1, '2013-09-17 02:35:08', '2013-09-17 02:35:08'),
(7, 'Researcher', 'Researcher', 1, '2013-09-17 02:35:13', '2013-09-17 02:35:13'),
(8, 'Research Assistant', 'Research_Assistant', 1, '2013-09-17 02:35:21', '2013-09-17 02:35:21'),
(9, 'Researcher in Poland', 'Researcher_in_Poland', 1, '2013-09-17 02:35:52', '2013-09-17 02:35:52'),
(10, 'Translator in Poland', 'Translator_in_Poland', 1, '2013-09-17 02:36:08', '2013-09-17 02:36:08'),
(11, 'Read-only', 'Read-only', 1, '2013-09-17 02:36:12', '2013-09-17 02:36:12'),
(12, 'test', 't3est', 1, '2013-09-23 04:31:29', '2013-09-23 04:31:29');

-- --------------------------------------------------------

--
-- Table structure for table `user_group_permissions`
--

CREATE TABLE IF NOT EXISTS `user_group_permissions` (
  `id` int(10) unsigned NOT NULL AUTO_INCREMENT,
  `user_group_id` int(10) unsigned NOT NULL,
  `controller` varchar(50) CHARACTER SET latin1 COLLATE latin1_general_ci NOT NULL,
  `action` varchar(100) CHARACTER SET latin1 COLLATE latin1_general_ci NOT NULL,
  `allowed` tinyint(1) unsigned NOT NULL DEFAULT '1',
  PRIMARY KEY (`id`)
) ENGINE=InnoDB  DEFAULT CHARSET=latin1 AUTO_INCREMENT=1802 ;

--
-- Dumping data for table `user_group_permissions`
--

INSERT INTO `user_group_permissions` (`id`, `user_group_id`, `controller`, `action`, `allowed`) VALUES
(1, 1, 'Pages', 'display', 1),
(2, 2, 'Pages', 'display', 1),
(3, 3, 'Pages', 'display', 1),
(4, 1, 'UserGroupPermissions', 'index', 1),
(5, 2, 'UserGroupPermissions', 'index', 0),
(6, 3, 'UserGroupPermissions', 'index', 0),
(7, 1, 'UserGroupPermissions', 'update', 1),
(8, 2, 'UserGroupPermissions', 'update', 0),
(9, 3, 'UserGroupPermissions', 'update', 0),
(10, 1, 'UserGroups', 'index', 1),
(11, 2, 'UserGroups', 'index', 0),
(12, 3, 'UserGroups', 'index', 0),
(13, 1, 'UserGroups', 'addGroup', 1),
(14, 2, 'UserGroups', 'addGroup', 0),
(15, 3, 'UserGroups', 'addGroup', 0),
(16, 1, 'UserGroups', 'editGroup', 1),
(17, 2, 'UserGroups', 'editGroup', 0),
(18, 3, 'UserGroups', 'editGroup', 0),
(19, 1, 'UserGroups', 'deleteGroup', 1),
(20, 2, 'UserGroups', 'deleteGroup', 0),
(21, 3, 'UserGroups', 'deleteGroup', 0),
(22, 1, 'Users', 'index', 1),
(23, 2, 'Users', 'index', 0),
(24, 3, 'Users', 'index', 0),
(25, 1, 'Users', 'viewUser', 1),
(26, 2, 'Users', 'viewUser', 0),
(27, 3, 'Users', 'viewUser', 0),
(28, 1, 'Users', 'myprofile', 1),
(29, 2, 'Users', 'myprofile', 1),
(30, 3, 'Users', 'myprofile', 0),
(31, 1, 'Users', 'login', 1),
(32, 2, 'Users', 'login', 1),
(33, 3, 'Users', 'login', 1),
(34, 1, 'Users', 'logout', 1),
(35, 2, 'Users', 'logout', 1),
(36, 3, 'Users', 'logout', 1),
(37, 1, 'Users', 'register', 1),
(38, 2, 'Users', 'register', 1),
(39, 3, 'Users', 'register', 1),
(40, 1, 'Users', 'changePassword', 1),
(41, 2, 'Users', 'changePassword', 1),
(42, 3, 'Users', 'changePassword', 0),
(43, 1, 'Users', 'changeUserPassword', 1),
(44, 2, 'Users', 'changeUserPassword', 0),
(45, 3, 'Users', 'changeUserPassword', 0),
(46, 1, 'Users', 'addUser', 1),
(47, 2, 'Users', 'addUser', 0),
(48, 3, 'Users', 'addUser', 0),
(49, 1, 'Users', 'editUser', 1),
(50, 2, 'Users', 'editUser', 0),
(51, 3, 'Users', 'editUser', 0),
(52, 1, 'Users', 'dashboard', 1),
(53, 2, 'Users', 'dashboard', 1),
(54, 3, 'Users', 'dashboard', 0),
(55, 1, 'Users', 'deleteUser', 1),
(56, 2, 'Users', 'deleteUser', 0),
(57, 3, 'Users', 'deleteUser', 0),
(58, 1, 'Users', 'makeActive', 1),
(59, 2, 'Users', 'makeActive', 0),
(60, 3, 'Users', 'makeActive', 0),
(61, 1, 'Users', 'accessDenied', 1),
(62, 2, 'Users', 'accessDenied', 1),
(63, 3, 'Users', 'accessDenied', 1),
(64, 1, 'Users', 'userVerification', 1),
(65, 2, 'Users', 'userVerification', 1),
(66, 3, 'Users', 'userVerification', 1),
(67, 1, 'Users', 'forgotPassword', 1),
(68, 2, 'Users', 'forgotPassword', 1),
(69, 3, 'Users', 'forgotPassword', 1),
(70, 1, 'Users', 'makeActiveInactive', 1),
(71, 2, 'Users', 'makeActiveInactive', 0),
(72, 3, 'Users', 'makeActiveInactive', 0),
(73, 1, 'Users', 'verifyEmail', 1),
(74, 2, 'Users', 'verifyEmail', 0),
(75, 3, 'Users', 'verifyEmail', 0),
(76, 1, 'Users', 'activatePassword', 1),
(77, 2, 'Users', 'activatePassword', 1),
(78, 3, 'Users', 'activatePassword', 1),
(79, 1, 'Documents', 'mydocs', 0),
(80, 2, 'Documents', 'mydocs', 1),
(81, 3, 'Documents', 'mydocs', 0),
(82, 1, 'Documents', 'uploadDoc', 0),
(83, 2, 'Documents', 'uploadDoc', 1),
(84, 3, 'Documents', 'uploadDoc', 0),
(85, 1, 'Documents', 'sendFile', 0),
(86, 2, 'Documents', 'sendFile', 1),
(87, 3, 'Documents', 'sendFile', 0),
(88, 1, 'Documents', 'uploadancestor', 0),
(89, 2, 'Documents', 'uploadancestor', 1),
(90, 3, 'Documents', 'uploadancestor', 0),
(91, 1, 'Documents', 'uploadapplicant', 0),
(92, 2, 'Documents', 'uploadapplicant', 1),
(93, 3, 'Documents', 'uploadapplicant', 0),
(94, 1, 'Documents', 'view', 0),
(95, 2, 'Documents', 'view', 1),
(96, 3, 'Documents', 'view', 0),
(97, 1, 'Clientcases', 'myaccount', 0),
(98, 2, 'Clientcases', 'myaccount', 1),
(99, 3, 'Clientcases', 'myaccount', 0),
(100, 4, 'Clientcases', 'myaccount', 0),
(101, 5, 'Clientcases', 'myaccount', 1),
(102, 6, 'Clientcases', 'myaccount', 0),
(103, 7, 'Clientcases', 'myaccount', 0),
(104, 8, 'Clientcases', 'myaccount', 0),
(105, 9, 'Clientcases', 'myaccount', 0),
(106, 10, 'Clientcases', 'myaccount', 0),
(107, 11, 'Clientcases', 'myaccount', 0),
(108, 12, 'Clientcases', 'myaccount', 0),
(109, 1, 'Casenotes', 'mynotes', 0),
(110, 2, 'Casenotes', 'mynotes', 1),
(111, 3, 'Casenotes', 'mynotes', 0),
(112, 4, 'Casenotes', 'mynotes', 0),
(113, 5, 'Casenotes', 'mynotes', 1),
(114, 6, 'Casenotes', 'mynotes', 0),
(115, 7, 'Casenotes', 'mynotes', 0),
(116, 8, 'Casenotes', 'mynotes', 0),
(117, 9, 'Casenotes', 'mynotes', 0),
(118, 10, 'Casenotes', 'mynotes', 0),
(119, 11, 'Casenotes', 'mynotes', 0),
(120, 12, 'Casenotes', 'mynotes', 0),
(121, 1, 'Casenotes', 'mynotesadd', 0),
(122, 2, 'Casenotes', 'mynotesadd', 1),
(123, 3, 'Casenotes', 'mynotesadd', 0),
(124, 4, 'Casenotes', 'mynotesadd', 0),
(125, 5, 'Casenotes', 'mynotesadd', 1),
(126, 6, 'Casenotes', 'mynotesadd', 0),
(127, 7, 'Casenotes', 'mynotesadd', 0),
(128, 8, 'Casenotes', 'mynotesadd', 0),
(129, 9, 'Casenotes', 'mynotesadd', 0),
(130, 10, 'Casenotes', 'mynotesadd', 0),
(131, 11, 'Casenotes', 'mynotesadd', 0),
(132, 12, 'Casenotes', 'mynotesadd', 0),
(133, 1, 'Docnotes', 'notes', 0),
(134, 2, 'Docnotes', 'notes', 1),
(135, 3, 'Docnotes', 'notes', 0),
(136, 4, 'Docnotes', 'notes', 0),
(137, 5, 'Docnotes', 'notes', 1),
(138, 6, 'Docnotes', 'notes', 0),
(139, 7, 'Docnotes', 'notes', 0),
(140, 8, 'Docnotes', 'notes', 0),
(141, 9, 'Docnotes', 'notes', 0),
(142, 10, 'Docnotes', 'notes', 0),
(143, 11, 'Docnotes', 'notes', 0),
(144, 12, 'Docnotes', 'notes', 0),
(145, 1, 'Docnotes', 'mynotes', 0),
(146, 2, 'Docnotes', 'mynotes', 1),
(147, 3, 'Docnotes', 'mynotes', 0),
(148, 4, 'Docnotes', 'mynotes', 0),
(149, 5, 'Docnotes', 'mynotes', 1),
(150, 6, 'Docnotes', 'mynotes', 0),
(151, 7, 'Docnotes', 'mynotes', 0),
(152, 8, 'Docnotes', 'mynotes', 0),
(153, 9, 'Docnotes', 'mynotes', 0),
(154, 10, 'Docnotes', 'mynotes', 0),
(155, 11, 'Docnotes', 'mynotes', 0),
(156, 12, 'Docnotes', 'mynotes', 0),
(157, 1, 'Documents', 'uploadfile', 0),
(158, 2, 'Documents', 'uploadfile', 1),
(159, 3, 'Documents', 'uploadfile', 0),
(160, 4, 'Documents', 'uploadfile', 0),
(161, 5, 'Documents', 'uploadfile', 0),
(162, 6, 'Documents', 'uploadfile', 0),
(163, 7, 'Documents', 'uploadfile', 0),
(164, 8, 'Documents', 'uploadfile', 0),
(165, 9, 'Documents', 'uploadfile', 0),
(166, 10, 'Documents', 'uploadfile', 0),
(167, 11, 'Documents', 'uploadfile', 0),
(168, 12, 'Documents', 'uploadfile', 0),
(169, 1, 'Addresses', 'index', 0),
(170, 2, 'Addresses', 'index', 0),
(171, 3, 'Addresses', 'index', 0),
(172, 4, 'Addresses', 'index', 0),
(173, 5, 'Addresses', 'index', 1),
(174, 6, 'Addresses', 'index', 0),
(175, 7, 'Addresses', 'index', 0),
(176, 8, 'Addresses', 'index', 0),
(177, 9, 'Addresses', 'index', 0),
(178, 10, 'Addresses', 'index', 0),
(179, 11, 'Addresses', 'index', 0),
(180, 12, 'Addresses', 'index', 0),
(181, 13, 'Addresses', 'index', 1),
(182, 1, 'Addresses', 'view', 0),
(183, 2, 'Addresses', 'view', 0),
(184, 3, 'Addresses', 'view', 0),
(185, 4, 'Addresses', 'view', 0),
(186, 5, 'Addresses', 'view', 1),
(187, 6, 'Addresses', 'view', 0),
(188, 7, 'Addresses', 'view', 0),
(189, 8, 'Addresses', 'view', 0),
(190, 9, 'Addresses', 'view', 0),
(191, 10, 'Addresses', 'view', 0),
(192, 11, 'Addresses', 'view', 0),
(193, 12, 'Addresses', 'view', 0),
(194, 1, 'Addresses', 'add', 0),
(195, 2, 'Addresses', 'add', 0),
(196, 3, 'Addresses', 'add', 0),
(197, 4, 'Addresses', 'add', 0),
(198, 5, 'Addresses', 'add', 1),
(199, 6, 'Addresses', 'add', 0),
(200, 7, 'Addresses', 'add', 0),
(201, 8, 'Addresses', 'add', 0),
(202, 9, 'Addresses', 'add', 0),
(203, 10, 'Addresses', 'add', 0),
(204, 11, 'Addresses', 'add', 0),
(205, 12, 'Addresses', 'add', 0),
(206, 1, 'Addresses', 'edit', 0),
(207, 2, 'Addresses', 'edit', 0),
(208, 3, 'Addresses', 'edit', 0),
(209, 4, 'Addresses', 'edit', 0),
(210, 5, 'Addresses', 'edit', 1),
(211, 6, 'Addresses', 'edit', 0),
(212, 7, 'Addresses', 'edit', 0),
(213, 8, 'Addresses', 'edit', 0),
(214, 9, 'Addresses', 'edit', 0),
(215, 10, 'Addresses', 'edit', 0),
(216, 11, 'Addresses', 'edit', 0),
(217, 12, 'Addresses', 'edit', 0),
(218, 1, 'Addresses', 'delete', 0),
(219, 2, 'Addresses', 'delete', 0),
(220, 3, 'Addresses', 'delete', 0),
(221, 4, 'Addresses', 'delete', 0),
(222, 5, 'Addresses', 'delete', 1),
(223, 6, 'Addresses', 'delete', 0),
(224, 7, 'Addresses', 'delete', 0),
(225, 8, 'Addresses', 'delete', 0),
(226, 9, 'Addresses', 'delete', 0),
(227, 10, 'Addresses', 'delete', 0),
(228, 11, 'Addresses', 'delete', 0),
(229, 12, 'Addresses', 'delete', 0),
(230, 1, 'Ancestortypes', 'index', 0),
(231, 2, 'Ancestortypes', 'index', 0),
(232, 3, 'Ancestortypes', 'index', 0),
(233, 4, 'Ancestortypes', 'index', 0),
(234, 5, 'Ancestortypes', 'index', 1),
(235, 6, 'Ancestortypes', 'index', 0),
(236, 7, 'Ancestortypes', 'index', 0),
(237, 8, 'Ancestortypes', 'index', 0),
(238, 9, 'Ancestortypes', 'index', 0),
(239, 10, 'Ancestortypes', 'index', 0),
(240, 11, 'Ancestortypes', 'index', 0),
(241, 12, 'Ancestortypes', 'index', 0),
(242, 1, 'Ancestortypes', 'view', 0),
(243, 2, 'Ancestortypes', 'view', 0),
(244, 3, 'Ancestortypes', 'view', 0),
(245, 4, 'Ancestortypes', 'view', 0),
(246, 5, 'Ancestortypes', 'view', 1),
(247, 6, 'Ancestortypes', 'view', 0),
(248, 7, 'Ancestortypes', 'view', 0),
(249, 8, 'Ancestortypes', 'view', 0),
(250, 9, 'Ancestortypes', 'view', 0),
(251, 10, 'Ancestortypes', 'view', 0),
(252, 11, 'Ancestortypes', 'view', 0),
(253, 12, 'Ancestortypes', 'view', 0),
(254, 1, 'Ancestortypes', 'add', 0),
(255, 2, 'Ancestortypes', 'add', 0),
(256, 3, 'Ancestortypes', 'add', 0),
(257, 4, 'Ancestortypes', 'add', 0),
(258, 5, 'Ancestortypes', 'add', 1),
(259, 6, 'Ancestortypes', 'add', 0),
(260, 7, 'Ancestortypes', 'add', 0),
(261, 8, 'Ancestortypes', 'add', 0),
(262, 9, 'Ancestortypes', 'add', 0),
(263, 10, 'Ancestortypes', 'add', 0),
(264, 11, 'Ancestortypes', 'add', 0),
(265, 12, 'Ancestortypes', 'add', 0),
(266, 1, 'Ancestortypes', 'edit', 0),
(267, 2, 'Ancestortypes', 'edit', 0),
(268, 3, 'Ancestortypes', 'edit', 0),
(269, 4, 'Ancestortypes', 'edit', 0),
(270, 5, 'Ancestortypes', 'edit', 1),
(271, 6, 'Ancestortypes', 'edit', 0),
(272, 7, 'Ancestortypes', 'edit', 0),
(273, 8, 'Ancestortypes', 'edit', 0),
(274, 9, 'Ancestortypes', 'edit', 0),
(275, 10, 'Ancestortypes', 'edit', 0),
(276, 11, 'Ancestortypes', 'edit', 0),
(277, 12, 'Ancestortypes', 'edit', 0),
(278, 1, 'Ancestortypes', 'delete', 0),
(279, 2, 'Ancestortypes', 'delete', 0),
(280, 3, 'Ancestortypes', 'delete', 0),
(281, 4, 'Ancestortypes', 'delete', 0),
(282, 5, 'Ancestortypes', 'delete', 1),
(283, 6, 'Ancestortypes', 'delete', 0),
(284, 7, 'Ancestortypes', 'delete', 0),
(285, 8, 'Ancestortypes', 'delete', 0),
(286, 9, 'Ancestortypes', 'delete', 0),
(287, 10, 'Ancestortypes', 'delete', 0),
(288, 11, 'Ancestortypes', 'delete', 0),
(289, 12, 'Ancestortypes', 'delete', 0),
(290, 1, 'Applicants', 'index', 0),
(291, 2, 'Applicants', 'index', 0),
(292, 3, 'Applicants', 'index', 0),
(293, 4, 'Applicants', 'index', 0),
(294, 5, 'Applicants', 'index', 1),
(295, 6, 'Applicants', 'index', 0),
(296, 7, 'Applicants', 'index', 0),
(297, 8, 'Applicants', 'index', 0),
(298, 9, 'Applicants', 'index', 0),
(299, 10, 'Applicants', 'index', 0),
(300, 11, 'Applicants', 'index', 0),
(301, 12, 'Applicants', 'index', 0),
(302, 1, 'Applicants', 'view', 0),
(303, 2, 'Applicants', 'view', 0),
(304, 3, 'Applicants', 'view', 0),
(305, 4, 'Applicants', 'view', 0),
(306, 5, 'Applicants', 'view', 1),
(307, 6, 'Applicants', 'view', 0),
(308, 7, 'Applicants', 'view', 0),
(309, 8, 'Applicants', 'view', 0),
(310, 9, 'Applicants', 'view', 0),
(311, 10, 'Applicants', 'view', 0),
(312, 11, 'Applicants', 'view', 0),
(313, 12, 'Applicants', 'view', 0),
(314, 1, 'Applicants', 'add', 0),
(315, 2, 'Applicants', 'add', 0),
(316, 3, 'Applicants', 'add', 0),
(317, 4, 'Applicants', 'add', 0),
(318, 5, 'Applicants', 'add', 1),
(319, 6, 'Applicants', 'add', 0),
(320, 7, 'Applicants', 'add', 0),
(321, 8, 'Applicants', 'add', 0),
(322, 9, 'Applicants', 'add', 0),
(323, 10, 'Applicants', 'add', 0),
(324, 11, 'Applicants', 'add', 0),
(325, 12, 'Applicants', 'add', 0),
(326, 1, 'Applicants', 'edit', 0),
(327, 2, 'Applicants', 'edit', 0),
(328, 3, 'Applicants', 'edit', 0),
(329, 4, 'Applicants', 'edit', 0),
(330, 5, 'Applicants', 'edit', 1),
(331, 6, 'Applicants', 'edit', 0),
(332, 7, 'Applicants', 'edit', 0),
(333, 8, 'Applicants', 'edit', 0),
(334, 9, 'Applicants', 'edit', 0),
(335, 10, 'Applicants', 'edit', 0),
(336, 11, 'Applicants', 'edit', 0),
(337, 12, 'Applicants', 'edit', 0),
(338, 1, 'Applicants', 'delete', 0),
(339, 2, 'Applicants', 'delete', 0),
(340, 3, 'Applicants', 'delete', 0),
(341, 4, 'Applicants', 'delete', 0),
(342, 5, 'Applicants', 'delete', 1),
(343, 6, 'Applicants', 'delete', 0),
(344, 7, 'Applicants', 'delete', 0),
(345, 8, 'Applicants', 'delete', 0),
(346, 9, 'Applicants', 'delete', 0),
(347, 10, 'Applicants', 'delete', 0),
(348, 11, 'Applicants', 'delete', 0),
(349, 12, 'Applicants', 'delete', 0),
(350, 1, 'Archiveloans', 'index', 0),
(351, 2, 'Archiveloans', 'index', 0),
(352, 3, 'Archiveloans', 'index', 0),
(353, 4, 'Archiveloans', 'index', 0),
(354, 5, 'Archiveloans', 'index', 1),
(355, 6, 'Archiveloans', 'index', 0),
(356, 7, 'Archiveloans', 'index', 0),
(357, 8, 'Archiveloans', 'index', 0),
(358, 9, 'Archiveloans', 'index', 0),
(359, 10, 'Archiveloans', 'index', 0),
(360, 11, 'Archiveloans', 'index', 0),
(361, 12, 'Archiveloans', 'index', 0),
(362, 1, 'Archiveloans', 'view', 0),
(363, 2, 'Archiveloans', 'view', 0),
(364, 3, 'Archiveloans', 'view', 0),
(365, 4, 'Archiveloans', 'view', 0),
(366, 5, 'Archiveloans', 'view', 1),
(367, 6, 'Archiveloans', 'view', 0),
(368, 7, 'Archiveloans', 'view', 0),
(369, 8, 'Archiveloans', 'view', 0),
(370, 9, 'Archiveloans', 'view', 0),
(371, 10, 'Archiveloans', 'view', 0),
(372, 11, 'Archiveloans', 'view', 0),
(373, 12, 'Archiveloans', 'view', 0),
(374, 1, 'Archiveloans', 'add', 0),
(375, 2, 'Archiveloans', 'add', 0),
(376, 3, 'Archiveloans', 'add', 0),
(377, 4, 'Archiveloans', 'add', 0),
(378, 5, 'Archiveloans', 'add', 1),
(379, 6, 'Archiveloans', 'add', 0),
(380, 7, 'Archiveloans', 'add', 0),
(381, 8, 'Archiveloans', 'add', 0),
(382, 9, 'Archiveloans', 'add', 0),
(383, 10, 'Archiveloans', 'add', 0),
(384, 11, 'Archiveloans', 'add', 0),
(385, 12, 'Archiveloans', 'add', 0),
(386, 1, 'Archiveloans', 'edit', 0),
(387, 2, 'Archiveloans', 'edit', 0),
(388, 3, 'Archiveloans', 'edit', 0),
(389, 4, 'Archiveloans', 'edit', 0),
(390, 5, 'Archiveloans', 'edit', 1),
(391, 6, 'Archiveloans', 'edit', 0),
(392, 7, 'Archiveloans', 'edit', 0),
(393, 8, 'Archiveloans', 'edit', 0),
(394, 9, 'Archiveloans', 'edit', 0),
(395, 10, 'Archiveloans', 'edit', 0),
(396, 11, 'Archiveloans', 'edit', 0),
(397, 12, 'Archiveloans', 'edit', 0),
(398, 1, 'Archiveloans', 'delete', 0),
(399, 2, 'Archiveloans', 'delete', 0),
(400, 3, 'Archiveloans', 'delete', 0),
(401, 4, 'Archiveloans', 'delete', 0),
(402, 5, 'Archiveloans', 'delete', 1),
(403, 6, 'Archiveloans', 'delete', 0),
(404, 7, 'Archiveloans', 'delete', 0),
(405, 8, 'Archiveloans', 'delete', 0),
(406, 9, 'Archiveloans', 'delete', 0),
(407, 10, 'Archiveloans', 'delete', 0),
(408, 11, 'Archiveloans', 'delete', 0),
(409, 12, 'Archiveloans', 'delete', 0),
(410, 1, 'Archives', 'index', 0),
(411, 2, 'Archives', 'index', 0),
(412, 3, 'Archives', 'index', 0),
(413, 4, 'Archives', 'index', 0),
(414, 5, 'Archives', 'index', 1),
(415, 6, 'Archives', 'index', 0),
(416, 7, 'Archives', 'index', 0),
(417, 8, 'Archives', 'index', 0),
(418, 9, 'Archives', 'index', 0),
(419, 10, 'Archives', 'index', 0),
(420, 11, 'Archives', 'index', 0),
(421, 12, 'Archives', 'index', 0),
(422, 1, 'Archives', 'view', 0),
(423, 2, 'Archives', 'view', 0),
(424, 3, 'Archives', 'view', 0),
(425, 4, 'Archives', 'view', 0),
(426, 5, 'Archives', 'view', 1),
(427, 6, 'Archives', 'view', 0),
(428, 7, 'Archives', 'view', 0),
(429, 8, 'Archives', 'view', 0),
(430, 9, 'Archives', 'view', 0),
(431, 10, 'Archives', 'view', 0),
(432, 11, 'Archives', 'view', 0),
(433, 12, 'Archives', 'view', 0),
(434, 1, 'Archives', 'add', 0),
(435, 2, 'Archives', 'add', 0),
(436, 3, 'Archives', 'add', 0),
(437, 4, 'Archives', 'add', 0),
(438, 5, 'Archives', 'add', 1),
(439, 6, 'Archives', 'add', 0),
(440, 7, 'Archives', 'add', 0),
(441, 8, 'Archives', 'add', 0),
(442, 9, 'Archives', 'add', 0),
(443, 10, 'Archives', 'add', 0),
(444, 11, 'Archives', 'add', 0),
(445, 12, 'Archives', 'add', 0),
(446, 1, 'Archives', 'edit', 0),
(447, 2, 'Archives', 'edit', 0),
(448, 3, 'Archives', 'edit', 0),
(449, 4, 'Archives', 'edit', 0),
(450, 5, 'Archives', 'edit', 1),
(451, 6, 'Archives', 'edit', 0),
(452, 7, 'Archives', 'edit', 0),
(453, 8, 'Archives', 'edit', 0),
(454, 9, 'Archives', 'edit', 0),
(455, 10, 'Archives', 'edit', 0),
(456, 11, 'Archives', 'edit', 0),
(457, 12, 'Archives', 'edit', 0),
(458, 1, 'Archives', 'generateArchive', 0),
(459, 2, 'Archives', 'generateArchive', 0),
(460, 3, 'Archives', 'generateArchive', 0),
(461, 4, 'Archives', 'generateArchive', 0),
(462, 5, 'Archives', 'generateArchive', 1),
(463, 6, 'Archives', 'generateArchive', 0),
(464, 7, 'Archives', 'generateArchive', 0),
(465, 8, 'Archives', 'generateArchive', 0),
(466, 9, 'Archives', 'generateArchive', 0),
(467, 10, 'Archives', 'generateArchive', 0),
(468, 11, 'Archives', 'generateArchive', 0),
(469, 12, 'Archives', 'generateArchive', 0),
(470, 1, 'Archives', 'delete', 0),
(471, 2, 'Archives', 'delete', 0),
(472, 3, 'Archives', 'delete', 0),
(473, 4, 'Archives', 'delete', 0),
(474, 5, 'Archives', 'delete', 1),
(475, 6, 'Archives', 'delete', 0),
(476, 7, 'Archives', 'delete', 0),
(477, 8, 'Archives', 'delete', 0),
(478, 9, 'Archives', 'delete', 0),
(479, 10, 'Archives', 'delete', 0),
(480, 11, 'Archives', 'delete', 0),
(481, 12, 'Archives', 'delete', 0),
(482, 1, 'Casenotes', 'index', 0),
(483, 2, 'Casenotes', 'index', 0),
(484, 3, 'Casenotes', 'index', 0),
(485, 4, 'Casenotes', 'index', 0),
(486, 5, 'Casenotes', 'index', 1),
(487, 6, 'Casenotes', 'index', 0),
(488, 7, 'Casenotes', 'index', 0),
(489, 8, 'Casenotes', 'index', 0),
(490, 9, 'Casenotes', 'index', 0),
(491, 10, 'Casenotes', 'index', 0),
(492, 11, 'Casenotes', 'index', 0),
(493, 12, 'Casenotes', 'index', 0),
(494, 1, 'Casenotes', 'view', 0),
(495, 2, 'Casenotes', 'view', 0),
(496, 3, 'Casenotes', 'view', 0),
(497, 4, 'Casenotes', 'view', 0),
(498, 5, 'Casenotes', 'view', 1),
(499, 6, 'Casenotes', 'view', 0),
(500, 7, 'Casenotes', 'view', 0),
(501, 8, 'Casenotes', 'view', 0),
(502, 9, 'Casenotes', 'view', 0),
(503, 10, 'Casenotes', 'view', 0),
(504, 11, 'Casenotes', 'view', 0),
(505, 12, 'Casenotes', 'view', 0),
(506, 1, 'Casenotes', 'add', 0),
(507, 2, 'Casenotes', 'add', 0),
(508, 3, 'Casenotes', 'add', 0),
(509, 4, 'Casenotes', 'add', 0),
(510, 5, 'Casenotes', 'add', 1),
(511, 6, 'Casenotes', 'add', 0),
(512, 7, 'Casenotes', 'add', 0),
(513, 8, 'Casenotes', 'add', 0),
(514, 9, 'Casenotes', 'add', 0),
(515, 10, 'Casenotes', 'add', 0),
(516, 11, 'Casenotes', 'add', 0),
(517, 12, 'Casenotes', 'add', 0),
(518, 1, 'Casenotes', 'edit', 0),
(519, 2, 'Casenotes', 'edit', 0),
(520, 3, 'Casenotes', 'edit', 0),
(521, 4, 'Casenotes', 'edit', 0),
(522, 5, 'Casenotes', 'edit', 1),
(523, 6, 'Casenotes', 'edit', 0),
(524, 7, 'Casenotes', 'edit', 0),
(525, 8, 'Casenotes', 'edit', 0),
(526, 9, 'Casenotes', 'edit', 0),
(527, 10, 'Casenotes', 'edit', 0),
(528, 11, 'Casenotes', 'edit', 0),
(529, 12, 'Casenotes', 'edit', 0),
(530, 1, 'Casenotes', 'delete', 0),
(531, 2, 'Casenotes', 'delete', 0),
(532, 3, 'Casenotes', 'delete', 0),
(533, 4, 'Casenotes', 'delete', 0),
(534, 5, 'Casenotes', 'delete', 1),
(535, 6, 'Casenotes', 'delete', 0),
(536, 7, 'Casenotes', 'delete', 0),
(537, 8, 'Casenotes', 'delete', 0),
(538, 9, 'Casenotes', 'delete', 0),
(539, 10, 'Casenotes', 'delete', 0),
(540, 11, 'Casenotes', 'delete', 0),
(541, 12, 'Casenotes', 'delete', 0),
(542, 1, 'Casenotes', 'email', 0),
(543, 2, 'Casenotes', 'email', 0),
(544, 3, 'Casenotes', 'email', 0),
(545, 4, 'Casenotes', 'email', 0),
(546, 5, 'Casenotes', 'email', 1),
(547, 6, 'Casenotes', 'email', 0),
(548, 7, 'Casenotes', 'email', 0),
(549, 8, 'Casenotes', 'email', 0),
(550, 9, 'Casenotes', 'email', 0),
(551, 10, 'Casenotes', 'email', 0),
(552, 11, 'Casenotes', 'email', 0),
(553, 12, 'Casenotes', 'email', 0),
(554, 1, 'Casenotes', 'report', 0),
(555, 2, 'Casenotes', 'report', 0),
(556, 3, 'Casenotes', 'report', 0),
(557, 4, 'Casenotes', 'report', 0),
(558, 5, 'Casenotes', 'report', 1),
(559, 6, 'Casenotes', 'report', 0),
(560, 7, 'Casenotes', 'report', 0),
(561, 8, 'Casenotes', 'report', 0),
(562, 9, 'Casenotes', 'report', 0),
(563, 10, 'Casenotes', 'report', 0),
(564, 11, 'Casenotes', 'report', 0),
(565, 12, 'Casenotes', 'report', 0),
(566, 1, 'Casestatuses', 'index', 0),
(567, 2, 'Casestatuses', 'index', 0),
(568, 3, 'Casestatuses', 'index', 0),
(569, 4, 'Casestatuses', 'index', 0),
(570, 5, 'Casestatuses', 'index', 1),
(571, 6, 'Casestatuses', 'index', 0),
(572, 7, 'Casestatuses', 'index', 0),
(573, 8, 'Casestatuses', 'index', 0),
(574, 9, 'Casestatuses', 'index', 0),
(575, 10, 'Casestatuses', 'index', 0),
(576, 11, 'Casestatuses', 'index', 0),
(577, 12, 'Casestatuses', 'index', 0),
(578, 1, 'Casestatuses', 'view', 0),
(579, 2, 'Casestatuses', 'view', 0),
(580, 3, 'Casestatuses', 'view', 0),
(581, 4, 'Casestatuses', 'view', 0),
(582, 5, 'Casestatuses', 'view', 1),
(583, 6, 'Casestatuses', 'view', 0),
(584, 7, 'Casestatuses', 'view', 0),
(585, 8, 'Casestatuses', 'view', 0),
(586, 9, 'Casestatuses', 'view', 0),
(587, 10, 'Casestatuses', 'view', 0),
(588, 11, 'Casestatuses', 'view', 0),
(589, 12, 'Casestatuses', 'view', 0),
(590, 1, 'Casestatuses', 'add', 0),
(591, 2, 'Casestatuses', 'add', 0),
(592, 3, 'Casestatuses', 'add', 0),
(593, 4, 'Casestatuses', 'add', 0),
(594, 5, 'Casestatuses', 'add', 1),
(595, 6, 'Casestatuses', 'add', 0),
(596, 7, 'Casestatuses', 'add', 0),
(597, 8, 'Casestatuses', 'add', 0),
(598, 9, 'Casestatuses', 'add', 0),
(599, 10, 'Casestatuses', 'add', 0),
(600, 11, 'Casestatuses', 'add', 0),
(601, 12, 'Casestatuses', 'add', 0),
(602, 1, 'Casestatuses', 'edit', 0),
(603, 2, 'Casestatuses', 'edit', 0),
(604, 3, 'Casestatuses', 'edit', 0),
(605, 4, 'Casestatuses', 'edit', 0),
(606, 5, 'Casestatuses', 'edit', 1),
(607, 6, 'Casestatuses', 'edit', 0),
(608, 7, 'Casestatuses', 'edit', 0),
(609, 8, 'Casestatuses', 'edit', 0),
(610, 9, 'Casestatuses', 'edit', 0),
(611, 10, 'Casestatuses', 'edit', 0),
(612, 11, 'Casestatuses', 'edit', 0),
(613, 12, 'Casestatuses', 'edit', 0),
(614, 1, 'Casestatuses', 'delete', 0),
(615, 2, 'Casestatuses', 'delete', 0),
(616, 3, 'Casestatuses', 'delete', 0),
(617, 4, 'Casestatuses', 'delete', 0),
(618, 5, 'Casestatuses', 'delete', 1),
(619, 6, 'Casestatuses', 'delete', 0),
(620, 7, 'Casestatuses', 'delete', 0),
(621, 8, 'Casestatuses', 'delete', 0),
(622, 9, 'Casestatuses', 'delete', 0),
(623, 10, 'Casestatuses', 'delete', 0),
(624, 11, 'Casestatuses', 'delete', 0),
(625, 12, 'Casestatuses', 'delete', 0),
(626, 1, 'Casestatuses', 'updatestatus', 0),
(627, 2, 'Casestatuses', 'updatestatus', 0),
(628, 3, 'Casestatuses', 'updatestatus', 0),
(629, 4, 'Casestatuses', 'updatestatus', 0),
(630, 5, 'Casestatuses', 'updatestatus', 1),
(631, 6, 'Casestatuses', 'updatestatus', 0),
(632, 7, 'Casestatuses', 'updatestatus', 0),
(633, 8, 'Casestatuses', 'updatestatus', 0),
(634, 9, 'Casestatuses', 'updatestatus', 0),
(635, 10, 'Casestatuses', 'updatestatus', 0),
(636, 11, 'Casestatuses', 'updatestatus', 0),
(637, 12, 'Casestatuses', 'updatestatus', 0),
(638, 1, 'Clientcases', 'index', 0),
(639, 2, 'Clientcases', 'index', 0),
(640, 3, 'Clientcases', 'index', 0),
(641, 4, 'Clientcases', 'index', 0),
(642, 5, 'Clientcases', 'index', 1),
(643, 6, 'Clientcases', 'index', 0),
(644, 7, 'Clientcases', 'index', 0),
(645, 8, 'Clientcases', 'index', 0),
(646, 9, 'Clientcases', 'index', 0),
(647, 10, 'Clientcases', 'index', 0),
(648, 11, 'Clientcases', 'index', 0),
(649, 12, 'Clientcases', 'index', 0),
(650, 1, 'Clientcases', 'view', 0),
(651, 2, 'Clientcases', 'view', 0),
(652, 3, 'Clientcases', 'view', 0),
(653, 4, 'Clientcases', 'view', 0),
(654, 5, 'Clientcases', 'view', 1),
(655, 6, 'Clientcases', 'view', 0),
(656, 7, 'Clientcases', 'view', 0),
(657, 8, 'Clientcases', 'view', 0),
(658, 9, 'Clientcases', 'view', 0),
(659, 10, 'Clientcases', 'view', 0),
(660, 11, 'Clientcases', 'view', 0),
(661, 12, 'Clientcases', 'view', 0),
(662, 1, 'Clientcases', 'denied', 0),
(663, 2, 'Clientcases', 'denied', 0),
(664, 3, 'Clientcases', 'denied', 0),
(665, 4, 'Clientcases', 'denied', 0),
(666, 5, 'Clientcases', 'denied', 1),
(667, 6, 'Clientcases', 'denied', 0),
(668, 7, 'Clientcases', 'denied', 0),
(669, 8, 'Clientcases', 'denied', 0),
(670, 9, 'Clientcases', 'denied', 0),
(671, 10, 'Clientcases', 'denied', 0),
(672, 11, 'Clientcases', 'denied', 0),
(673, 12, 'Clientcases', 'denied', 0),
(674, 1, 'Clientcases', 'statustest', 0),
(675, 2, 'Clientcases', 'statustest', 0),
(676, 3, 'Clientcases', 'statustest', 0),
(677, 4, 'Clientcases', 'statustest', 0),
(678, 5, 'Clientcases', 'statustest', 1),
(679, 6, 'Clientcases', 'statustest', 0),
(680, 7, 'Clientcases', 'statustest', 0),
(681, 8, 'Clientcases', 'statustest', 0),
(682, 9, 'Clientcases', 'statustest', 0),
(683, 10, 'Clientcases', 'statustest', 0),
(684, 11, 'Clientcases', 'statustest', 0),
(685, 12, 'Clientcases', 'statustest', 0),
(686, 1, 'Clientcases', 'updatestatus', 0),
(687, 2, 'Clientcases', 'updatestatus', 0),
(688, 3, 'Clientcases', 'updatestatus', 0),
(689, 4, 'Clientcases', 'updatestatus', 0),
(690, 5, 'Clientcases', 'updatestatus', 1),
(691, 6, 'Clientcases', 'updatestatus', 0),
(692, 7, 'Clientcases', 'updatestatus', 0),
(693, 8, 'Clientcases', 'updatestatus', 0),
(694, 9, 'Clientcases', 'updatestatus', 0),
(695, 10, 'Clientcases', 'updatestatus', 0),
(696, 11, 'Clientcases', 'updatestatus', 0),
(697, 12, 'Clientcases', 'updatestatus', 0),
(698, 1, 'Clientcases', 'editAppointmentDate', 0),
(699, 2, 'Clientcases', 'editAppointmentDate', 0),
(700, 3, 'Clientcases', 'editAppointmentDate', 0),
(701, 4, 'Clientcases', 'editAppointmentDate', 0),
(702, 5, 'Clientcases', 'editAppointmentDate', 1),
(703, 6, 'Clientcases', 'editAppointmentDate', 0),
(704, 7, 'Clientcases', 'editAppointmentDate', 0),
(705, 8, 'Clientcases', 'editAppointmentDate', 0),
(706, 9, 'Clientcases', 'editAppointmentDate', 0),
(707, 10, 'Clientcases', 'editAppointmentDate', 0),
(708, 11, 'Clientcases', 'editAppointmentDate', 0),
(709, 12, 'Clientcases', 'editAppointmentDate', 0),
(710, 1, 'Clientcases', 'updateAppointmentDate', 0),
(711, 2, 'Clientcases', 'updateAppointmentDate', 0),
(712, 3, 'Clientcases', 'updateAppointmentDate', 0),
(713, 4, 'Clientcases', 'updateAppointmentDate', 0),
(714, 5, 'Clientcases', 'updateAppointmentDate', 1),
(715, 6, 'Clientcases', 'updateAppointmentDate', 0),
(716, 7, 'Clientcases', 'updateAppointmentDate', 0),
(717, 8, 'Clientcases', 'updateAppointmentDate', 0),
(718, 9, 'Clientcases', 'updateAppointmentDate', 0),
(719, 10, 'Clientcases', 'updateAppointmentDate', 0),
(720, 11, 'Clientcases', 'updateAppointmentDate', 0),
(721, 12, 'Clientcases', 'updateAppointmentDate', 0),
(722, 1, 'Clientcases', 'changeMainApplicant', 0),
(723, 2, 'Clientcases', 'changeMainApplicant', 0),
(724, 3, 'Clientcases', 'changeMainApplicant', 0),
(725, 4, 'Clientcases', 'changeMainApplicant', 0),
(726, 5, 'Clientcases', 'changeMainApplicant', 1),
(727, 6, 'Clientcases', 'changeMainApplicant', 0),
(728, 7, 'Clientcases', 'changeMainApplicant', 0),
(729, 8, 'Clientcases', 'changeMainApplicant', 0),
(730, 9, 'Clientcases', 'changeMainApplicant', 0),
(731, 10, 'Clientcases', 'changeMainApplicant', 0),
(732, 11, 'Clientcases', 'changeMainApplicant', 0),
(733, 12, 'Clientcases', 'changeMainApplicant', 0),
(734, 1, 'Clientcases', 'updateOpenClose', 0),
(735, 2, 'Clientcases', 'updateOpenClose', 0),
(736, 3, 'Clientcases', 'updateOpenClose', 0),
(737, 4, 'Clientcases', 'updateOpenClose', 0),
(738, 5, 'Clientcases', 'updateOpenClose', 1),
(739, 6, 'Clientcases', 'updateOpenClose', 0),
(740, 7, 'Clientcases', 'updateOpenClose', 0),
(741, 8, 'Clientcases', 'updateOpenClose', 0),
(742, 9, 'Clientcases', 'updateOpenClose', 0),
(743, 10, 'Clientcases', 'updateOpenClose', 0),
(744, 11, 'Clientcases', 'updateOpenClose', 0),
(745, 12, 'Clientcases', 'updateOpenClose', 0),
(746, 1, 'Clientcases', 'add', 0),
(747, 2, 'Clientcases', 'add', 0),
(748, 3, 'Clientcases', 'add', 0),
(749, 4, 'Clientcases', 'add', 0),
(750, 5, 'Clientcases', 'add', 1),
(751, 6, 'Clientcases', 'add', 0),
(752, 7, 'Clientcases', 'add', 0),
(753, 8, 'Clientcases', 'add', 0),
(754, 9, 'Clientcases', 'add', 0),
(755, 10, 'Clientcases', 'add', 0),
(756, 11, 'Clientcases', 'add', 0),
(757, 12, 'Clientcases', 'add', 0),
(758, 1, 'Clientcases', 'edit', 0),
(759, 2, 'Clientcases', 'edit', 0),
(760, 3, 'Clientcases', 'edit', 0),
(761, 4, 'Clientcases', 'edit', 0),
(762, 5, 'Clientcases', 'edit', 1),
(763, 6, 'Clientcases', 'edit', 0),
(764, 7, 'Clientcases', 'edit', 0),
(765, 8, 'Clientcases', 'edit', 0),
(766, 9, 'Clientcases', 'edit', 0),
(767, 10, 'Clientcases', 'edit', 0),
(768, 11, 'Clientcases', 'edit', 0),
(769, 12, 'Clientcases', 'edit', 0),
(770, 1, 'Clientcases', 'delete', 0),
(771, 2, 'Clientcases', 'delete', 0),
(772, 3, 'Clientcases', 'delete', 0),
(773, 4, 'Clientcases', 'delete', 0),
(774, 5, 'Clientcases', 'delete', 1),
(775, 6, 'Clientcases', 'delete', 0),
(776, 7, 'Clientcases', 'delete', 0),
(777, 8, 'Clientcases', 'delete', 0),
(778, 9, 'Clientcases', 'delete', 0),
(779, 10, 'Clientcases', 'delete', 0),
(780, 11, 'Clientcases', 'delete', 0),
(781, 12, 'Clientcases', 'delete', 0),
(782, 1, 'Clientcases', 'merge', 0),
(783, 2, 'Clientcases', 'merge', 0),
(784, 3, 'Clientcases', 'merge', 0),
(785, 4, 'Clientcases', 'merge', 0),
(786, 5, 'Clientcases', 'merge', 1),
(787, 6, 'Clientcases', 'merge', 0),
(788, 7, 'Clientcases', 'merge', 0),
(789, 8, 'Clientcases', 'merge', 0),
(790, 9, 'Clientcases', 'merge', 0),
(791, 10, 'Clientcases', 'merge', 0),
(792, 11, 'Clientcases', 'merge', 0),
(793, 12, 'Clientcases', 'merge', 0),
(794, 1, 'Clientcases', 'performmerge', 0),
(795, 2, 'Clientcases', 'performmerge', 0),
(796, 3, 'Clientcases', 'performmerge', 0),
(797, 4, 'Clientcases', 'performmerge', 0),
(798, 5, 'Clientcases', 'performmerge', 1),
(799, 6, 'Clientcases', 'performmerge', 0),
(800, 7, 'Clientcases', 'performmerge', 0),
(801, 8, 'Clientcases', 'performmerge', 0),
(802, 9, 'Clientcases', 'performmerge', 0),
(803, 10, 'Clientcases', 'performmerge', 0),
(804, 11, 'Clientcases', 'performmerge', 0),
(805, 12, 'Clientcases', 'performmerge', 0),
(806, 1, 'Clientcases', 'reporting', 0),
(807, 2, 'Clientcases', 'reporting', 0),
(808, 3, 'Clientcases', 'reporting', 0),
(809, 4, 'Clientcases', 'reporting', 0),
(810, 5, 'Clientcases', 'reporting', 1),
(811, 6, 'Clientcases', 'reporting', 0),
(812, 7, 'Clientcases', 'reporting', 0),
(813, 8, 'Clientcases', 'reporting', 0),
(814, 9, 'Clientcases', 'reporting', 0),
(815, 10, 'Clientcases', 'reporting', 0),
(816, 11, 'Clientcases', 'reporting', 0),
(817, 12, 'Clientcases', 'reporting', 0),
(818, 1, 'Clientcases', 'report', 0),
(819, 2, 'Clientcases', 'report', 0),
(820, 3, 'Clientcases', 'report', 0),
(821, 4, 'Clientcases', 'report', 0),
(822, 5, 'Clientcases', 'report', 1),
(823, 6, 'Clientcases', 'report', 0),
(824, 7, 'Clientcases', 'report', 0),
(825, 8, 'Clientcases', 'report', 0),
(826, 9, 'Clientcases', 'report', 0),
(827, 10, 'Clientcases', 'report', 0),
(828, 11, 'Clientcases', 'report', 0),
(829, 12, 'Clientcases', 'report', 0),
(830, 1, 'Clientcases', 'report2', 0),
(831, 2, 'Clientcases', 'report2', 0),
(832, 3, 'Clientcases', 'report2', 0),
(833, 4, 'Clientcases', 'report2', 0),
(834, 5, 'Clientcases', 'report2', 1),
(835, 6, 'Clientcases', 'report2', 0),
(836, 7, 'Clientcases', 'report2', 0),
(837, 8, 'Clientcases', 'report2', 0),
(838, 9, 'Clientcases', 'report2', 0),
(839, 10, 'Clientcases', 'report2', 0),
(840, 11, 'Clientcases', 'report2', 0),
(841, 12, 'Clientcases', 'report2', 0),
(842, 1, 'Clientcases', 'report3', 0),
(843, 2, 'Clientcases', 'report3', 0),
(844, 3, 'Clientcases', 'report3', 0),
(845, 4, 'Clientcases', 'report3', 0),
(846, 5, 'Clientcases', 'report3', 1),
(847, 6, 'Clientcases', 'report3', 0),
(848, 7, 'Clientcases', 'report3', 0),
(849, 8, 'Clientcases', 'report3', 0),
(850, 9, 'Clientcases', 'report3', 0),
(851, 10, 'Clientcases', 'report3', 0),
(852, 11, 'Clientcases', 'report3', 0),
(853, 12, 'Clientcases', 'report3', 0),
(854, 1, 'Clientcases', 'report4', 0),
(855, 2, 'Clientcases', 'report4', 0),
(856, 3, 'Clientcases', 'report4', 0),
(857, 4, 'Clientcases', 'report4', 0),
(858, 5, 'Clientcases', 'report4', 1),
(859, 6, 'Clientcases', 'report4', 0),
(860, 7, 'Clientcases', 'report4', 0),
(861, 8, 'Clientcases', 'report4', 0),
(862, 9, 'Clientcases', 'report4', 0),
(863, 10, 'Clientcases', 'report4', 0),
(864, 11, 'Clientcases', 'report4', 0),
(865, 12, 'Clientcases', 'report4', 0),
(866, 1, 'Clientcases', 'report5', 0),
(867, 2, 'Clientcases', 'report5', 0),
(868, 3, 'Clientcases', 'report5', 0),
(869, 4, 'Clientcases', 'report5', 0),
(870, 5, 'Clientcases', 'report5', 1),
(871, 6, 'Clientcases', 'report5', 0),
(872, 7, 'Clientcases', 'report5', 0),
(873, 8, 'Clientcases', 'report5', 0),
(874, 9, 'Clientcases', 'report5', 0),
(875, 10, 'Clientcases', 'report5', 0),
(876, 11, 'Clientcases', 'report5', 0),
(877, 12, 'Clientcases', 'report5', 0),
(878, 1, 'Countries', 'index', 0),
(879, 2, 'Countries', 'index', 0),
(880, 3, 'Countries', 'index', 0),
(881, 4, 'Countries', 'index', 0),
(882, 5, 'Countries', 'index', 1),
(883, 6, 'Countries', 'index', 0),
(884, 7, 'Countries', 'index', 0),
(885, 8, 'Countries', 'index', 0),
(886, 9, 'Countries', 'index', 0),
(887, 10, 'Countries', 'index', 0),
(888, 11, 'Countries', 'index', 0),
(889, 12, 'Countries', 'index', 0),
(890, 1, 'Countries', 'view', 0),
(891, 2, 'Countries', 'view', 0),
(892, 3, 'Countries', 'view', 0),
(893, 4, 'Countries', 'view', 0),
(894, 5, 'Countries', 'view', 1),
(895, 6, 'Countries', 'view', 0),
(896, 7, 'Countries', 'view', 0),
(897, 8, 'Countries', 'view', 0),
(898, 9, 'Countries', 'view', 0),
(899, 10, 'Countries', 'view', 0),
(900, 11, 'Countries', 'view', 0),
(901, 12, 'Countries', 'view', 0),
(902, 1, 'Countries', 'add', 0),
(903, 2, 'Countries', 'add', 0),
(904, 3, 'Countries', 'add', 0),
(905, 4, 'Countries', 'add', 0),
(906, 5, 'Countries', 'add', 1),
(907, 6, 'Countries', 'add', 0),
(908, 7, 'Countries', 'add', 0),
(909, 8, 'Countries', 'add', 0),
(910, 9, 'Countries', 'add', 0),
(911, 10, 'Countries', 'add', 0),
(912, 11, 'Countries', 'add', 0),
(913, 12, 'Countries', 'add', 0),
(914, 1, 'Countries', 'edit', 0),
(915, 2, 'Countries', 'edit', 0),
(916, 3, 'Countries', 'edit', 0),
(917, 4, 'Countries', 'edit', 0),
(918, 5, 'Countries', 'edit', 1),
(919, 6, 'Countries', 'edit', 0),
(920, 7, 'Countries', 'edit', 0),
(921, 8, 'Countries', 'edit', 0),
(922, 9, 'Countries', 'edit', 0),
(923, 10, 'Countries', 'edit', 0),
(924, 11, 'Countries', 'edit', 0),
(925, 12, 'Countries', 'edit', 0),
(926, 1, 'Countries', 'delete', 0),
(927, 2, 'Countries', 'delete', 0),
(928, 3, 'Countries', 'delete', 0),
(929, 4, 'Countries', 'delete', 0),
(930, 5, 'Countries', 'delete', 1),
(931, 6, 'Countries', 'delete', 0),
(932, 7, 'Countries', 'delete', 0),
(933, 8, 'Countries', 'delete', 0),
(934, 9, 'Countries', 'delete', 0),
(935, 10, 'Countries', 'delete', 0),
(936, 11, 'Countries', 'delete', 0),
(937, 12, 'Countries', 'delete', 0),
(938, 1, 'Docnotes', 'index', 0),
(939, 2, 'Docnotes', 'index', 0),
(940, 3, 'Docnotes', 'index', 0),
(941, 4, 'Docnotes', 'index', 0),
(942, 5, 'Docnotes', 'index', 1),
(943, 6, 'Docnotes', 'index', 0),
(944, 7, 'Docnotes', 'index', 0),
(945, 8, 'Docnotes', 'index', 0),
(946, 9, 'Docnotes', 'index', 0),
(947, 10, 'Docnotes', 'index', 0),
(948, 11, 'Docnotes', 'index', 0),
(949, 12, 'Docnotes', 'index', 0),
(950, 1, 'Docnotes', 'view', 0),
(951, 2, 'Docnotes', 'view', 0),
(952, 3, 'Docnotes', 'view', 0),
(953, 4, 'Docnotes', 'view', 0),
(954, 5, 'Docnotes', 'view', 1),
(955, 6, 'Docnotes', 'view', 0),
(956, 7, 'Docnotes', 'view', 0),
(957, 8, 'Docnotes', 'view', 0),
(958, 9, 'Docnotes', 'view', 0),
(959, 10, 'Docnotes', 'view', 0),
(960, 11, 'Docnotes', 'view', 0),
(961, 12, 'Docnotes', 'view', 0),
(962, 1, 'Docnotes', 'add', 0),
(963, 2, 'Docnotes', 'add', 0),
(964, 3, 'Docnotes', 'add', 0),
(965, 4, 'Docnotes', 'add', 0),
(966, 5, 'Docnotes', 'add', 1),
(967, 6, 'Docnotes', 'add', 0),
(968, 7, 'Docnotes', 'add', 0),
(969, 8, 'Docnotes', 'add', 0),
(970, 9, 'Docnotes', 'add', 0),
(971, 10, 'Docnotes', 'add', 0),
(972, 11, 'Docnotes', 'add', 0),
(973, 12, 'Docnotes', 'add', 0),
(974, 1, 'Docnotes', 'edit', 0),
(975, 2, 'Docnotes', 'edit', 0),
(976, 3, 'Docnotes', 'edit', 0),
(977, 4, 'Docnotes', 'edit', 0),
(978, 5, 'Docnotes', 'edit', 1),
(979, 6, 'Docnotes', 'edit', 0),
(980, 7, 'Docnotes', 'edit', 0),
(981, 8, 'Docnotes', 'edit', 0),
(982, 9, 'Docnotes', 'edit', 0),
(983, 10, 'Docnotes', 'edit', 0),
(984, 11, 'Docnotes', 'edit', 0),
(985, 12, 'Docnotes', 'edit', 0),
(986, 1, 'Docnotes', 'delete', 0),
(987, 2, 'Docnotes', 'delete', 0),
(988, 3, 'Docnotes', 'delete', 0),
(989, 4, 'Docnotes', 'delete', 0),
(990, 5, 'Docnotes', 'delete', 1),
(991, 6, 'Docnotes', 'delete', 0),
(992, 7, 'Docnotes', 'delete', 0),
(993, 8, 'Docnotes', 'delete', 0),
(994, 9, 'Docnotes', 'delete', 0),
(995, 10, 'Docnotes', 'delete', 0),
(996, 11, 'Docnotes', 'delete', 0),
(997, 12, 'Docnotes', 'delete', 0),
(998, 1, 'Docnotes', 'report', 0),
(999, 2, 'Docnotes', 'report', 0),
(1000, 3, 'Docnotes', 'report', 0),
(1001, 4, 'Docnotes', 'report', 0),
(1002, 5, 'Docnotes', 'report', 1),
(1003, 6, 'Docnotes', 'report', 0),
(1004, 7, 'Docnotes', 'report', 0),
(1005, 8, 'Docnotes', 'report', 0),
(1006, 9, 'Docnotes', 'report', 0),
(1007, 10, 'Docnotes', 'report', 0),
(1008, 11, 'Docnotes', 'report', 0),
(1009, 12, 'Docnotes', 'report', 0),
(1010, 1, 'Documents', 'index', 0),
(1011, 2, 'Documents', 'index', 0),
(1012, 3, 'Documents', 'index', 0),
(1013, 4, 'Documents', 'index', 0),
(1014, 5, 'Documents', 'index', 1),
(1015, 6, 'Documents', 'index', 0),
(1016, 7, 'Documents', 'index', 0),
(1017, 8, 'Documents', 'index', 0),
(1018, 9, 'Documents', 'index', 0),
(1019, 10, 'Documents', 'index', 0),
(1020, 11, 'Documents', 'index', 0),
(1021, 12, 'Documents', 'index', 0),
(1022, 4, 'Documents', 'view', 0),
(1023, 5, 'Documents', 'view', 1),
(1024, 6, 'Documents', 'view', 0),
(1025, 7, 'Documents', 'view', 0),
(1026, 8, 'Documents', 'view', 0),
(1027, 9, 'Documents', 'view', 0),
(1028, 10, 'Documents', 'view', 0),
(1029, 11, 'Documents', 'view', 0),
(1030, 12, 'Documents', 'view', 0),
(1031, 4, 'Documents', 'mydocs', 0),
(1032, 5, 'Documents', 'mydocs', 1),
(1033, 6, 'Documents', 'mydocs', 0),
(1034, 7, 'Documents', 'mydocs', 0),
(1035, 8, 'Documents', 'mydocs', 0),
(1036, 9, 'Documents', 'mydocs', 0),
(1037, 10, 'Documents', 'mydocs', 0),
(1038, 11, 'Documents', 'mydocs', 0),
(1039, 12, 'Documents', 'mydocs', 0),
(1040, 1, 'Documents', 'add', 0),
(1041, 2, 'Documents', 'add', 0),
(1042, 3, 'Documents', 'add', 0),
(1043, 4, 'Documents', 'add', 0),
(1044, 5, 'Documents', 'add', 1),
(1045, 6, 'Documents', 'add', 0),
(1046, 7, 'Documents', 'add', 0),
(1047, 8, 'Documents', 'add', 0),
(1048, 9, 'Documents', 'add', 0),
(1049, 10, 'Documents', 'add', 0),
(1050, 11, 'Documents', 'add', 0),
(1051, 12, 'Documents', 'add', 0),
(1052, 4, 'Documents', 'uploadancestor', 0),
(1053, 5, 'Documents', 'uploadancestor', 1),
(1054, 6, 'Documents', 'uploadancestor', 0),
(1055, 7, 'Documents', 'uploadancestor', 0),
(1056, 8, 'Documents', 'uploadancestor', 0),
(1057, 9, 'Documents', 'uploadancestor', 0),
(1058, 10, 'Documents', 'uploadancestor', 0),
(1059, 11, 'Documents', 'uploadancestor', 0),
(1060, 12, 'Documents', 'uploadancestor', 0),
(1061, 4, 'Documents', 'uploadapplicant', 0),
(1062, 5, 'Documents', 'uploadapplicant', 1),
(1063, 6, 'Documents', 'uploadapplicant', 0),
(1064, 7, 'Documents', 'uploadapplicant', 0),
(1065, 8, 'Documents', 'uploadapplicant', 0),
(1066, 9, 'Documents', 'uploadapplicant', 0),
(1067, 10, 'Documents', 'uploadapplicant', 0),
(1068, 11, 'Documents', 'uploadapplicant', 0),
(1069, 12, 'Documents', 'uploadapplicant', 0),
(1070, 1, 'Documents', 'staffuploadan', 0),
(1071, 2, 'Documents', 'staffuploadan', 0),
(1072, 3, 'Documents', 'staffuploadan', 0),
(1073, 4, 'Documents', 'staffuploadan', 0),
(1074, 5, 'Documents', 'staffuploadan', 1),
(1075, 6, 'Documents', 'staffuploadan', 0),
(1076, 7, 'Documents', 'staffuploadan', 0),
(1077, 8, 'Documents', 'staffuploadan', 0),
(1078, 9, 'Documents', 'staffuploadan', 0),
(1079, 10, 'Documents', 'staffuploadan', 0),
(1080, 11, 'Documents', 'staffuploadan', 0),
(1081, 12, 'Documents', 'staffuploadan', 0),
(1082, 1, 'Documents', 'staffuploadapp', 0),
(1083, 2, 'Documents', 'staffuploadapp', 0),
(1084, 3, 'Documents', 'staffuploadapp', 0),
(1085, 4, 'Documents', 'staffuploadapp', 0),
(1086, 5, 'Documents', 'staffuploadapp', 1),
(1087, 6, 'Documents', 'staffuploadapp', 0),
(1088, 7, 'Documents', 'staffuploadapp', 0),
(1089, 8, 'Documents', 'staffuploadapp', 0),
(1090, 9, 'Documents', 'staffuploadapp', 0),
(1091, 10, 'Documents', 'staffuploadapp', 0),
(1092, 11, 'Documents', 'staffuploadapp', 0),
(1093, 12, 'Documents', 'staffuploadapp', 0),
(1094, 1, 'Documents', 'edit', 0),
(1095, 2, 'Documents', 'edit', 0),
(1096, 3, 'Documents', 'edit', 0),
(1097, 4, 'Documents', 'edit', 0),
(1098, 5, 'Documents', 'edit', 1),
(1099, 6, 'Documents', 'edit', 0),
(1100, 7, 'Documents', 'edit', 0),
(1101, 8, 'Documents', 'edit', 0),
(1102, 9, 'Documents', 'edit', 0),
(1103, 10, 'Documents', 'edit', 0),
(1104, 11, 'Documents', 'edit', 0),
(1105, 12, 'Documents', 'edit', 0),
(1106, 1, 'Documents', 'delete', 0),
(1107, 2, 'Documents', 'delete', 0),
(1108, 3, 'Documents', 'delete', 0),
(1109, 4, 'Documents', 'delete', 0),
(1110, 5, 'Documents', 'delete', 1),
(1111, 6, 'Documents', 'delete', 0),
(1112, 7, 'Documents', 'delete', 0),
(1113, 8, 'Documents', 'delete', 0),
(1114, 9, 'Documents', 'delete', 0),
(1115, 10, 'Documents', 'delete', 0),
(1116, 11, 'Documents', 'delete', 0),
(1117, 12, 'Documents', 'delete', 0),
(1118, 4, 'Documents', 'uploadDoc', 0),
(1119, 5, 'Documents', 'uploadDoc', 1),
(1120, 6, 'Documents', 'uploadDoc', 0),
(1121, 7, 'Documents', 'uploadDoc', 0),
(1122, 8, 'Documents', 'uploadDoc', 0),
(1123, 9, 'Documents', 'uploadDoc', 0),
(1124, 10, 'Documents', 'uploadDoc', 0),
(1125, 11, 'Documents', 'uploadDoc', 0),
(1126, 12, 'Documents', 'uploadDoc', 0),
(1127, 4, 'Documents', 'sendFile', 0),
(1128, 5, 'Documents', 'sendFile', 1),
(1129, 6, 'Documents', 'sendFile', 0),
(1130, 7, 'Documents', 'sendFile', 0),
(1131, 8, 'Documents', 'sendFile', 0),
(1132, 9, 'Documents', 'sendFile', 0),
(1133, 10, 'Documents', 'sendFile', 0),
(1134, 11, 'Documents', 'sendFile', 0),
(1135, 12, 'Documents', 'sendFile', 0),
(1136, 1, 'Documents', 'addphydoc', 0),
(1137, 2, 'Documents', 'addphydoc', 0),
(1138, 3, 'Documents', 'addphydoc', 0),
(1139, 4, 'Documents', 'addphydoc', 0),
(1140, 5, 'Documents', 'addphydoc', 1),
(1141, 6, 'Documents', 'addphydoc', 0),
(1142, 7, 'Documents', 'addphydoc', 0),
(1143, 8, 'Documents', 'addphydoc', 0),
(1144, 9, 'Documents', 'addphydoc', 0),
(1145, 10, 'Documents', 'addphydoc', 0),
(1146, 11, 'Documents', 'addphydoc', 0),
(1147, 12, 'Documents', 'addphydoc', 0),
(1148, 1, 'Documents', 'editdate', 0),
(1149, 2, 'Documents', 'editdate', 0),
(1150, 3, 'Documents', 'editdate', 0),
(1151, 4, 'Documents', 'editdate', 0),
(1152, 5, 'Documents', 'editdate', 1),
(1153, 6, 'Documents', 'editdate', 0),
(1154, 7, 'Documents', 'editdate', 0),
(1155, 8, 'Documents', 'editdate', 0),
(1156, 9, 'Documents', 'editdate', 0),
(1157, 10, 'Documents', 'editdate', 0),
(1158, 11, 'Documents', 'editdate', 0),
(1159, 12, 'Documents', 'editdate', 0),
(1160, 1, 'Documents', 'report', 0),
(1161, 2, 'Documents', 'report', 0),
(1162, 3, 'Documents', 'report', 0),
(1163, 4, 'Documents', 'report', 0),
(1164, 5, 'Documents', 'report', 1),
(1165, 6, 'Documents', 'report', 0),
(1166, 7, 'Documents', 'report', 0),
(1167, 8, 'Documents', 'report', 0),
(1168, 9, 'Documents', 'report', 0),
(1169, 10, 'Documents', 'report', 0),
(1170, 11, 'Documents', 'report', 0),
(1171, 12, 'Documents', 'report', 0),
(1172, 1, 'Documenttypes', 'index', 0),
(1173, 2, 'Documenttypes', 'index', 0),
(1174, 3, 'Documenttypes', 'index', 0),
(1175, 4, 'Documenttypes', 'index', 0),
(1176, 5, 'Documenttypes', 'index', 1),
(1177, 6, 'Documenttypes', 'index', 0),
(1178, 7, 'Documenttypes', 'index', 0),
(1179, 8, 'Documenttypes', 'index', 0),
(1180, 9, 'Documenttypes', 'index', 0),
(1181, 10, 'Documenttypes', 'index', 0),
(1182, 11, 'Documenttypes', 'index', 0),
(1183, 12, 'Documenttypes', 'index', 0),
(1184, 1, 'Documenttypes', 'view', 0),
(1185, 2, 'Documenttypes', 'view', 0),
(1186, 3, 'Documenttypes', 'view', 0),
(1187, 4, 'Documenttypes', 'view', 0),
(1188, 5, 'Documenttypes', 'view', 1),
(1189, 6, 'Documenttypes', 'view', 0),
(1190, 7, 'Documenttypes', 'view', 0),
(1191, 8, 'Documenttypes', 'view', 0),
(1192, 9, 'Documenttypes', 'view', 0),
(1193, 10, 'Documenttypes', 'view', 0),
(1194, 11, 'Documenttypes', 'view', 0),
(1195, 12, 'Documenttypes', 'view', 0),
(1196, 1, 'Documenttypes', 'add', 0),
(1197, 2, 'Documenttypes', 'add', 0),
(1198, 3, 'Documenttypes', 'add', 0),
(1199, 4, 'Documenttypes', 'add', 0),
(1200, 5, 'Documenttypes', 'add', 1),
(1201, 6, 'Documenttypes', 'add', 0),
(1202, 7, 'Documenttypes', 'add', 0),
(1203, 8, 'Documenttypes', 'add', 0),
(1204, 9, 'Documenttypes', 'add', 0),
(1205, 10, 'Documenttypes', 'add', 0),
(1206, 11, 'Documenttypes', 'add', 0),
(1207, 12, 'Documenttypes', 'add', 0),
(1208, 1, 'Documenttypes', 'edit', 0),
(1209, 2, 'Documenttypes', 'edit', 0),
(1210, 3, 'Documenttypes', 'edit', 0),
(1211, 4, 'Documenttypes', 'edit', 0),
(1212, 5, 'Documenttypes', 'edit', 1),
(1213, 6, 'Documenttypes', 'edit', 0),
(1214, 7, 'Documenttypes', 'edit', 0),
(1215, 8, 'Documenttypes', 'edit', 0),
(1216, 9, 'Documenttypes', 'edit', 0),
(1217, 10, 'Documenttypes', 'edit', 0),
(1218, 11, 'Documenttypes', 'edit', 0),
(1219, 12, 'Documenttypes', 'edit', 0),
(1220, 1, 'Documenttypes', 'delete', 0),
(1221, 2, 'Documenttypes', 'delete', 0),
(1222, 3, 'Documenttypes', 'delete', 0),
(1223, 4, 'Documenttypes', 'delete', 0),
(1224, 5, 'Documenttypes', 'delete', 1),
(1225, 6, 'Documenttypes', 'delete', 0),
(1226, 7, 'Documenttypes', 'delete', 0),
(1227, 8, 'Documenttypes', 'delete', 0),
(1228, 9, 'Documenttypes', 'delete', 0),
(1229, 10, 'Documenttypes', 'delete', 0),
(1230, 11, 'Documenttypes', 'delete', 0),
(1231, 12, 'Documenttypes', 'delete', 0),
(1232, 1, 'Employees', 'index', 0),
(1233, 2, 'Employees', 'index', 0),
(1234, 3, 'Employees', 'index', 0),
(1235, 4, 'Employees', 'index', 0),
(1236, 5, 'Employees', 'index', 1),
(1237, 6, 'Employees', 'index', 0),
(1238, 7, 'Employees', 'index', 0),
(1239, 8, 'Employees', 'index', 0),
(1240, 9, 'Employees', 'index', 0),
(1241, 10, 'Employees', 'index', 0),
(1242, 11, 'Employees', 'index', 0),
(1243, 12, 'Employees', 'index', 0),
(1244, 1, 'Employees', 'view', 0),
(1245, 2, 'Employees', 'view', 0),
(1246, 3, 'Employees', 'view', 0),
(1247, 4, 'Employees', 'view', 0),
(1248, 5, 'Employees', 'view', 1),
(1249, 6, 'Employees', 'view', 0),
(1250, 7, 'Employees', 'view', 0),
(1251, 8, 'Employees', 'view', 0),
(1252, 9, 'Employees', 'view', 0),
(1253, 10, 'Employees', 'view', 0),
(1254, 11, 'Employees', 'view', 0),
(1255, 12, 'Employees', 'view', 0),
(1256, 1, 'Employees', 'myaccount', 0),
(1257, 2, 'Employees', 'myaccount', 0),
(1258, 3, 'Employees', 'myaccount', 0),
(1259, 4, 'Employees', 'myaccount', 0),
(1260, 5, 'Employees', 'myaccount', 1),
(1261, 6, 'Employees', 'myaccount', 0),
(1262, 7, 'Employees', 'myaccount', 0),
(1263, 8, 'Employees', 'myaccount', 0),
(1264, 9, 'Employees', 'myaccount', 0),
(1265, 10, 'Employees', 'myaccount', 0),
(1266, 11, 'Employees', 'myaccount', 0),
(1267, 12, 'Employees', 'myaccount', 0),
(1268, 1, 'Employees', 'add', 0),
(1269, 2, 'Employees', 'add', 0),
(1270, 3, 'Employees', 'add', 0),
(1271, 4, 'Employees', 'add', 0),
(1272, 5, 'Employees', 'add', 1),
(1273, 6, 'Employees', 'add', 0),
(1274, 7, 'Employees', 'add', 0),
(1275, 8, 'Employees', 'add', 0),
(1276, 9, 'Employees', 'add', 0),
(1277, 10, 'Employees', 'add', 0),
(1278, 11, 'Employees', 'add', 0),
(1279, 12, 'Employees', 'add', 0),
(1280, 1, 'Employees', 'edit', 0),
(1281, 2, 'Employees', 'edit', 0),
(1282, 3, 'Employees', 'edit', 0),
(1283, 4, 'Employees', 'edit', 0),
(1284, 5, 'Employees', 'edit', 1),
(1285, 6, 'Employees', 'edit', 0),
(1286, 7, 'Employees', 'edit', 0),
(1287, 8, 'Employees', 'edit', 0),
(1288, 9, 'Employees', 'edit', 0),
(1289, 10, 'Employees', 'edit', 0),
(1290, 11, 'Employees', 'edit', 0),
(1291, 12, 'Employees', 'edit', 0),
(1292, 1, 'Employees', 'editaccount', 0),
(1293, 2, 'Employees', 'editaccount', 0),
(1294, 3, 'Employees', 'editaccount', 0),
(1295, 4, 'Employees', 'editaccount', 0),
(1296, 5, 'Employees', 'editaccount', 1),
(1297, 6, 'Employees', 'editaccount', 0),
(1298, 7, 'Employees', 'editaccount', 0),
(1299, 8, 'Employees', 'editaccount', 0),
(1300, 9, 'Employees', 'editaccount', 0),
(1301, 10, 'Employees', 'editaccount', 0),
(1302, 11, 'Employees', 'editaccount', 0),
(1303, 12, 'Employees', 'editaccount', 0),
(1304, 1, 'Employees', 'delete', 0),
(1305, 2, 'Employees', 'delete', 0),
(1306, 3, 'Employees', 'delete', 0),
(1307, 4, 'Employees', 'delete', 0),
(1308, 5, 'Employees', 'delete', 1),
(1309, 6, 'Employees', 'delete', 0),
(1310, 7, 'Employees', 'delete', 0),
(1311, 8, 'Employees', 'delete', 0),
(1312, 9, 'Employees', 'delete', 0),
(1313, 10, 'Employees', 'delete', 0),
(1314, 11, 'Employees', 'delete', 0),
(1315, 12, 'Employees', 'delete', 0),
(1316, 4, 'Pages', 'display', 0),
(1317, 5, 'Pages', 'display', 1),
(1318, 6, 'Pages', 'display', 0),
(1319, 7, 'Pages', 'display', 0),
(1320, 8, 'Pages', 'display', 0),
(1321, 9, 'Pages', 'display', 0),
(1322, 10, 'Pages', 'display', 0),
(1323, 11, 'Pages', 'display', 0),
(1324, 12, 'Pages', 'display', 0),
(1325, 1, 'Pages', 'home', 0),
(1326, 2, 'Pages', 'home', 0),
(1327, 3, 'Pages', 'home', 0),
(1328, 4, 'Pages', 'home', 0),
(1329, 5, 'Pages', 'home', 1),
(1330, 6, 'Pages', 'home', 0),
(1331, 7, 'Pages', 'home', 0),
(1332, 8, 'Pages', 'home', 0),
(1333, 9, 'Pages', 'home', 0),
(1334, 10, 'Pages', 'home', 0),
(1335, 11, 'Pages', 'home', 0),
(1336, 12, 'Pages', 'home', 0),
(1337, 1, 'Statuses', 'index', 0),
(1338, 2, 'Statuses', 'index', 0),
(1339, 3, 'Statuses', 'index', 0),
(1340, 4, 'Statuses', 'index', 0),
(1341, 5, 'Statuses', 'index', 1),
(1342, 6, 'Statuses', 'index', 0),
(1343, 7, 'Statuses', 'index', 0),
(1344, 8, 'Statuses', 'index', 0),
(1345, 9, 'Statuses', 'index', 0),
(1346, 10, 'Statuses', 'index', 0),
(1347, 11, 'Statuses', 'index', 0),
(1348, 12, 'Statuses', 'index', 0),
(1349, 1, 'Statuses', 'view', 0),
(1350, 2, 'Statuses', 'view', 0),
(1351, 3, 'Statuses', 'view', 0),
(1352, 4, 'Statuses', 'view', 0),
(1353, 5, 'Statuses', 'view', 1),
(1354, 6, 'Statuses', 'view', 0),
(1355, 7, 'Statuses', 'view', 0),
(1356, 8, 'Statuses', 'view', 0),
(1357, 9, 'Statuses', 'view', 0),
(1358, 10, 'Statuses', 'view', 0),
(1359, 11, 'Statuses', 'view', 0),
(1360, 12, 'Statuses', 'view', 0),
(1361, 1, 'Statuses', 'add', 0),
(1362, 2, 'Statuses', 'add', 0),
(1363, 3, 'Statuses', 'add', 0),
(1364, 4, 'Statuses', 'add', 0),
(1365, 5, 'Statuses', 'add', 1),
(1366, 6, 'Statuses', 'add', 0),
(1367, 7, 'Statuses', 'add', 0),
(1368, 8, 'Statuses', 'add', 0),
(1369, 9, 'Statuses', 'add', 0),
(1370, 10, 'Statuses', 'add', 0),
(1371, 11, 'Statuses', 'add', 0),
(1372, 12, 'Statuses', 'add', 0),
(1373, 1, 'Statuses', 'edit', 0),
(1374, 2, 'Statuses', 'edit', 0),
(1375, 3, 'Statuses', 'edit', 0),
(1376, 4, 'Statuses', 'edit', 0),
(1377, 5, 'Statuses', 'edit', 1),
(1378, 6, 'Statuses', 'edit', 0),
(1379, 7, 'Statuses', 'edit', 0),
(1380, 8, 'Statuses', 'edit', 0),
(1381, 9, 'Statuses', 'edit', 0),
(1382, 10, 'Statuses', 'edit', 0),
(1383, 11, 'Statuses', 'edit', 0),
(1384, 12, 'Statuses', 'edit', 0),
(1385, 1, 'Statuses', 'delete', 0),
(1386, 2, 'Statuses', 'delete', 0),
(1387, 3, 'Statuses', 'delete', 0),
(1388, 4, 'Statuses', 'delete', 0),
(1389, 5, 'Statuses', 'delete', 1),
(1390, 6, 'Statuses', 'delete', 0),
(1391, 7, 'Statuses', 'delete', 0),
(1392, 8, 'Statuses', 'delete', 0),
(1393, 9, 'Statuses', 'delete', 0),
(1394, 10, 'Statuses', 'delete', 0),
(1395, 11, 'Statuses', 'delete', 0),
(1396, 12, 'Statuses', 'delete', 0),
(1397, 1, 'ToolbarAccess', 'history_state', 0),
(1398, 2, 'ToolbarAccess', 'history_state', 0);
INSERT INTO `user_group_permissions` (`id`, `user_group_id`, `controller`, `action`, `allowed`) VALUES
(1399, 3, 'ToolbarAccess', 'history_state', 0),
(1400, 4, 'ToolbarAccess', 'history_state', 0),
(1401, 5, 'ToolbarAccess', 'history_state', 1),
(1402, 6, 'ToolbarAccess', 'history_state', 0),
(1403, 7, 'ToolbarAccess', 'history_state', 0),
(1404, 8, 'ToolbarAccess', 'history_state', 0),
(1405, 9, 'ToolbarAccess', 'history_state', 0),
(1406, 10, 'ToolbarAccess', 'history_state', 0),
(1407, 11, 'ToolbarAccess', 'history_state', 0),
(1408, 12, 'ToolbarAccess', 'history_state', 0),
(1409, 1, 'ToolbarAccess', 'sql_explain', 0),
(1410, 2, 'ToolbarAccess', 'sql_explain', 0),
(1411, 3, 'ToolbarAccess', 'sql_explain', 0),
(1412, 4, 'ToolbarAccess', 'sql_explain', 0),
(1413, 5, 'ToolbarAccess', 'sql_explain', 1),
(1414, 6, 'ToolbarAccess', 'sql_explain', 0),
(1415, 7, 'ToolbarAccess', 'sql_explain', 0),
(1416, 8, 'ToolbarAccess', 'sql_explain', 0),
(1417, 9, 'ToolbarAccess', 'sql_explain', 0),
(1418, 10, 'ToolbarAccess', 'sql_explain', 0),
(1419, 11, 'ToolbarAccess', 'sql_explain', 0),
(1420, 12, 'ToolbarAccess', 'sql_explain', 0),
(1421, 4, 'UserGroupPermissions', 'index', 0),
(1422, 5, 'UserGroupPermissions', 'index', 1),
(1423, 6, 'UserGroupPermissions', 'index', 0),
(1424, 7, 'UserGroupPermissions', 'index', 0),
(1425, 8, 'UserGroupPermissions', 'index', 0),
(1426, 9, 'UserGroupPermissions', 'index', 0),
(1427, 10, 'UserGroupPermissions', 'index', 0),
(1428, 11, 'UserGroupPermissions', 'index', 0),
(1429, 12, 'UserGroupPermissions', 'index', 0),
(1430, 4, 'UserGroupPermissions', 'update', 0),
(1431, 5, 'UserGroupPermissions', 'update', 1),
(1432, 6, 'UserGroupPermissions', 'update', 0),
(1433, 7, 'UserGroupPermissions', 'update', 0),
(1434, 8, 'UserGroupPermissions', 'update', 0),
(1435, 9, 'UserGroupPermissions', 'update', 0),
(1436, 10, 'UserGroupPermissions', 'update', 0),
(1437, 11, 'UserGroupPermissions', 'update', 0),
(1438, 12, 'UserGroupPermissions', 'update', 0),
(1439, 4, 'UserGroups', 'index', 0),
(1440, 5, 'UserGroups', 'index', 1),
(1441, 6, 'UserGroups', 'index', 0),
(1442, 7, 'UserGroups', 'index', 0),
(1443, 8, 'UserGroups', 'index', 0),
(1444, 9, 'UserGroups', 'index', 0),
(1445, 10, 'UserGroups', 'index', 0),
(1446, 11, 'UserGroups', 'index', 0),
(1447, 12, 'UserGroups', 'index', 0),
(1448, 4, 'UserGroups', 'addGroup', 0),
(1449, 5, 'UserGroups', 'addGroup', 1),
(1450, 6, 'UserGroups', 'addGroup', 0),
(1451, 7, 'UserGroups', 'addGroup', 0),
(1452, 8, 'UserGroups', 'addGroup', 0),
(1453, 9, 'UserGroups', 'addGroup', 0),
(1454, 10, 'UserGroups', 'addGroup', 0),
(1455, 11, 'UserGroups', 'addGroup', 0),
(1456, 12, 'UserGroups', 'addGroup', 0),
(1457, 4, 'UserGroups', 'editGroup', 0),
(1458, 5, 'UserGroups', 'editGroup', 1),
(1459, 6, 'UserGroups', 'editGroup', 0),
(1460, 7, 'UserGroups', 'editGroup', 0),
(1461, 8, 'UserGroups', 'editGroup', 0),
(1462, 9, 'UserGroups', 'editGroup', 0),
(1463, 10, 'UserGroups', 'editGroup', 0),
(1464, 11, 'UserGroups', 'editGroup', 0),
(1465, 12, 'UserGroups', 'editGroup', 0),
(1466, 4, 'UserGroups', 'deleteGroup', 0),
(1467, 5, 'UserGroups', 'deleteGroup', 1),
(1468, 6, 'UserGroups', 'deleteGroup', 0),
(1469, 7, 'UserGroups', 'deleteGroup', 0),
(1470, 8, 'UserGroups', 'deleteGroup', 0),
(1471, 9, 'UserGroups', 'deleteGroup', 0),
(1472, 10, 'UserGroups', 'deleteGroup', 0),
(1473, 11, 'UserGroups', 'deleteGroup', 0),
(1474, 12, 'UserGroups', 'deleteGroup', 0),
(1475, 1, 'Users', 'allemployees', 0),
(1476, 2, 'Users', 'allemployees', 0),
(1477, 3, 'Users', 'allemployees', 0),
(1478, 4, 'Users', 'allemployees', 0),
(1479, 5, 'Users', 'allemployees', 1),
(1480, 6, 'Users', 'allemployees', 0),
(1481, 7, 'Users', 'allemployees', 0),
(1482, 8, 'Users', 'allemployees', 0),
(1483, 9, 'Users', 'allemployees', 0),
(1484, 10, 'Users', 'allemployees', 0),
(1485, 11, 'Users', 'allemployees', 0),
(1486, 12, 'Users', 'allemployees', 0),
(1487, 4, 'Users', 'viewUser', 0),
(1488, 5, 'Users', 'viewUser', 1),
(1489, 6, 'Users', 'viewUser', 0),
(1490, 7, 'Users', 'viewUser', 0),
(1491, 8, 'Users', 'viewUser', 0),
(1492, 9, 'Users', 'viewUser', 0),
(1493, 10, 'Users', 'viewUser', 0),
(1494, 11, 'Users', 'viewUser', 0),
(1495, 12, 'Users', 'viewUser', 0),
(1496, 4, 'Users', 'myprofile', 0),
(1497, 5, 'Users', 'myprofile', 1),
(1498, 6, 'Users', 'myprofile', 0),
(1499, 7, 'Users', 'myprofile', 0),
(1500, 8, 'Users', 'myprofile', 0),
(1501, 9, 'Users', 'myprofile', 0),
(1502, 10, 'Users', 'myprofile', 0),
(1503, 11, 'Users', 'myprofile', 0),
(1504, 12, 'Users', 'myprofile', 0),
(1505, 4, 'Users', 'login', 0),
(1506, 5, 'Users', 'login', 1),
(1507, 6, 'Users', 'login', 0),
(1508, 7, 'Users', 'login', 0),
(1509, 8, 'Users', 'login', 0),
(1510, 9, 'Users', 'login', 0),
(1511, 10, 'Users', 'login', 0),
(1512, 11, 'Users', 'login', 0),
(1513, 12, 'Users', 'login', 0),
(1514, 4, 'Users', 'logout', 0),
(1515, 5, 'Users', 'logout', 1),
(1516, 6, 'Users', 'logout', 0),
(1517, 7, 'Users', 'logout', 0),
(1518, 8, 'Users', 'logout', 0),
(1519, 9, 'Users', 'logout', 0),
(1520, 10, 'Users', 'logout', 0),
(1521, 11, 'Users', 'logout', 0),
(1522, 12, 'Users', 'logout', 0),
(1523, 4, 'Users', 'register', 0),
(1524, 5, 'Users', 'register', 1),
(1525, 6, 'Users', 'register', 0),
(1526, 7, 'Users', 'register', 0),
(1527, 8, 'Users', 'register', 0),
(1528, 9, 'Users', 'register', 0),
(1529, 10, 'Users', 'register', 0),
(1530, 11, 'Users', 'register', 0),
(1531, 12, 'Users', 'register', 0),
(1532, 1, 'Users', 'newapplicant', 0),
(1533, 2, 'Users', 'newapplicant', 0),
(1534, 3, 'Users', 'newapplicant', 0),
(1535, 4, 'Users', 'newapplicant', 0),
(1536, 5, 'Users', 'newapplicant', 1),
(1537, 6, 'Users', 'newapplicant', 0),
(1538, 7, 'Users', 'newapplicant', 0),
(1539, 8, 'Users', 'newapplicant', 0),
(1540, 9, 'Users', 'newapplicant', 0),
(1541, 10, 'Users', 'newapplicant', 0),
(1542, 11, 'Users', 'newapplicant', 0),
(1543, 12, 'Users', 'newapplicant', 0),
(1544, 1, 'Users', 'activateAccount', 0),
(1545, 2, 'Users', 'activateAccount', 0),
(1546, 3, 'Users', 'activateAccount', 0),
(1547, 4, 'Users', 'activateAccount', 0),
(1548, 5, 'Users', 'activateAccount', 1),
(1549, 6, 'Users', 'activateAccount', 0),
(1550, 7, 'Users', 'activateAccount', 0),
(1551, 8, 'Users', 'activateAccount', 0),
(1552, 9, 'Users', 'activateAccount', 0),
(1553, 10, 'Users', 'activateAccount', 0),
(1554, 11, 'Users', 'activateAccount', 0),
(1555, 12, 'Users', 'activateAccount', 0),
(1556, 1, 'Users', 'recoverPassword', 0),
(1557, 2, 'Users', 'recoverPassword', 0),
(1558, 3, 'Users', 'recoverPassword', 0),
(1559, 4, 'Users', 'recoverPassword', 0),
(1560, 5, 'Users', 'recoverPassword', 1),
(1561, 6, 'Users', 'recoverPassword', 0),
(1562, 7, 'Users', 'recoverPassword', 0),
(1563, 8, 'Users', 'recoverPassword', 0),
(1564, 9, 'Users', 'recoverPassword', 0),
(1565, 10, 'Users', 'recoverPassword', 0),
(1566, 11, 'Users', 'recoverPassword', 0),
(1567, 12, 'Users', 'recoverPassword', 0),
(1568, 1, 'Users', 'createArchive', 0),
(1569, 2, 'Users', 'createArchive', 0),
(1570, 3, 'Users', 'createArchive', 0),
(1571, 4, 'Users', 'createArchive', 0),
(1572, 5, 'Users', 'createArchive', 1),
(1573, 6, 'Users', 'createArchive', 0),
(1574, 7, 'Users', 'createArchive', 0),
(1575, 8, 'Users', 'createArchive', 0),
(1576, 9, 'Users', 'createArchive', 0),
(1577, 10, 'Users', 'createArchive', 0),
(1578, 11, 'Users', 'createArchive', 0),
(1579, 12, 'Users', 'createArchive', 0),
(1580, 1, 'Users', 'acceptEmail', 0),
(1581, 2, 'Users', 'acceptEmail', 0),
(1582, 3, 'Users', 'acceptEmail', 0),
(1583, 4, 'Users', 'acceptEmail', 0),
(1584, 5, 'Users', 'acceptEmail', 1),
(1585, 6, 'Users', 'acceptEmail', 0),
(1586, 7, 'Users', 'acceptEmail', 0),
(1587, 8, 'Users', 'acceptEmail', 0),
(1588, 9, 'Users', 'acceptEmail', 0),
(1589, 10, 'Users', 'acceptEmail', 0),
(1590, 11, 'Users', 'acceptEmail', 0),
(1591, 12, 'Users', 'acceptEmail', 0),
(1592, 1, 'Users', 'newAppEmail', 0),
(1593, 2, 'Users', 'newAppEmail', 0),
(1594, 3, 'Users', 'newAppEmail', 0),
(1595, 4, 'Users', 'newAppEmail', 0),
(1596, 5, 'Users', 'newAppEmail', 1),
(1597, 6, 'Users', 'newAppEmail', 0),
(1598, 7, 'Users', 'newAppEmail', 0),
(1599, 8, 'Users', 'newAppEmail', 0),
(1600, 9, 'Users', 'newAppEmail', 0),
(1601, 10, 'Users', 'newAppEmail', 0),
(1602, 11, 'Users', 'newAppEmail', 0),
(1603, 12, 'Users', 'newAppEmail', 0),
(1604, 1, 'Users', 'rejectEmail', 0),
(1605, 2, 'Users', 'rejectEmail', 0),
(1606, 3, 'Users', 'rejectEmail', 0),
(1607, 4, 'Users', 'rejectEmail', 0),
(1608, 5, 'Users', 'rejectEmail', 1),
(1609, 6, 'Users', 'rejectEmail', 0),
(1610, 7, 'Users', 'rejectEmail', 0),
(1611, 8, 'Users', 'rejectEmail', 0),
(1612, 9, 'Users', 'rejectEmail', 0),
(1613, 10, 'Users', 'rejectEmail', 0),
(1614, 11, 'Users', 'rejectEmail', 0),
(1615, 12, 'Users', 'rejectEmail', 0),
(1616, 1, 'Users', 'generatePassword', 0),
(1617, 2, 'Users', 'generatePassword', 0),
(1618, 3, 'Users', 'generatePassword', 0),
(1619, 4, 'Users', 'generatePassword', 0),
(1620, 5, 'Users', 'generatePassword', 1),
(1621, 6, 'Users', 'generatePassword', 0),
(1622, 7, 'Users', 'generatePassword', 0),
(1623, 8, 'Users', 'generatePassword', 0),
(1624, 9, 'Users', 'generatePassword', 0),
(1625, 10, 'Users', 'generatePassword', 0),
(1626, 11, 'Users', 'generatePassword', 0),
(1627, 12, 'Users', 'generatePassword', 0),
(1628, 4, 'Users', 'changePassword', 0),
(1629, 5, 'Users', 'changePassword', 1),
(1630, 6, 'Users', 'changePassword', 0),
(1631, 7, 'Users', 'changePassword', 0),
(1632, 8, 'Users', 'changePassword', 0),
(1633, 9, 'Users', 'changePassword', 0),
(1634, 10, 'Users', 'changePassword', 0),
(1635, 11, 'Users', 'changePassword', 0),
(1636, 12, 'Users', 'changePassword', 0),
(1637, 4, 'Users', 'changeUserPassword', 0),
(1638, 5, 'Users', 'changeUserPassword', 1),
(1639, 6, 'Users', 'changeUserPassword', 0),
(1640, 7, 'Users', 'changeUserPassword', 0),
(1641, 8, 'Users', 'changeUserPassword', 0),
(1642, 9, 'Users', 'changeUserPassword', 0),
(1643, 10, 'Users', 'changeUserPassword', 0),
(1644, 11, 'Users', 'changeUserPassword', 0),
(1645, 12, 'Users', 'changeUserPassword', 0),
(1646, 1, 'Users', 'newemployee', 0),
(1647, 2, 'Users', 'newemployee', 0),
(1648, 3, 'Users', 'newemployee', 0),
(1649, 4, 'Users', 'newemployee', 0),
(1650, 5, 'Users', 'newemployee', 1),
(1651, 6, 'Users', 'newemployee', 0),
(1652, 7, 'Users', 'newemployee', 0),
(1653, 8, 'Users', 'newemployee', 0),
(1654, 9, 'Users', 'newemployee', 0),
(1655, 10, 'Users', 'newemployee', 0),
(1656, 11, 'Users', 'newemployee', 0),
(1657, 12, 'Users', 'newemployee', 0),
(1658, 1, 'Users', 'newdoctype', 0),
(1659, 2, 'Users', 'newdoctype', 0),
(1660, 3, 'Users', 'newdoctype', 0),
(1661, 4, 'Users', 'newdoctype', 0),
(1662, 5, 'Users', 'newdoctype', 1),
(1663, 6, 'Users', 'newdoctype', 0),
(1664, 7, 'Users', 'newdoctype', 0),
(1665, 8, 'Users', 'newdoctype', 0),
(1666, 9, 'Users', 'newdoctype', 0),
(1667, 10, 'Users', 'newdoctype', 0),
(1668, 11, 'Users', 'newdoctype', 0),
(1669, 12, 'Users', 'newdoctype', 0),
(1670, 1, 'Users', 'newancestortype', 0),
(1671, 2, 'Users', 'newancestortype', 0),
(1672, 3, 'Users', 'newancestortype', 0),
(1673, 4, 'Users', 'newancestortype', 0),
(1674, 5, 'Users', 'newancestortype', 1),
(1675, 6, 'Users', 'newancestortype', 0),
(1676, 7, 'Users', 'newancestortype', 0),
(1677, 8, 'Users', 'newancestortype', 0),
(1678, 9, 'Users', 'newancestortype', 0),
(1679, 10, 'Users', 'newancestortype', 0),
(1680, 11, 'Users', 'newancestortype', 0),
(1681, 12, 'Users', 'newancestortype', 0),
(1682, 1, 'Users', 'newstatustype', 0),
(1683, 2, 'Users', 'newstatustype', 0),
(1684, 3, 'Users', 'newstatustype', 0),
(1685, 4, 'Users', 'newstatustype', 0),
(1686, 5, 'Users', 'newstatustype', 1),
(1687, 6, 'Users', 'newstatustype', 0),
(1688, 7, 'Users', 'newstatustype', 0),
(1689, 8, 'Users', 'newstatustype', 0),
(1690, 9, 'Users', 'newstatustype', 0),
(1691, 10, 'Users', 'newstatustype', 0),
(1692, 11, 'Users', 'newstatustype', 0),
(1693, 12, 'Users', 'newstatustype', 0),
(1694, 1, 'Users', 'newclient', 0),
(1695, 2, 'Users', 'newclient', 0),
(1696, 3, 'Users', 'newclient', 0),
(1697, 4, 'Users', 'newclient', 0),
(1698, 5, 'Users', 'newclient', 1),
(1699, 6, 'Users', 'newclient', 0),
(1700, 7, 'Users', 'newclient', 0),
(1701, 8, 'Users', 'newclient', 0),
(1702, 9, 'Users', 'newclient', 0),
(1703, 10, 'Users', 'newclient', 0),
(1704, 11, 'Users', 'newclient', 0),
(1705, 12, 'Users', 'newclient', 0),
(1706, 4, 'Users', 'editUser', 0),
(1707, 5, 'Users', 'editUser', 1),
(1708, 6, 'Users', 'editUser', 0),
(1709, 7, 'Users', 'editUser', 0),
(1710, 8, 'Users', 'editUser', 0),
(1711, 9, 'Users', 'editUser', 0),
(1712, 10, 'Users', 'editUser', 0),
(1713, 11, 'Users', 'editUser', 0),
(1714, 12, 'Users', 'editUser', 0),
(1715, 4, 'Users', 'deleteUser', 0),
(1716, 5, 'Users', 'deleteUser', 1),
(1717, 6, 'Users', 'deleteUser', 0),
(1718, 7, 'Users', 'deleteUser', 0),
(1719, 8, 'Users', 'deleteUser', 0),
(1720, 9, 'Users', 'deleteUser', 0),
(1721, 10, 'Users', 'deleteUser', 0),
(1722, 11, 'Users', 'deleteUser', 0),
(1723, 12, 'Users', 'deleteUser', 0),
(1724, 4, 'Users', 'dashboard', 0),
(1725, 5, 'Users', 'dashboard', 1),
(1726, 6, 'Users', 'dashboard', 0),
(1727, 7, 'Users', 'dashboard', 0),
(1728, 8, 'Users', 'dashboard', 0),
(1729, 9, 'Users', 'dashboard', 0),
(1730, 10, 'Users', 'dashboard', 0),
(1731, 11, 'Users', 'dashboard', 0),
(1732, 12, 'Users', 'dashboard', 0),
(1733, 1, 'Users', 'management', 0),
(1734, 2, 'Users', 'management', 0),
(1735, 3, 'Users', 'management', 0),
(1736, 4, 'Users', 'management', 0),
(1737, 5, 'Users', 'management', 1),
(1738, 6, 'Users', 'management', 0),
(1739, 7, 'Users', 'management', 0),
(1740, 8, 'Users', 'management', 0),
(1741, 9, 'Users', 'management', 0),
(1742, 10, 'Users', 'management', 0),
(1743, 11, 'Users', 'management', 0),
(1744, 12, 'Users', 'management', 0),
(1745, 1, 'Users', 'managepage', 0),
(1746, 2, 'Users', 'managepage', 0),
(1747, 3, 'Users', 'managepage', 0),
(1748, 4, 'Users', 'managepage', 0),
(1749, 5, 'Users', 'managepage', 1),
(1750, 6, 'Users', 'managepage', 0),
(1751, 7, 'Users', 'managepage', 0),
(1752, 8, 'Users', 'managepage', 0),
(1753, 9, 'Users', 'managepage', 0),
(1754, 10, 'Users', 'managepage', 0),
(1755, 11, 'Users', 'managepage', 0),
(1756, 12, 'Users', 'managepage', 0),
(1757, 4, 'Users', 'makeActiveInactive', 0),
(1758, 5, 'Users', 'makeActiveInactive', 1),
(1759, 6, 'Users', 'makeActiveInactive', 0),
(1760, 7, 'Users', 'makeActiveInactive', 0),
(1761, 8, 'Users', 'makeActiveInactive', 0),
(1762, 9, 'Users', 'makeActiveInactive', 0),
(1763, 10, 'Users', 'makeActiveInactive', 0),
(1764, 11, 'Users', 'makeActiveInactive', 0),
(1765, 12, 'Users', 'makeActiveInactive', 0),
(1766, 4, 'Users', 'verifyEmail', 0),
(1767, 5, 'Users', 'verifyEmail', 1),
(1768, 6, 'Users', 'verifyEmail', 0),
(1769, 7, 'Users', 'verifyEmail', 0),
(1770, 8, 'Users', 'verifyEmail', 0),
(1771, 9, 'Users', 'verifyEmail', 0),
(1772, 10, 'Users', 'verifyEmail', 0),
(1773, 11, 'Users', 'verifyEmail', 0),
(1774, 12, 'Users', 'verifyEmail', 0),
(1775, 4, 'Users', 'accessDenied', 0),
(1776, 5, 'Users', 'accessDenied', 1),
(1777, 6, 'Users', 'accessDenied', 0),
(1778, 7, 'Users', 'accessDenied', 0),
(1779, 8, 'Users', 'accessDenied', 0),
(1780, 9, 'Users', 'accessDenied', 0),
(1781, 10, 'Users', 'accessDenied', 0),
(1782, 11, 'Users', 'accessDenied', 0),
(1783, 12, 'Users', 'accessDenied', 0),
(1784, 4, 'Users', 'forgotPassword', 0),
(1785, 5, 'Users', 'forgotPassword', 1),
(1786, 6, 'Users', 'forgotPassword', 0),
(1787, 7, 'Users', 'forgotPassword', 0),
(1788, 8, 'Users', 'forgotPassword', 0),
(1789, 9, 'Users', 'forgotPassword', 0),
(1790, 10, 'Users', 'forgotPassword', 0),
(1791, 11, 'Users', 'forgotPassword', 0),
(1792, 12, 'Users', 'forgotPassword', 0),
(1793, 4, 'Users', 'activatePassword', 0),
(1794, 5, 'Users', 'activatePassword', 1),
(1795, 6, 'Users', 'activatePassword', 0),
(1796, 7, 'Users', 'activatePassword', 0),
(1797, 8, 'Users', 'activatePassword', 0),
(1798, 9, 'Users', 'activatePassword', 0),
(1799, 10, 'Users', 'activatePassword', 0),
(1800, 11, 'Users', 'activatePassword', 0),
(1801, 12, 'Users', 'activatePassword', 0);

/*!40101 SET CHARACTER_SET_CLIENT=@OLD_CHARACTER_SET_CLIENT */;
/*!40101 SET CHARACTER_SET_RESULTS=@OLD_CHARACTER_SET_RESULTS */;
/*!40101 SET COLLATION_CONNECTION=@OLD_COLLATION_CONNECTION */;
