-- phpMyAdmin SQL Dump
-- version 3.5.1
-- http://www.phpmyadmin.net
--
-- Host: localhost
-- Generation Time: Sep 17, 2013 at 06:37 AM
-- Server version: 5.5.24-log
-- PHP Version: 5.4.3

SET SQL_MODE="NO_AUTO_VALUE_ON_ZERO";
SET time_zone = "+00:00";


/*!40101 SET @OLD_CHARACTER_SET_CLIENT=@@CHARACTER_SET_CLIENT */;
/*!40101 SET @OLD_CHARACTER_SET_RESULTS=@@CHARACTER_SET_RESULTS */;
/*!40101 SET @OLD_COLLATION_CONNECTION=@@COLLATION_CONNECTION */;
/*!40101 SET NAMES utf8 */;

--
-- Database: `dbtrial`
--

-- --------------------------------------------------------

--
-- Table structure for table `addresses`
--

CREATE TABLE IF NOT EXISTS `addresses` (
  `id` int(12) NOT NULL AUTO_INCREMENT,
  `applicant_id` int(11) NOT NULL DEFAULT '0',
  `address_line` varchar(100) DEFAULT NULL,
  `suburb` varchar(100) DEFAULT NULL,
  `postcode` varchar(15) DEFAULT NULL,
  `state` varchar(26) DEFAULT NULL,
  `country_id` int(11) DEFAULT NULL,
  `status` varchar(12) DEFAULT 'Current',
  `date_changed` datetime DEFAULT NULL,
  `created` datetime DEFAULT NULL,
  `modified` datetime DEFAULT NULL,
  PRIMARY KEY (`id`),
  KEY `applicant_id` (`applicant_id`)
) ENGINE=InnoDB  DEFAULT CHARSET=latin1 AUTO_INCREMENT=420 ;

--
-- Dumping data for table `addresses`
--

INSERT INTO `addresses` (`id`, `applicant_id`, `address_line`, `suburb`, `postcode`, `state`, `country_id`, `status`, `date_changed`, `created`, `modified`) VALUES
(66, 66, '91 Albermarle Street', NULL, NULL, 'NSW', 15, 'Current', NULL, '2012-10-29 00:00:00', '2012-10-21 00:00:00'),
(67, 67, '6 Kyle Place', 'Hannans', NULL, 'WA', 15, 'Current', NULL, '2013-03-12 00:00:00', '2013-03-08 00:00:00'),
(68, 68, '162 Dempster Street', 'Esperance', NULL, 'WA', 15, 'Current', NULL, '2012-10-29 00:00:00', '2012-08-22 00:00:00'),
(69, 69, '7 Park Road', 'Prahran 3181', NULL, 'VIC', 15, 'Current', NULL, '2012-10-29 00:00:00', NULL),
(70, 70, '26/40-46 Buxton Street', 'Ascot 4007', NULL, 'QLD', 15, 'Current', NULL, '2012-10-31 00:00:00', '2011-03-23 00:00:00'),
(71, 71, '2 Mozart Circle', 'Donvale 3111', NULL, 'VIC', 15, 'Current', NULL, '2012-10-31 00:00:00', '2012-09-28 00:00:00'),
(72, 72, NULL, NULL, NULL, NULL, NULL, 'Current', NULL, '2012-11-02 00:00:00', '2012-11-01 00:00:00'),
(73, 73, '132 Louisa Road', 'Birchgrove 2041', NULL, 'NSW', 15, 'Current', NULL, '2012-11-02 00:00:00', '2012-08-09 00:00:00'),
(74, 74, '20a Eagle Street', 'Alderley 4051', NULL, 'QLD', 15, 'Current', NULL, '2012-11-09 00:00:00', '2012-11-09 00:00:00'),
(75, 75, NULL, 'Melbourne', NULL, NULL, 15, 'Current', NULL, '2012-11-09 00:00:00', '2013-03-08 00:00:00'),
(76, 76, '26 Wanda Road', 'North Caulfield 3161', NULL, 'VIC', 15, 'Current', NULL, '2013-03-20 00:00:00', '2013-03-08 00:00:00'),
(77, 77, NULL, NULL, NULL, NULL, NULL, 'Current', NULL, '2012-11-12 00:00:00', '2012-11-12 00:00:00'),
(78, 78, NULL, NULL, NULL, NULL, 243, 'Current', NULL, '2012-11-12 00:00:00', '2012-11-12 00:00:00'),
(79, 79, '1/247H Burwood Rd', 'Concord', '2137', 'NSW', 15, 'Current', NULL, '2012-11-13 00:00:00', '2012-11-13 00:00:00'),
(80, 80, NULL, NULL, NULL, NULL, NULL, 'Current', NULL, '2012-11-13 00:00:00', '2012-11-13 00:00:00'),
(81, 81, NULL, NULL, NULL, NULL, 15, 'Current', NULL, '2012-11-13 00:00:00', '2012-11-13 00:00:00'),
(82, 82, NULL, NULL, NULL, NULL, NULL, 'Current', NULL, '2012-11-14 00:00:00', '2012-11-14 00:00:00'),
(83, 83, NULL, NULL, NULL, NULL, NULL, 'Current', NULL, '2012-11-14 00:00:00', NULL),
(85, 85, NULL, NULL, NULL, NULL, NULL, 'Current', NULL, '2012-11-15 00:00:00', '2012-11-15 00:00:00'),
(86, 86, '15 Picardo Court', 'Pacifica CA 94044', NULL, NULL, 244, 'Current', NULL, '2012-11-15 00:00:00', '2012-11-06 00:00:00'),
(87, 87, NULL, NULL, NULL, NULL, 15, 'Current', NULL, '2012-11-16 00:00:00', '2012-11-16 00:00:00'),
(88, 88, '110 Woodend Road', 'Woodend', '4305', 'QLD', 15, 'Current', NULL, '2012-11-16 00:00:00', '2013-03-08 00:00:00'),
(89, 89, NULL, NULL, NULL, NULL, 15, 'Current', NULL, '2012-11-16 00:00:00', '2012-11-16 00:00:00'),
(90, 90, NULL, NULL, NULL, NULL, 244, 'Current', NULL, '2012-11-19 00:00:00', '2012-11-19 00:00:00'),
(91, 91, NULL, NULL, NULL, 'NSW', 15, 'Current', NULL, '2012-11-19 00:00:00', '2012-11-19 00:00:00'),
(92, 92, NULL, NULL, NULL, NULL, 243, 'Current', NULL, '2012-11-20 00:00:00', '2012-11-20 00:00:00'),
(93, 93, NULL, NULL, NULL, 'NSW', 15, 'Current', NULL, '2012-11-28 00:00:00', '2012-11-28 00:00:00'),
(94, 94, NULL, NULL, NULL, 'WA', NULL, 'Current', NULL, '2012-11-29 00:00:00', '2012-11-29 00:00:00'),
(95, 95, NULL, NULL, NULL, NULL, 190, 'Current', NULL, '2012-11-29 00:00:00', '2012-11-29 00:00:00'),
(96, 96, NULL, NULL, NULL, NULL, 15, 'Current', NULL, '2012-11-29 00:00:00', '2012-11-29 00:00:00'),
(97, 97, NULL, NULL, NULL, NULL, 43, 'Current', NULL, '2012-11-29 00:00:00', '2012-11-29 00:00:00'),
(98, 98, NULL, NULL, NULL, NULL, 15, 'Current', NULL, '2012-11-29 00:00:00', '2012-11-29 00:00:00'),
(99, 99, NULL, NULL, NULL, NULL, 244, 'Current', NULL, '2012-11-29 00:00:00', '2012-11-29 00:00:00'),
(100, 100, NULL, NULL, NULL, NULL, 244, 'Current', NULL, '2012-11-29 00:00:00', '2012-11-29 00:00:00'),
(101, 101, NULL, NULL, NULL, NULL, 244, 'Current', NULL, '2012-11-29 00:00:00', '2012-11-29 00:00:00'),
(102, 102, NULL, NULL, NULL, NULL, 243, 'Current', NULL, '2012-11-29 00:00:00', '2012-11-29 00:00:00'),
(103, 103, NULL, NULL, NULL, NULL, 15, 'Current', NULL, '2012-11-29 00:00:00', '2012-11-29 00:00:00'),
(104, 104, NULL, NULL, NULL, NULL, 15, 'Current', NULL, '2012-11-29 00:00:00', '2012-11-29 00:00:00'),
(105, 105, NULL, NULL, NULL, 'NSW', 15, 'Current', NULL, '2012-11-29 00:00:00', '2013-03-20 00:00:00'),
(106, 106, NULL, NULL, NULL, NULL, 15, 'Current', NULL, '2012-11-29 00:00:00', '2012-11-29 00:00:00'),
(107, 107, NULL, NULL, NULL, NULL, 244, 'Current', NULL, '2012-11-30 00:00:00', '2012-11-30 00:00:00'),
(108, 108, NULL, NULL, NULL, 'SA', 15, 'Current', NULL, '2012-12-03 00:00:00', '2012-12-03 00:00:00'),
(110, 110, NULL, NULL, NULL, NULL, 108, 'Current', NULL, '2012-12-03 00:00:00', '2012-12-03 00:00:00'),
(111, 111, 'Unit 21/32-36 Rainbow Street', 'Kingsford 2032', NULL, 'NSW', 15, 'Current', NULL, '2012-12-03 00:00:00', '2012-12-03 00:00:00'),
(112, 112, NULL, NULL, NULL, NULL, 18, 'Current', NULL, '2012-12-06 00:00:00', '2012-12-06 00:00:00'),
(113, 113, NULL, NULL, NULL, 'VIC', 15, 'Current', NULL, '2012-12-06 00:00:00', '2012-12-06 00:00:00'),
(114, 114, NULL, NULL, NULL, NULL, 15, 'Current', NULL, '2012-12-07 00:00:00', '2012-12-07 00:00:00'),
(115, 115, NULL, NULL, NULL, 'NSW', 15, 'Current', NULL, '2012-12-10 00:00:00', '2012-12-10 00:00:00'),
(116, 116, NULL, NULL, NULL, NULL, 15, 'Current', NULL, '2012-12-10 00:00:00', '2012-12-10 00:00:00'),
(117, 117, NULL, NULL, NULL, 'VIC', 15, 'Current', NULL, '2012-12-10 00:00:00', '2012-12-10 00:00:00'),
(118, 118, NULL, NULL, NULL, NULL, 15, 'Current', NULL, '2012-12-12 00:00:00', '2012-12-12 00:00:00'),
(119, 119, NULL, NULL, NULL, NULL, 15, 'Current', NULL, '2012-12-12 00:00:00', '2012-12-12 00:00:00'),
(120, 120, '23 Benelong Cres,', 'Bellevue Hill', '2023', 'NSW', 15, 'Current', NULL, '2012-12-12 00:00:00', '2012-12-12 00:00:00'),
(122, 122, NULL, NULL, NULL, NULL, 15, 'Current', NULL, '2012-12-12 00:00:00', '2012-12-12 00:00:00'),
(123, 123, NULL, NULL, NULL, NULL, 15, 'Current', NULL, '2012-12-12 00:00:00', '2012-12-12 00:00:00'),
(124, 124, NULL, NULL, NULL, NULL, 15, 'Current', NULL, '2012-12-13 00:00:00', '2012-12-13 00:00:00'),
(125, 125, NULL, NULL, NULL, NULL, 15, 'Current', NULL, '2013-01-07 00:00:00', NULL),
(129, 129, '91 Norfolk Street', 'Maidstone', '3012', 'VIC', 15, 'Current', NULL, '2013-01-07 00:00:00', NULL),
(130, 130, NULL, NULL, NULL, 'NSW', 15, 'Current', NULL, '2013-01-07 00:00:00', NULL),
(131, 131, '46 Kingsall Road', 'Attadale', '6156', 'WA', 15, 'Current', NULL, '2013-01-07 00:00:00', NULL),
(132, 132, NULL, NULL, NULL, NULL, NULL, 'Current', NULL, '2013-01-07 00:00:00', NULL),
(133, 133, NULL, NULL, NULL, NULL, 15, 'Current', NULL, '2013-01-07 00:00:00', NULL),
(134, 134, NULL, NULL, NULL, NULL, 15, 'Current', NULL, '2013-01-07 00:00:00', NULL),
(135, 135, NULL, 'London', NULL, NULL, 243, 'Current', NULL, '2013-01-08 00:00:00', NULL),
(136, 136, NULL, NULL, NULL, NULL, 15, 'Current', NULL, '2013-01-08 00:00:00', NULL),
(137, 137, NULL, NULL, NULL, NULL, 15, 'Current', NULL, '2013-01-08 00:00:00', NULL),
(138, 138, '4 Weston Avenue', 'South Perth', '6151', 'WA', 15, 'Current', NULL, '2013-01-08 00:00:00', NULL),
(139, 139, NULL, NULL, NULL, 'NSW', 15, 'Current', NULL, '2013-01-09 00:00:00', NULL),
(140, 140, NULL, NULL, NULL, 'NSW', 15, 'Current', NULL, '2013-01-09 00:00:00', NULL),
(142, 142, NULL, NULL, NULL, NULL, 15, 'Current', NULL, '2013-01-09 00:00:00', NULL),
(143, 143, NULL, NULL, NULL, NULL, 244, 'Current', NULL, '2013-01-09 00:00:00', NULL),
(144, 144, NULL, NULL, NULL, NULL, 15, 'Current', NULL, '2013-01-10 00:00:00', NULL),
(145, 145, NULL, NULL, NULL, NULL, 244, 'Current', NULL, '2013-01-10 00:00:00', NULL),
(146, 146, NULL, NULL, NULL, 'WA', 15, 'Current', NULL, '2013-01-11 00:00:00', NULL),
(147, 147, NULL, NULL, NULL, NULL, 15, 'Current', NULL, '2013-01-11 00:00:00', NULL),
(148, 148, '5 Hotham Crescent', 'Deakin', '2600', 'ACT', 15, 'Current', NULL, '2013-01-11 00:00:00', NULL),
(150, 150, NULL, NULL, NULL, NULL, 244, 'Current', NULL, '2013-01-11 00:00:00', NULL),
(151, 151, NULL, NULL, NULL, NULL, 15, 'Current', NULL, '2013-01-17 00:00:00', NULL),
(152, 152, NULL, NULL, NULL, NULL, 15, 'Current', NULL, '2013-01-17 00:00:00', NULL),
(154, 154, '9 Trelawney Street', 'Woollahra', '2025', 'NSW', 15, 'Current', NULL, '2013-01-17 00:00:00', NULL),
(155, 155, NULL, NULL, NULL, NULL, 15, 'Current', NULL, '2013-01-17 00:00:00', NULL),
(156, 156, 'Post Office Box 793', 'Armidale', '2350', 'NSW', 15, 'Current', NULL, '2013-01-17 00:00:00', NULL),
(157, 157, NULL, NULL, NULL, NULL, 15, 'Current', NULL, '2013-01-17 00:00:00', NULL),
(158, 158, NULL, NULL, NULL, NULL, 15, 'Current', NULL, '2013-01-17 00:00:00', NULL),
(159, 159, NULL, NULL, NULL, NULL, 222, 'Current', NULL, '2013-01-17 00:00:00', NULL),
(160, 160, NULL, NULL, NULL, NULL, 244, 'Current', NULL, '2013-01-18 00:00:00', NULL),
(161, 161, NULL, NULL, NULL, NULL, 243, 'Current', NULL, '2013-01-18 00:00:00', NULL),
(162, 162, NULL, NULL, NULL, NULL, 244, 'Current', NULL, '2013-01-18 00:00:00', NULL),
(163, 163, NULL, NULL, NULL, 'VIC', 15, 'Current', NULL, '2013-01-18 00:00:00', NULL),
(164, 164, NULL, NULL, NULL, NULL, 15, 'Current', NULL, '2013-01-18 00:00:00', NULL),
(165, 165, NULL, NULL, NULL, NULL, 15, 'Current', NULL, '2013-01-18 00:00:00', NULL),
(166, 166, NULL, NULL, NULL, 'NSW', 15, 'Current', NULL, '2013-01-18 00:00:00', NULL),
(167, 167, NULL, NULL, NULL, NULL, 15, 'Current', NULL, '2013-01-18 00:00:00', '2013-03-08 00:00:00'),
(168, 168, NULL, NULL, NULL, NULL, 15, 'Current', NULL, '2013-01-18 00:00:00', NULL),
(169, 169, NULL, NULL, NULL, NULL, 244, 'Current', NULL, '2013-01-18 00:00:00', NULL),
(170, 170, NULL, NULL, NULL, NULL, 15, 'Current', NULL, '2013-01-18 00:00:00', NULL),
(171, 171, NULL, NULL, NULL, 'QLD', 15, 'Current', NULL, '2013-01-18 00:00:00', NULL),
(172, 172, NULL, NULL, NULL, NULL, 15, 'Current', NULL, '2013-01-21 00:00:00', NULL),
(173, 173, '5 High Street', 'Lambton', '2299', 'NSW', 15, 'Current', NULL, '2013-01-21 00:00:00', NULL),
(174, 174, NULL, NULL, NULL, NULL, 15, 'Current', NULL, '2013-01-21 00:00:00', NULL),
(175, 175, NULL, NULL, NULL, 'QLD', 15, 'Current', NULL, '2013-01-21 00:00:00', NULL),
(176, 176, NULL, NULL, NULL, NULL, 43, 'Current', NULL, '2013-01-21 00:00:00', NULL),
(177, 177, NULL, NULL, NULL, NULL, 244, 'Current', NULL, '2013-01-22 00:00:00', NULL),
(178, 178, NULL, NULL, NULL, NULL, 15, 'Current', NULL, '2013-01-22 00:00:00', NULL),
(179, 179, NULL, NULL, NULL, NULL, 15, 'Current', NULL, '2013-01-22 00:00:00', NULL),
(180, 180, NULL, NULL, NULL, NULL, 82, 'Current', NULL, '2013-01-23 00:00:00', NULL),
(181, 181, NULL, NULL, NULL, NULL, 15, 'Current', NULL, '2013-01-23 00:00:00', NULL),
(182, 182, NULL, NULL, NULL, NULL, 243, 'Current', NULL, '2013-01-23 00:00:00', NULL),
(183, 183, NULL, NULL, NULL, NULL, 15, 'Current', NULL, '2013-01-24 00:00:00', NULL),
(184, 184, '137 Orrong Road', 'Elsternwick', '3185', 'VIC', 15, 'Current', NULL, '2013-01-25 00:00:00', NULL),
(185, 185, NULL, NULL, NULL, NULL, 15, 'Current', NULL, '2013-01-25 00:00:00', '2013-03-08 00:00:00'),
(186, 186, NULL, NULL, NULL, NULL, 15, 'Current', NULL, '2013-01-29 00:00:00', NULL),
(187, 187, NULL, NULL, NULL, 'VIC', 15, 'Current', NULL, '2013-01-29 00:00:00', NULL),
(188, 188, NULL, NULL, NULL, 'QLD', 15, 'Current', NULL, '2013-01-29 00:00:00', NULL),
(189, 189, NULL, NULL, NULL, NULL, 243, 'Current', NULL, '2013-01-29 00:00:00', NULL),
(190, 190, NULL, NULL, NULL, NULL, 15, 'Current', NULL, '2013-01-29 00:00:00', NULL),
(191, 191, NULL, NULL, NULL, 'VIC', 15, 'Current', NULL, '2013-01-29 00:00:00', NULL),
(192, 192, NULL, NULL, NULL, NULL, 64, 'Current', NULL, '2013-01-29 00:00:00', NULL),
(193, 193, '3 Beddoe Avenue', 'Clayton', '3168', 'VIC', 15, 'Current', NULL, '2013-01-30 00:00:00', NULL),
(194, 194, NULL, NULL, NULL, NULL, 15, 'Current', NULL, '2013-01-31 00:00:00', NULL),
(196, 196, '1/594 Willoughby Road', 'Willioughby', '2068', 'NSW', 15, 'Current', NULL, '2013-01-31 00:00:00', NULL),
(197, 197, NULL, NULL, NULL, NULL, 15, 'Current', NULL, '2013-02-01 00:00:00', NULL),
(201, 201, NULL, NULL, NULL, NULL, 15, 'Current', NULL, '2013-02-01 00:00:00', NULL),
(202, 202, NULL, NULL, NULL, NULL, 43, 'Current', NULL, '2013-02-01 00:00:00', NULL),
(207, 207, '15a Middleton Avenue', 'North Bondi', NULL, 'NSW', 15, 'Current', NULL, '2013-02-05 00:00:00', NULL),
(208, 208, '145 Burnley Street', 'Richmond', '3121', 'VIC', 15, 'Current', NULL, '2013-02-05 00:00:00', NULL),
(209, 209, NULL, NULL, NULL, NULL, 15, 'Current', NULL, '2013-02-05 00:00:00', NULL),
(211, 211, NULL, 'Caulfield North', NULL, 'VIC', 15, 'Current', NULL, '2013-02-05 00:00:00', NULL),
(213, 213, NULL, NULL, NULL, NULL, 15, 'Current', NULL, '2013-02-05 00:00:00', NULL),
(215, 215, NULL, NULL, NULL, NULL, 15, 'Current', NULL, '2013-02-05 00:00:00', NULL),
(216, 216, NULL, NULL, NULL, 'VIC', 15, 'Current', NULL, '2013-02-05 00:00:00', '2013-03-08 00:00:00'),
(217, 217, NULL, NULL, NULL, NULL, 244, 'Current', NULL, '2013-02-05 00:00:00', NULL),
(218, 218, '20 Tiwi Palace,  Wara Manga, Canberra', NULL, NULL, 'ACT', 15, 'Current', NULL, '2013-02-06 00:00:00', NULL),
(219, 219, NULL, NULL, NULL, NULL, 43, 'Current', NULL, '2013-02-06 00:00:00', NULL),
(221, 221, NULL, NULL, NULL, NULL, 15, 'Current', NULL, '2013-02-06 00:00:00', NULL),
(223, 223, NULL, NULL, NULL, NULL, 244, 'Current', NULL, '2013-02-06 00:00:00', NULL),
(224, 224, NULL, NULL, NULL, NULL, 244, 'Current', NULL, '2013-02-06 00:00:00', NULL),
(225, 225, NULL, NULL, NULL, NULL, 43, 'Current', NULL, '2013-02-06 00:00:00', NULL),
(226, 226, NULL, NULL, NULL, NULL, 15, 'Current', NULL, '2013-02-06 00:00:00', NULL),
(228, 228, NULL, NULL, NULL, NULL, 43, 'Current', NULL, '2013-02-06 00:00:00', NULL),
(230, 230, '21 Paradise Close', 'Plumpton', '2761', 'NSW', 15, 'Current', NULL, '2013-02-06 00:00:00', NULL),
(231, 231, NULL, NULL, NULL, NULL, NULL, 'Current', NULL, '2013-02-06 00:00:00', NULL),
(232, 232, NULL, NULL, NULL, NULL, NULL, 'Current', NULL, '2013-02-06 00:00:00', NULL),
(233, 233, NULL, NULL, NULL, NULL, NULL, 'Current', NULL, '2013-02-06 00:00:00', NULL),
(234, 234, '6 Broome St', 'Cottlesloe', '6011', 'WA', 15, 'Current', NULL, '2013-02-07 00:00:00', NULL),
(236, 236, '133 Clarence Avenue', 'London', 'SW4 8LX', NULL, 243, 'Current', NULL, '2013-02-07 00:00:00', '2013-03-15 00:00:00'),
(237, 237, '1 Moore Road', 'Bolwarra Heights', '2320', 'NSW', 15, 'Current', NULL, '2013-02-07 00:00:00', NULL),
(239, 239, NULL, NULL, NULL, NULL, 244, 'Current', NULL, '2013-02-07 00:00:00', NULL),
(240, 240, '17 Beavers Road', 'Northcote', '3070', NULL, 15, 'Current', NULL, '2013-02-07 00:00:00', NULL),
(241, 241, NULL, NULL, NULL, NULL, 15, 'Current', NULL, '2013-02-07 00:00:00', NULL),
(242, 242, NULL, NULL, NULL, NULL, 15, 'Current', NULL, '2013-02-07 00:00:00', NULL),
(243, 243, NULL, NULL, NULL, NULL, 15, 'Current', NULL, '2013-02-07 00:00:00', NULL),
(244, 244, NULL, NULL, NULL, NULL, 213, 'Current', NULL, '2013-02-07 00:00:00', NULL),
(245, 245, '3215 Shelburne Road\r\nBaltimore, Maryland 21208\r\n3215 Shelburne Road', 'Baltimore, Maryland', '21208', NULL, 244, 'Current', NULL, '2013-02-07 00:00:00', '2013-03-14 00:00:00'),
(246, 246, NULL, NULL, NULL, NULL, 244, 'Current', NULL, '2013-02-07 00:00:00', NULL),
(247, 247, NULL, NULL, NULL, NULL, NULL, 'Current', NULL, '2013-02-04 00:00:00', NULL),
(248, 248, '101 The Avenue', 'Armidale', NULL, 'NSW', 15, 'Current', NULL, '2013-02-07 00:00:00', NULL),
(249, 249, '101 The Avenue', 'Armidale', '2350', 'NSW', 15, 'Current', NULL, '2013-02-07 00:00:00', NULL),
(250, 250, NULL, NULL, NULL, NULL, NULL, 'Current', NULL, '2013-02-07 00:00:00', NULL),
(251, 251, NULL, NULL, NULL, NULL, NULL, 'Current', NULL, '2013-02-07 00:00:00', NULL),
(252, 252, '26 Wanda Road', 'North Caulfield', '3161', 'VIC', 15, 'Current', NULL, '2013-02-07 00:00:00', NULL),
(253, 253, '10 Redcourt Ave', 'Armadale', '3143', 'VIC', 15, 'Current', NULL, '2013-02-07 00:00:00', NULL),
(255, 255, '114 Charles St', 'Seddon', '3011', 'VIC', 15, 'Current', NULL, '2013-02-08 00:00:00', NULL),
(256, 256, NULL, NULL, NULL, NULL, 15, 'Current', NULL, '2013-02-08 00:00:00', NULL),
(259, 259, NULL, NULL, NULL, NULL, NULL, 'Current', NULL, '2013-02-08 00:00:00', NULL),
(260, 260, '8A Cranham Terrace', 'Oxford OX2 6DG', NULL, NULL, 243, 'Current', NULL, '2013-02-08 00:00:00', '2013-03-08 00:00:00'),
(261, 261, NULL, NULL, NULL, NULL, 15, 'Current', NULL, '2013-02-08 00:00:00', NULL),
(262, 262, NULL, NULL, NULL, NULL, 15, 'Current', NULL, '2013-02-08 00:00:00', NULL),
(263, 263, NULL, NULL, NULL, NULL, 15, 'Current', NULL, '2013-02-08 00:00:00', NULL),
(264, 264, NULL, NULL, NULL, NULL, 15, 'Current', NULL, '2013-02-08 00:00:00', NULL),
(265, 265, NULL, NULL, NULL, NULL, 15, 'Current', NULL, '2013-02-08 00:00:00', NULL),
(266, 266, NULL, NULL, NULL, NULL, 15, 'Current', NULL, '2013-02-08 00:00:00', NULL),
(267, 267, '26 Rosalind Crescent', 'Blackburn', '3130', 'VIC', 15, 'Current', NULL, '2013-02-08 00:00:00', NULL),
(268, 268, NULL, NULL, NULL, NULL, NULL, 'Current', NULL, '2013-02-08 00:00:00', NULL),
(269, 269, NULL, NULL, NULL, NULL, NULL, 'Current', NULL, '2013-02-08 00:00:00', NULL),
(271, 271, NULL, NULL, NULL, NULL, NULL, 'Current', NULL, '2013-02-10 00:00:00', NULL),
(272, 272, '3 Lovell Street', 'Hawthorn East', '3123', 'VIC', 15, 'Current', NULL, '2013-02-10 00:00:00', NULL),
(273, 273, NULL, NULL, NULL, NULL, NULL, 'Current', NULL, '2013-02-10 00:00:00', NULL),
(274, 274, 'The Jewel 1, Atp. 502', 'PO Box 211 085 Dubai', NULL, NULL, 242, 'Current', NULL, '2013-02-10 00:00:00', NULL),
(275, 275, '36 Teck St', 'Ashwood', '3147', 'VIC', 15, 'Current', NULL, '2013-02-10 00:00:00', NULL),
(276, 276, NULL, NULL, NULL, NULL, 15, 'Current', NULL, '2013-02-10 00:00:00', '2013-03-08 00:00:00'),
(277, 277, '19 Duke Street', 'Windsor', '3181', 'VIC', 15, 'Current', NULL, '2013-02-10 00:00:00', NULL),
(279, 279, '63 Minnamura Crescent', 'Tamworth', '2340', 'VIC', 15, 'Current', NULL, '2013-02-10 00:00:00', NULL),
(280, 280, NULL, NULL, NULL, NULL, NULL, 'Current', NULL, '2013-02-11 00:00:00', NULL),
(281, 281, NULL, NULL, NULL, NULL, NULL, 'Current', NULL, '2013-02-11 00:00:00', NULL),
(282, 282, NULL, NULL, NULL, NULL, NULL, 'Current', NULL, '2013-02-11 00:00:00', NULL),
(283, 283, NULL, NULL, NULL, NULL, NULL, 'Current', NULL, '2013-02-11 00:00:00', NULL),
(284, 284, NULL, NULL, NULL, NULL, 15, 'Current', NULL, '2013-02-11 00:00:00', NULL),
(285, 285, NULL, NULL, NULL, NULL, 244, 'Current', NULL, '2013-02-11 00:00:00', NULL),
(286, 286, NULL, NULL, NULL, NULL, 15, 'Current', NULL, '2013-02-11 00:00:00', NULL),
(287, 287, NULL, NULL, NULL, NULL, 15, 'Current', NULL, '2013-02-11 00:00:00', NULL),
(288, 288, '132A Virgil Ave, Yokine', NULL, '6060', 'WA', 15, 'Current', NULL, '2013-02-11 00:00:00', NULL),
(289, 289, '132A Virgil Ave, Yokine', NULL, '6060', 'WA', 15, 'Current', NULL, '2013-02-11 00:00:00', NULL),
(290, 290, '132A Virgil Ave, Yokine', NULL, '6060', 'WA', 15, 'Current', NULL, '2013-02-11 00:00:00', NULL),
(291, 291, 'Unit 12/16 Woorigoleen Road, Toorak', NULL, '3142', 'VIC', 15, 'Current', NULL, '2013-02-11 00:00:00', NULL),
(292, 292, 'Erskine Ridge', 'Mooroolbark', NULL, NULL, 15, 'Current', NULL, '2013-02-11 00:00:00', NULL),
(293, 293, '5 Harnett Place', 'Chatswood', '2067', 'NSW', 15, 'Current', NULL, '2013-02-11 00:00:00', NULL),
(295, 295, NULL, NULL, NULL, NULL, 15, 'Current', NULL, '2013-02-12 00:00:00', NULL),
(296, 296, NULL, NULL, NULL, NULL, 15, 'Current', NULL, '2013-02-12 00:00:00', NULL),
(297, 297, '36 Bridgwood Rd, Lesmurdie', NULL, '6076', 'WA', 15, 'Current', NULL, '2013-02-12 00:00:00', NULL),
(298, 298, '1 Heather Rd', 'South Caulfield', '3162', 'VIC', 15, 'Current', NULL, '2013-02-12 00:00:00', NULL),
(299, 299, NULL, NULL, NULL, NULL, NULL, 'Current', NULL, '2013-02-12 00:00:00', NULL),
(300, 300, NULL, NULL, NULL, NULL, NULL, 'Current', NULL, '2013-02-13 00:00:00', NULL),
(301, 301, '35 Alexander Crescent', 'Macquarie Fields', '2564', 'NSW', 15, 'Current', NULL, '2013-02-14 00:00:00', NULL),
(302, 302, 'PO BOX 692', 'Bowral', '2576', 'NSW', 15, 'Current', NULL, '2013-02-14 00:00:00', NULL),
(305, 305, 'PO Box 3151, Newstead', '21/20 Newstead Terrace, Newstead', '4006', 'QLD', 15, 'Current', NULL, '2013-02-14 00:00:00', NULL),
(308, 308, '30 Orcitaxo Cr', 'Toronto', 'M8Z3EI', NULL, 43, 'Current', NULL, '2013-02-14 00:00:00', NULL),
(310, 310, NULL, NULL, NULL, NULL, 15, 'Current', NULL, '2013-02-14 00:00:00', NULL),
(312, 312, '165 Oak Road', 'Matcham', '2250', 'NSW', 15, 'Current', NULL, '2013-02-15 00:00:00', NULL),
(313, 313, NULL, NULL, NULL, NULL, NULL, 'Current', NULL, '2013-02-15 00:00:00', NULL),
(314, 314, '119 Groove Green Rd, Leyton Stone', 'London', 'E11 4ED', NULL, 243, 'Current', NULL, '2013-02-18 00:00:00', NULL),
(315, 315, '237 William St', 'Devonport', '7310', 'TAS', 15, 'Current', NULL, '2013-02-19 00:00:00', NULL),
(317, 317, '45c Zanon Circuit, Education City Community Housing', 'Doha', '1000', NULL, 190, 'Current', NULL, '2013-02-19 00:00:00', NULL),
(318, 318, 'PO Box 1480', 'Moolooba', '4557', 'QLD', 15, 'Current', NULL, '2013-02-19 00:00:00', NULL),
(319, 319, '7 Gambie Close', 'Murdoch', '6150', 'WA', 15, 'Current', NULL, '2013-02-19 00:00:00', NULL),
(320, 320, '25 Greenhills St', 'Croydon', '2132', 'NSW', 15, 'Current', NULL, '2013-02-19 00:00:00', NULL),
(321, 321, NULL, NULL, NULL, NULL, NULL, 'Current', NULL, '2013-02-19 00:00:00', NULL),
(322, 322, '13A Byron St', 'Leederville', '6007', 'WA', 15, 'Current', NULL, '2013-02-19 00:00:00', NULL),
(323, 323, NULL, NULL, NULL, NULL, 15, 'Current', NULL, '2013-02-19 00:00:00', NULL),
(324, 324, NULL, NULL, NULL, NULL, NULL, 'Current', NULL, '2013-02-20 00:00:00', NULL),
(325, 325, '2/70 Bemboka Rd', 'Croydon Hill', '3136', 'VIC', 15, 'Current', NULL, '2013-02-20 00:00:00', NULL),
(328, 328, NULL, NULL, NULL, NULL, NULL, 'Current', NULL, '2013-02-21 00:00:00', NULL),
(331, 331, NULL, NULL, NULL, NULL, 43, 'Current', NULL, '2013-02-21 00:00:00', NULL),
(332, 332, NULL, NULL, NULL, NULL, 15, 'Current', NULL, '2013-02-21 00:00:00', NULL),
(333, 333, NULL, NULL, NULL, NULL, NULL, 'Current', NULL, '2013-02-21 00:00:00', NULL),
(334, 334, NULL, NULL, NULL, NULL, 15, 'Current', NULL, '2013-02-21 00:00:00', NULL),
(335, 335, NULL, NULL, NULL, NULL, 15, 'Current', NULL, '2013-02-21 00:00:00', NULL),
(336, 336, NULL, NULL, NULL, NULL, 15, 'Current', NULL, '2013-02-21 00:00:00', NULL),
(337, 337, NULL, NULL, NULL, NULL, 15, 'Current', NULL, '2013-02-21 00:00:00', NULL),
(338, 338, NULL, NULL, NULL, NULL, 15, 'Current', NULL, '2013-02-21 00:00:00', NULL),
(340, 340, NULL, NULL, NULL, NULL, 15, 'Current', NULL, '2013-02-21 00:00:00', NULL),
(341, 341, NULL, NULL, NULL, NULL, 15, 'Current', NULL, '2013-02-21 00:00:00', NULL),
(342, 342, NULL, NULL, NULL, NULL, 15, 'Current', NULL, '2013-02-21 00:00:00', NULL),
(343, 343, NULL, NULL, NULL, NULL, 243, 'Current', NULL, '2013-02-21 00:00:00', NULL),
(344, 344, NULL, NULL, NULL, NULL, 15, 'Current', NULL, '2013-02-21 00:00:00', NULL),
(345, 345, NULL, NULL, NULL, 'NSW', 15, 'Current', NULL, '2013-02-21 00:00:00', NULL),
(346, 346, '50 Alma Rd', 'St Kilda', '3182', 'VIC', 15, 'Current', NULL, '2012-03-21 00:00:00', NULL),
(347, 347, NULL, NULL, NULL, NULL, NULL, 'Current', NULL, '2012-03-22 00:00:00', NULL),
(348, 348, NULL, NULL, NULL, NULL, 244, 'Current', NULL, '2013-02-22 00:00:00', NULL),
(349, 349, NULL, NULL, NULL, 'QLD', 15, 'Current', NULL, '2013-02-22 00:00:00', NULL),
(350, 350, '9 Peasholm Corner', 'Craigieburn', '3064', 'VIC', 15, 'Current', NULL, '2013-02-25 00:00:00', NULL),
(351, 351, NULL, NULL, NULL, NULL, NULL, 'Current', NULL, '2013-02-25 00:00:00', NULL),
(352, 352, NULL, NULL, NULL, NULL, NULL, 'Current', NULL, '2013-02-25 00:00:00', NULL),
(353, 353, '57 Charles St', 'Liverpool', '2170', 'NSW', 15, 'Current', NULL, '2013-02-25 00:00:00', NULL),
(354, 354, NULL, NULL, NULL, NULL, 15, 'Current', NULL, '2013-02-26 00:00:00', NULL),
(355, 355, NULL, NULL, NULL, NULL, 15, 'Current', NULL, '2013-02-26 00:00:00', NULL),
(356, 356, NULL, NULL, NULL, NULL, 15, 'Current', NULL, '2013-02-26 00:00:00', NULL),
(357, 357, NULL, NULL, NULL, NULL, 43, 'Current', NULL, '2013-02-26 00:00:00', NULL),
(358, 358, '17 Garrell St, Caulfield North', NULL, '3161', 'VIC', 15, 'Current', NULL, '2013-02-26 00:00:00', NULL),
(359, 359, NULL, NULL, NULL, NULL, 244, 'Current', NULL, '2013-02-27 00:00:00', NULL),
(361, 361, NULL, NULL, NULL, NULL, 15, 'Current', NULL, '2013-02-27 00:00:00', NULL),
(362, 362, NULL, NULL, NULL, NULL, 15, 'Current', NULL, '2013-02-27 00:00:00', NULL),
(364, 364, '538 Churchill Ave', 'Sandy Bay', '7005', 'TAS', 15, 'Current', NULL, '2013-02-28 00:00:00', NULL),
(365, 365, NULL, NULL, NULL, NULL, 43, 'Current', NULL, '2013-02-28 00:00:00', NULL),
(366, 366, NULL, NULL, NULL, NULL, NULL, 'Current', NULL, '2013-02-28 00:00:00', NULL),
(367, 367, NULL, NULL, NULL, NULL, NULL, 'Current', NULL, '2013-02-28 00:00:00', NULL),
(368, 368, NULL, NULL, NULL, NULL, NULL, 'Current', NULL, '2013-02-28 00:00:00', NULL),
(369, 369, NULL, NULL, NULL, NULL, 15, 'Current', NULL, '2013-02-28 00:00:00', NULL),
(374, 374, NULL, NULL, NULL, NULL, 15, 'Current', NULL, '2013-02-28 00:00:00', NULL),
(376, 376, '23 Melville Ave', 'Newtown', '3220', 'VIC', 15, 'Current', NULL, '2013-02-28 00:00:00', NULL),
(377, 377, NULL, NULL, NULL, NULL, 15, 'Current', NULL, '2013-03-01 00:00:00', NULL),
(378, 378, NULL, NULL, NULL, NULL, 187, 'Current', NULL, '2013-03-01 00:00:00', NULL),
(379, 379, NULL, NULL, NULL, NULL, 243, 'Current', NULL, '2013-03-01 00:00:00', NULL),
(381, 381, NULL, NULL, NULL, NULL, NULL, 'Current', NULL, '2013-03-01 00:00:00', NULL),
(382, 382, NULL, NULL, NULL, NULL, 11, 'Current', NULL, '2013-03-01 00:00:00', NULL),
(386, 386, NULL, NULL, NULL, NULL, NULL, 'Current', NULL, '2013-03-04 00:00:00', NULL),
(387, 387, NULL, NULL, NULL, NULL, NULL, 'Current', NULL, '2013-03-04 00:00:00', NULL),
(388, 388, NULL, NULL, NULL, NULL, NULL, 'Current', NULL, '2013-03-04 00:00:00', NULL),
(390, 390, NULL, NULL, NULL, 'VIC', 15, 'Current', NULL, '2013-03-04 00:00:00', NULL),
(393, 393, '19 Raggatt Cr', 'Edgeworth', '2285', 'NSW', 15, 'Current', NULL, '2013-03-04 00:00:00', NULL),
(394, 394, '4 Snowdon Ave', 'Caulfield', '3162', 'VIC', 15, 'Current', NULL, '2013-03-05 00:00:00', NULL),
(395, 395, NULL, NULL, NULL, NULL, 15, 'Current', NULL, '2013-03-05 00:00:00', NULL),
(396, 396, NULL, NULL, NULL, NULL, 82, 'Current', NULL, '2013-03-05 00:00:00', '2013-03-08 00:00:00'),
(397, 397, NULL, NULL, NULL, NULL, 244, 'Current', NULL, '2013-03-05 00:00:00', NULL),
(398, 398, NULL, NULL, NULL, NULL, 15, 'Current', NULL, '2013-03-05 00:00:00', NULL),
(400, 400, NULL, NULL, NULL, NULL, 15, 'Current', NULL, '2013-03-05 00:00:00', NULL),
(401, 401, NULL, NULL, NULL, NULL, 15, 'Current', NULL, '2013-03-05 00:00:00', NULL),
(402, 402, NULL, NULL, NULL, NULL, 15, 'Current', NULL, '2013-03-06 00:00:00', NULL),
(403, 403, NULL, NULL, NULL, NULL, 244, 'Current', NULL, '2013-03-06 00:00:00', NULL),
(405, 405, '21 Douglass Ave', 'Carlingford', '2118', 'NSW', 15, 'Current', NULL, '2013-03-06 00:00:00', NULL),
(407, 407, '14 Angophora Cres', 'Forestville', '2087', 'VIC', 15, 'Current', NULL, '2013-03-06 00:00:00', NULL),
(408, 408, 'PO Box 456', 'Fortitude Valley', '4006', 'QLD', 15, 'Current', NULL, '2013-03-07 00:00:00', NULL),
(409, 409, '305/169 Leichhardt Street', 'Spring Hill, Brisbane', '4000', 'QLD', 15, 'Current', NULL, '2013-03-07 00:00:00', NULL),
(412, 412, '17 Augustine Tce', 'Glenroy', '3046', 'VIC', 15, 'Current', NULL, '2013-03-07 00:00:00', '2013-03-08 00:00:00'),
(414, 414, 'PO Box 108', 'Hawthorn', '3122', 'VIC', 15, 'Current', NULL, '2013-04-07 00:00:00', '2013-03-08 00:00:00'),
(415, 415, NULL, NULL, NULL, NULL, NULL, 'Current', NULL, '2013-04-07 00:00:00', '2013-03-08 00:00:00'),
(416, 416, NULL, NULL, NULL, NULL, NULL, 'Current', NULL, '2013-04-07 00:00:00', '2013-03-08 00:00:00'),
(417, 417, NULL, NULL, NULL, NULL, NULL, 'Current', NULL, '2013-04-07 00:00:00', '2013-03-08 00:00:00'),
(418, 418, NULL, NULL, NULL, NULL, 213, 'Current', NULL, '2013-04-07 00:00:00', '2013-03-08 00:00:00'),
(419, 419, NULL, NULL, NULL, NULL, 244, 'Current', NULL, '2013-04-07 00:00:00', '2013-03-08 00:00:00');

-- --------------------------------------------------------

--
-- Table structure for table `ancestortypes`
--

CREATE TABLE IF NOT EXISTS `ancestortypes` (
  `id` int(11) NOT NULL AUTO_INCREMENT,
  `ancestor_type` varchar(50) DEFAULT NULL,
  PRIMARY KEY (`id`)
) ENGINE=InnoDB  DEFAULT CHARSET=latin1 AUTO_INCREMENT=11 ;

--
-- Dumping data for table `ancestortypes`
--

INSERT INTO `ancestortypes` (`id`, `ancestor_type`) VALUES
(1, 'Mother'),
(2, 'Father'),
(3, 'Grandmother'),
(4, 'Grandfather'),
(5, 'Great grandmother'),
(6, 'Great grandfather'),
(7, 'Grandparents'),
(8, 'Family'),
(9, 'Parents'),
(10, 'Self');

-- --------------------------------------------------------

--
-- Table structure for table `applicants`
--

CREATE TABLE IF NOT EXISTS `applicants` (
  `id` int(12) NOT NULL AUTO_INCREMENT,
  `clientcase_id` int(11) NOT NULL DEFAULT '0',
  `archive_id` int(12) DEFAULT NULL,
  `birthdate` datetime DEFAULT NULL,
  `title` varchar(12) DEFAULT NULL,
  `first_name` varchar(100) NOT NULL DEFAULT '',
  `middle_name` varchar(100) NOT NULL DEFAULT '',
  `surname` varchar(100) NOT NULL DEFAULT '',
  `email` varchar(50) DEFAULT NULL,
  `landline_number` varchar(50) DEFAULT NULL,
  `mobile_number` varchar(50) DEFAULT NULL,
  `applicant_type` varchar(26) DEFAULT 'Main applicant',
  `created` datetime DEFAULT NULL,
  `modified` datetime DEFAULT NULL,
  PRIMARY KEY (`id`),
  KEY `clientcase_id` (`clientcase_id`),
  KEY `archive_id` (`archive_id`)
) ENGINE=InnoDB  DEFAULT CHARSET=latin1 AUTO_INCREMENT=435 ;

--
-- Dumping data for table `applicants`
--

INSERT INTO `applicants` (`id`, `clientcase_id`, `archive_id`, `birthdate`, `title`, `first_name`, `middle_name`, `surname`, `email`, `landline_number`, `mobile_number`, `applicant_type`, `created`, `modified`) VALUES
(66, 66, 1, NULL, NULL, 'Tania', '', 'Humphreys', 'purple67@me.com', NULL, '0438854355', 'Main applicant', '2012-10-29 00:00:00', '2012-10-21 00:00:00'),
(67, 67, 2, NULL, NULL, 'Rick', 'Adam', 'Grzyb', 'mibberz@hotmail.com', 'n/a', '0422 839 372', 'Main applicant', '2013-03-12 00:00:00', '2013-03-08 00:00:00'),
(68, 68, 3, NULL, NULL, 'Danuta', 'Margaret', 'Layman', 'danilayman@hotmail.com', '08 9071 2237', '0400 234 157', 'Main applicant', '2012-10-29 00:00:00', '2012-08-22 00:00:00'),
(69, 69, 4, NULL, NULL, 'Joshua', '', 'Strawczynski', 'josh@jmarketing.com.au', NULL, '0402 844 409', 'Main applicant', '2012-10-29 00:00:00', NULL),
(70, 70, 5, NULL, NULL, 'Corinne', '', 'Allsopp', 'kai_182@hotmail.com', NULL, '0431 738 472', 'Main applicant', '2012-10-31 00:00:00', '2011-03-23 00:00:00'),
(71, 71, 6, NULL, NULL, 'Richard', '', 'Falls', 'richard@ryteclighting.com.au', '03 9842 0853', '0425 737 179', 'Main applicant', '2012-10-31 00:00:00', '2012-09-28 00:00:00'),
(72, 72, 7, NULL, NULL, 'Robert', '', 'Kay', 'robkay@live.com', NULL, '0448 815 989', 'Main applicant', '2012-11-02 00:00:00', '2012-11-01 00:00:00'),
(73, 73, 8, NULL, NULL, 'Nathan', '', 'Waks', 'nathan@kilikanoon.com.au', '02 9555 8273', '0403 398 193', 'Main applicant', '2012-11-02 00:00:00', '2012-08-09 00:00:00'),
(74, 74, 9, NULL, NULL, 'Troy', '', 'Hindley', 'troyhindley@hotmail.com', '07 3162 0710', '0412 580 570', 'Main applicant', '2012-11-09 00:00:00', '2012-11-09 00:00:00'),
(75, 75, 10, NULL, NULL, 'Lisa', '', 'Schnell', 'lisaschnell@hotmail.com', NULL, '0422 429 357', 'Main applicant', '2012-11-09 00:00:00', '2013-03-08 00:00:00'),
(76, 76, 11, NULL, NULL, 'Warren', 'Matthew', 'Rozen', 'warrenrozen@hotmail.com', 'n/a', '0411 456 644', 'Main applicant', '2013-03-20 00:00:00', '2013-03-08 00:00:00'),
(77, 77, 12, NULL, NULL, 'John', '', 'Manual', 'villa411@hotmail.com', '08 8377 4316', NULL, 'Main applicant', '2012-11-12 00:00:00', '2012-11-12 00:00:00'),
(78, 78, 13, NULL, NULL, 'Ofir', '', 'Goldstein', 'ofirg@email.com', '44 7774854347', NULL, 'Main applicant', '2012-11-12 00:00:00', '2012-11-12 00:00:00'),
(79, 79, 14, NULL, NULL, 'Aaron', 'Nicholas', 'Frater', '61cjs94@gmail.com', '(02) 8068 0434', '0401 849 693', 'Main applicant', '2012-11-13 00:00:00', '2012-11-13 00:00:00'),
(80, 80, 15, NULL, NULL, 'Paul', '', 'Codognotto', 'paulstillen@gmail.com', NULL, '0432343866', 'Main applicant', '2012-11-13 00:00:00', '2012-11-13 00:00:00'),
(81, 81, 16, NULL, NULL, 'Daniel', '', 'Bell', 'belld11@hotmail.com', NULL, '0421 210 792', 'Main applicant', '2012-11-13 00:00:00', '2012-11-13 00:00:00'),
(82, 82, 17, NULL, NULL, 'Karina', '', 'McKenzie', 'kmmckenzie93@gmail.com', '02 9979 7139', '(612) 99797139', 'Main applicant', '2012-11-14 00:00:00', '2012-11-14 00:00:00'),
(83, 83, 18, NULL, NULL, 'Stephan', '', 'Siryj', 'sjsiryj@gmail.com', '+64 272 831 069', NULL, 'Main applicant', '2012-11-14 00:00:00', NULL),
(85, 85, 19, NULL, NULL, 'James', '', 'Marzec', 'jamesrichardmarzec@hotmail.com', NULL, '0407 989 688', 'Main applicant', '2012-11-15 00:00:00', '2012-11-15 00:00:00'),
(86, 86, 20, NULL, NULL, 'Roberta', '', 'Tugendreich', 'roberta707@gmail.com', '+44 79399 07725', '+16503596097', 'Main applicant', '2012-11-15 00:00:00', '2012-11-06 00:00:00'),
(87, 87, 21, NULL, NULL, 'Jason', '', 'Mandzij', 'jmandzij@live.com.au', NULL, '0438 996 575', 'Main applicant', '2012-11-16 00:00:00', '2012-11-16 00:00:00'),
(88, 88, 22, NULL, NULL, 'Matthew', '', 'Huggins', 'matthew.huggins@uqconnect.edu.au', NULL, '0408 485 898', 'Main applicant', '2012-11-16 00:00:00', '2013-03-08 00:00:00'),
(89, 89, 23, NULL, NULL, 'Adrian', '', 'Gruszka', 'adriangruszka@hotmail.com', NULL, '0433 763 95?', 'Main applicant', '2012-11-16 00:00:00', '2012-11-16 00:00:00'),
(90, 90, 24, NULL, NULL, 'Ann', '', 'Bilesky', 'villaavbbh@sbcglobal.net', '310 8601401', NULL, 'Main applicant', '2012-11-19 00:00:00', '2012-11-19 00:00:00'),
(91, 91, 25, NULL, NULL, 'Rose', '', 'Mautner', 'rose_mautner@yahoo.com.au', '02 9389 2223', NULL, 'Main applicant', '2012-11-19 00:00:00', '2012-11-19 00:00:00'),
(92, 92, 20, NULL, NULL, 'Ella', '', 'Zomer', 'ebella1983@gmail.com', '+44 7445358122', NULL, 'Main applicant', '2012-11-20 00:00:00', '2012-11-20 00:00:00'),
(93, 93, 20, NULL, NULL, 'Laura', '', 'Wesolowski', 'laura.wesolowski@rocketmail.com', '02 9716 6503', NULL, 'Main applicant', '2012-11-28 00:00:00', '2012-11-28 00:00:00'),
(94, 94, 20, NULL, NULL, 'Michael', '', 'Korycin', 'm.korycin@bigpond.com', '08 9304 1110', NULL, 'Main applicant', '2012-11-29 00:00:00', '2012-11-29 00:00:00'),
(95, 95, 20, NULL, NULL, 'Andrew', '', 'Bilszczyk', 'andbli@yahoo.com', '+974 334 779 04', NULL, 'Main applicant', '2012-11-29 00:00:00', '2012-11-29 00:00:00'),
(96, 96, 20, NULL, NULL, 'David', '', 'Clarke', 'dcla.6359@bigpond.com', '03 9820 3684', NULL, 'Main applicant', '2012-11-29 00:00:00', '2012-11-29 00:00:00'),
(97, 97, 26, NULL, NULL, 'A', 'L', 'Struk', 'sam@siteplat.com', '416 402 9736', NULL, 'Main applicant', '2012-11-29 00:00:00', '2012-11-29 00:00:00'),
(98, 98, 20, NULL, NULL, 'Laura', '', 'McDonald', 'laurawmcdonald@gmail.com', '9387 4404', NULL, 'Main applicant', '2012-11-29 00:00:00', '2012-11-29 00:00:00'),
(99, 99, 20, NULL, NULL, 'Laura', '', 'Kassmier', 'laurabreynolds@comcast.net', '630 3030454', NULL, 'Main applicant', '2012-11-29 00:00:00', '2012-11-29 00:00:00'),
(100, 100, 20, NULL, NULL, 'Lee', '', 'Smolinski', 'leesmolinski@comcast.net', '561 4179729', NULL, 'Main applicant', '2012-11-29 00:00:00', '2012-11-29 00:00:00'),
(101, 101, 20, NULL, NULL, 'George', '', 'Bielski', 'zorak1997@yahoo.com', '617 859 8213', NULL, 'Main applicant', '2012-11-29 00:00:00', '2012-11-29 00:00:00'),
(102, 102, 20, NULL, NULL, 'Anthony', '', 'Kisiel', 'Anthony_kisiel@hotmail.com', '01256 324582', NULL, 'Main applicant', '2012-11-29 00:00:00', '2012-11-29 00:00:00'),
(103, 103, 20, NULL, NULL, 'Andrew', '', 'Young', 'ajy@hotmail.com', NULL, '0400 727 900', 'Main applicant', '2012-11-29 00:00:00', '2012-11-29 00:00:00'),
(104, 104, 20, NULL, NULL, 'Paul', '', 'Martyniak', 'martyniak@gmail.com', NULL, '0417 875 070', 'Main applicant', '2012-11-29 00:00:00', '2012-11-29 00:00:00'),
(105, 105, 20, NULL, NULL, 'Alison', '', 'Dabros', 'alisondabros@hotmail.com', NULL, '0434 587 345', 'Main applicant', '2012-11-29 00:00:00', '2013-03-20 00:00:00'),
(106, 106, 20, NULL, NULL, 'Peter', '', 'Richards', 'aupeterrichards@yahoo.com', NULL, '0410 636 910', 'Main applicant', '2012-11-29 00:00:00', '2012-11-29 00:00:00'),
(107, 107, 20, NULL, NULL, 'Peter', '', 'Jackson', 'nyul-nyul@web.de', '10128 6748', NULL, 'Main applicant', '2012-11-30 00:00:00', '2012-11-30 00:00:00'),
(108, 108, 20, NULL, NULL, 'Stefania', '', 'Bochenski', 'sbochens@gmail.com', NULL, NULL, 'Main applicant', '2012-12-03 00:00:00', '2012-12-03 00:00:00'),
(110, 110, 20, NULL, NULL, 'Aneta', '', 'Peretko', 'anetaper@gmail.com', '+852 9669 6463', NULL, 'Main applicant', '2012-12-03 00:00:00', '2012-12-03 00:00:00'),
(111, 111, 27, NULL, NULL, 'Eleanor', '', 'Stankiewicz', 'elean_or@hotmail.com', NULL, '0422 758 560', 'Main applicant', '2012-12-03 00:00:00', '2012-12-03 00:00:00'),
(112, 112, 20, NULL, NULL, 'Tadeusz', '', 'Klejne', 'ivan19@o2.pl', '242 421 31 47', NULL, 'Main applicant', '2012-12-06 00:00:00', '2012-12-06 00:00:00'),
(113, 113, 20, NULL, NULL, 'Kristy', '', 'Skiel', 'kristy_skiel@hotmail.co.uk', '03 9623 5364', NULL, 'Main applicant', '2012-12-06 00:00:00', '2012-12-06 00:00:00'),
(114, 114, 20, NULL, NULL, 'Eytan', '', 'Udovich', 'eudovich@bigpond.net.au', NULL, '0412 110 259', 'Main applicant', '2012-12-07 00:00:00', '2012-12-07 00:00:00'),
(115, 115, 20, NULL, NULL, 'Michal', '', 'Maslanka', 'michal_maslanka@hotmail.com', '02 4236 0720', NULL, 'Main applicant', '2012-12-10 00:00:00', '2012-12-10 00:00:00'),
(116, 116, 20, NULL, NULL, 'Sasha', '', 'Kliger', 'skliger@bigpond.com', NULL, NULL, 'Main applicant', '2012-12-10 00:00:00', '2012-12-10 00:00:00'),
(117, 117, 20, NULL, NULL, 'Kathrin', '', 'Bulat', 'kathrin@ymail.com', '03 8613 1452', NULL, 'Main applicant', '2012-12-10 00:00:00', '2012-12-10 00:00:00'),
(118, 118, 20, NULL, NULL, 'Dariusz', '', 'Rusiecki', 'dariusz.rusiecki@gmail.com', NULL, NULL, 'Main applicant', '2012-12-12 00:00:00', '2012-12-12 00:00:00'),
(119, 119, 20, NULL, NULL, 'Trevor', '', 'Ziemer', 'trevor.ziemer61@gmail.com', NULL, '0419 118 295', 'Main applicant', '2012-12-12 00:00:00', '2012-12-12 00:00:00'),
(120, 120, 20, NULL, NULL, 'Evi', '', 'Perlmutter', 'eviperlmutter@hotmail.com', '02 9130 7647', NULL, 'Main applicant', '2012-12-12 00:00:00', '2012-12-12 00:00:00'),
(122, 122, 20, NULL, NULL, 'Kyle', '', 'Czech', 'kyle.czech@live.com.au', NULL, '0400 019 092', 'Main applicant', '2012-12-12 00:00:00', '2012-12-12 00:00:00'),
(123, 123, 28, NULL, NULL, 'Nicholas', '', 'Barclay', 'nbarclay@serviceworks.com.au', NULL, '0402 699 279', 'Main applicant', '2012-12-12 00:00:00', '2012-12-12 00:00:00'),
(124, 124, 20, NULL, NULL, 'Julian', '', 'Kudelko', 'jmkudelko@gmail.com', NULL, '0414 767 085', 'Main applicant', '2012-12-13 00:00:00', '2012-12-13 00:00:00'),
(125, 125, 29, NULL, NULL, 'Hannah', '', 'Warren', 'hannahjwarren@hotmail.com', NULL, '0449 604 671', 'Main applicant', '2013-01-07 00:00:00', NULL),
(129, 129, 30, NULL, NULL, 'Alexandra', '', 'Radywonik', 'radywonik.alex@gmail.com', '93186785', '0400 067 080', 'Main applicant', '2013-01-07 00:00:00', NULL),
(130, 130, 31, NULL, NULL, 'Elisabeth', '', 'Akhurst', 'elisabethakhurst@gmail.com', '02 9087 4600', NULL, 'Main applicant', '2013-01-07 00:00:00', NULL),
(131, 131, 32, NULL, NULL, 'Monika', '', 'Page', 'monika.page@horizonpower.com.au', NULL, '0400 097 199', 'Main applicant', '2013-01-07 00:00:00', NULL),
(132, 132, 32, NULL, NULL, 'Lucas', '', 'Page', 'monika.page@horizonpower.com.au', NULL, '0428 979 283', 'Main applicant', '2013-01-07 00:00:00', NULL),
(133, 133, 33, NULL, NULL, 'Sam', '', 'Margalit', 'sam@margalit.com.au', NULL, '0400 429 423', 'Main applicant', '2013-01-07 00:00:00', NULL),
(134, 134, 34, NULL, NULL, 'Mark', '', 'Cullen', 'markcullen66@hotmail.com', NULL, '0431 979 047', 'Main applicant', '2013-01-07 00:00:00', NULL),
(135, 135, 35, NULL, NULL, 'Tamara', '', 'Smolinski', 'tamara.smolinski@live.com', '44 7703980975', NULL, 'Main applicant', '2013-01-08 00:00:00', NULL),
(136, 136, 36, NULL, NULL, 'Rina', '', 'Neustroski', 'rina@kithbrookepark.com.au', NULL, '0407 336 006', 'Main applicant', '2013-01-08 00:00:00', NULL),
(137, 137, 20, NULL, NULL, 'Antonina', '', 'Pilat', 'Antonina.Pilat@bakermckenzie.com', NULL, NULL, 'Main applicant', '2013-01-08 00:00:00', NULL),
(138, 138, 37, NULL, NULL, 'Lauren', '', 'Burgoyne', 'lozburgoyne@hotmail.com', NULL, '0401 829 959', 'Main applicant', '2013-01-08 00:00:00', NULL),
(139, 139, 20, NULL, NULL, 'Eddy', '', 'Reksmiss', 'traceyreksmiss@optusnet.com.au', NULL, '02 0400 917 061', 'Main applicant', '2013-01-09 00:00:00', NULL),
(140, 140, 38, NULL, NULL, 'Benjamin', '', 'Niciak', 'ben.niciak@gmail.com', '02 4758 8388', NULL, 'Main applicant', '2013-01-09 00:00:00', NULL),
(142, 142, 39, NULL, NULL, 'Leon', '', 'Lewandowski', 'leonl@westnet.com.au', NULL, '0419 786 376', 'Main applicant', '2013-01-09 00:00:00', NULL),
(143, 143, 40, NULL, NULL, 'Mark', '', 'Szulgit', 'markszulgit@hotmail.com', '646 2489486', NULL, 'Main applicant', '2013-01-09 00:00:00', NULL),
(144, 144, 41, NULL, NULL, 'John-Paul', '', 'Syriatowicz', 'jp@squiz.net', NULL, '0416 209 413', 'Main applicant', '2013-01-10 00:00:00', NULL),
(145, 145, 42, NULL, NULL, 'Malia', '', 'Swieconek', 'malia.price-morris@wellsfargo.com', '(202) 3211607', NULL, 'Main applicant', '2013-01-10 00:00:00', NULL),
(146, 146, 43, NULL, NULL, 'Naomi', '', 'Adamczyk', 'naomi.adamczyk@gmail.com', '08 9377 7186', NULL, 'Main applicant', '2013-01-11 00:00:00', NULL),
(147, 147, 44, NULL, NULL, 'John', '', 'Duris', 'jduristrading@gmail.com', NULL, '0410 114 119', 'Main applicant', '2013-01-11 00:00:00', NULL),
(148, 148, 45, NULL, NULL, 'Roman', '', 'Anorov', 'anorovs@gmail.com', NULL, '0439 245 788', 'Main applicant', '2013-01-11 00:00:00', NULL),
(150, 150, 46, NULL, NULL, 'Samara', '', 'White', 'samaraw29@gmail.com', '520 444 6259', NULL, 'Main applicant', '2013-01-11 00:00:00', NULL),
(151, 151, 20, NULL, NULL, 'Miriam', '', 'Baz', 'miriamb@hotkey.net.au', NULL, NULL, 'Main applicant', '2013-01-17 00:00:00', NULL),
(152, 152, 20, NULL, NULL, 'Sonia', '', 'Newell', 'newell-knespal@bigpond.com', NULL, NULL, 'Main applicant', '2013-01-17 00:00:00', NULL),
(154, 154, 47, NULL, NULL, 'Paulina', 'Henrieta', 'Gray', 'acrgray@gmail.com', '02 9363 4352', '0423 459 750', 'Main applicant', '2013-01-17 00:00:00', NULL),
(155, 155, 48, NULL, NULL, 'Naomi', '', 'Batiste', 'naomibatiste@hotmail.com', NULL, NULL, 'Main applicant', '2013-01-17 00:00:00', NULL),
(156, 156, 49, NULL, NULL, 'Stan', '', 'Kozera', 'kozera@northnet.com.au', '02 6772 9728', NULL, 'Main applicant', '2013-01-17 00:00:00', NULL),
(157, 157, 50, NULL, NULL, 'Yolanda', '', 'Loughnan', 'yolanda.loughnan@gmail.com', NULL, '0411 542 260', 'Main applicant', '2013-01-17 00:00:00', NULL),
(158, 158, 51, NULL, NULL, 'Bianca', '', 'Patrick', 'nathan.patrick@insearch.edu.au', NULL, '0412 884 994', 'Main applicant', '2013-01-17 00:00:00', NULL),
(159, 159, 52, NULL, NULL, 'Patricia', '', 'Einh?rning', 'patricia.e@live.se', '46 46709237626', NULL, 'Main applicant', '2013-01-17 00:00:00', NULL),
(160, 160, 53, NULL, NULL, 'Eva', '', 'Krystoff', 'eva.krystoff@alliancebernstein.com', '954 646 2884', NULL, 'Main applicant', '2013-01-18 00:00:00', NULL),
(161, 161, 54, NULL, NULL, 'Paula', '', 'Tudek', 'paulatudek@gmail.com', '44 7535810139', NULL, 'Main applicant', '2013-01-18 00:00:00', NULL),
(162, 162, 55, NULL, NULL, 'John', '', 'Kasbara', 'ipitythefool101@gmail.com', '902 1012232', NULL, 'Main applicant', '2013-01-18 00:00:00', NULL),
(163, 163, 56, NULL, NULL, 'Mathew', '', 'Mertuszka', 'mer1989@bigpond.com', '03 94368034', NULL, 'Main applicant', '2013-01-18 00:00:00', NULL),
(164, 164, 57, NULL, NULL, 'Marek', '', 'Kostrzewa', 'mark.sam@iinet.net.au', NULL, '0419 167 158', 'Main applicant', '2013-01-18 00:00:00', NULL),
(165, 165, 58, NULL, NULL, 'Kylie', '', 'Ewart', 'skewart@bigpond.com', NULL, '0401 136 691', 'Main applicant', '2013-01-18 00:00:00', NULL),
(166, 166, 59, NULL, NULL, 'Karolina', '', 'Kozlowska', 'kk_magna@bigpond.com', '02 9676 4225', NULL, 'Main applicant', '2013-01-18 00:00:00', NULL),
(167, 167, 60, NULL, NULL, 'Stefan', '', 'Zasiadczyk', 'stefan.zasiadczyk@deewr.gov.au', NULL, '0434 534 533', 'Main applicant', '2013-01-18 00:00:00', '2013-03-08 00:00:00'),
(168, 168, 61, NULL, NULL, 'Jacqueline', '', 'Szady', 'szadyj@transfieldservices.com', NULL, '0422 279 508', 'Main applicant', '2013-01-18 00:00:00', NULL),
(169, 169, 62, NULL, NULL, 'Benjamin', '', 'Grady', 'benjamingrady@hotmail.com', '505 903 9286', NULL, 'Main applicant', '2013-01-18 00:00:00', NULL),
(170, 170, 63, NULL, NULL, 'Earanee', '', 'Niedzwiecki', 'earanee.n@gmail.com', '08 8269 1870', NULL, 'Main applicant', '2013-01-18 00:00:00', NULL),
(171, 171, 64, NULL, NULL, 'Shane', '', 'Rafanowicz', 'shane.rafanowicz@gmail.com', NULL, '0422 150 313', 'Main applicant', '2013-01-18 00:00:00', NULL),
(172, 172, 65, NULL, NULL, 'Hania', '', 'Owsinski', 'haniajoy@gmail.com', NULL, '0434 834 816', 'Main applicant', '2013-01-21 00:00:00', NULL),
(173, 173, 66, NULL, NULL, 'Elizabeth', '', 'Reynolds', 'ge.reynolds@optusnet.com.au', '02 4952 7674', '0402 409 474', 'Main applicant', '2013-01-21 00:00:00', NULL),
(174, 174, 67, NULL, NULL, 'Izabela', '', 'Nowakowska', 'izabela.nowakowska@mail.com', NULL, '0466 832 065', 'Main applicant', '2013-01-21 00:00:00', NULL),
(175, 175, 68, NULL, NULL, 'Michelle', '', 'Matheson', 'mmatheson3@hotmail.com', '07 5545 0821', NULL, 'Main applicant', '2013-01-21 00:00:00', NULL),
(176, 176, 69, NULL, NULL, 'Chris', '', 'Dziuba', 'c.dziuba@hotmail.com', '403 919 1577', NULL, 'Main applicant', '2013-01-21 00:00:00', NULL),
(177, 177, 70, NULL, NULL, 'Celeste', '', 'Kolanko', 'celestek3@yahoo.com', '(917) 2501795', NULL, 'Main applicant', '2013-01-22 00:00:00', NULL),
(178, 178, 71, NULL, NULL, 'Tess', '', 'Schlink', 'tessalexandraschlink@hotmail.com', NULL, '0409 992 072', 'Main applicant', '2013-01-22 00:00:00', NULL),
(179, 179, 20, NULL, NULL, 'Madeline', '', 'McShane', 'madeline_helena@hotmail.com', NULL, '0402 733 550', 'Main applicant', '2013-01-22 00:00:00', NULL),
(180, 180, 72, NULL, NULL, 'Joanne', '', 'Masternak', 'jmmasternak@gmail.com', '(33) 0668780301', NULL, 'Main applicant', '2013-01-23 00:00:00', NULL),
(181, 181, 73, NULL, NULL, 'Elliot', '', 'Wasniewski', 'elliot.wasniewski@live.com', NULL, '0401 200 663', 'Main applicant', '2013-01-23 00:00:00', NULL),
(182, 182, 74, NULL, NULL, 'Robert', '', 'Frankow', 'rob.frankow@blueyonder.co.uk', '01752 290 767', NULL, 'Main applicant', '2013-01-23 00:00:00', NULL),
(183, 183, 75, NULL, NULL, 'Aleksander', '', 'Kornel', 'alekskornel@hotmail.com', NULL, '0421 728 140', 'Main applicant', '2013-01-24 00:00:00', NULL),
(184, 184, 76, NULL, NULL, 'Peter', 'John', 'Chesterfield', 'peter.chesterfield@mcarthur.com.au', 'chesterfieldpeter@gmail.com', '0415 508 800', 'Main applicant', '2013-01-25 00:00:00', NULL),
(185, 185, 77, NULL, NULL, 'Michelle', '', 'Korycin', 'michelle.korycin@hotmail.com', NULL, '0439 691 324', 'Main applicant', '2013-01-25 00:00:00', '2013-03-08 00:00:00'),
(186, 186, 78, NULL, NULL, 'Bodhi', '', 'Randell-Deptula', 'brandell-deptula@hotmail.com', '08 8355 4466', NULL, 'Main applicant', '2013-01-29 00:00:00', NULL),
(187, 187, 79, NULL, NULL, 'Joel', '', 'Gory', 'evagory@gmail.com', '03 9532 4024', NULL, 'Main applicant', '2013-01-29 00:00:00', NULL),
(188, 188, 80, NULL, NULL, 'Christyna', '', 'Kruczaj', 'christyna.kruczaj@cosmeditour.com', '07 5570 6699', NULL, 'Main applicant', '2013-01-29 00:00:00', NULL),
(189, 189, 81, NULL, NULL, 'Daniel', '', 'Powiecki', 'danielpowiecki@hotmail.com', '07 968614012', NULL, 'Main applicant', '2013-01-29 00:00:00', NULL),
(190, 190, 82, NULL, NULL, 'Zevon', '', 'Hiltz', 'zevon01@hotmail.com', NULL, '0438 123 021', 'Main applicant', '2013-01-29 00:00:00', NULL),
(191, 191, 83, NULL, NULL, 'Marama', '', 'Whyte', 'marama.whyte@gmail.com', '03 9544 7692', NULL, 'Main applicant', '2013-01-29 00:00:00', NULL),
(192, 192, 84, NULL, NULL, 'Brian', '', 'Exelbierd', 'bex@pobox.com', '420 606055877', NULL, 'Main applicant', '2013-01-29 00:00:00', NULL),
(193, 193, 83, NULL, NULL, 'Jeffrey', '', 'Bender', 'jeffreysbender1@gmail.com', '03 9544 7692', '0417 031149', 'Main applicant', '2013-01-30 00:00:00', NULL),
(194, 194, 20, NULL, NULL, 'David', '', 'Pipczak', 'd_pipczak@yahoo.com.au', '0468 377 917', NULL, 'Main applicant', '2013-01-31 00:00:00', NULL),
(196, 196, 85, NULL, NULL, 'Olivia', '', 'Piskadlo-Jones', 'oliviap@showbiz.com.au', NULL, '0422 330 712', 'Main applicant', '2013-01-31 00:00:00', NULL),
(197, 197, 86, NULL, NULL, 'Jocelyn', '', 'Fantasia', 'jocelyn.fantasia@gmail.com', NULL, '0423 376 372', 'Main applicant', '2013-02-01 00:00:00', NULL),
(201, 201, 87, NULL, NULL, 'Mathew', '', 'Trec', 'trecky1992@live.com', '(08)9296 7353', NULL, 'Main applicant', '2013-02-01 00:00:00', NULL),
(202, 202, 88, NULL, NULL, 'David', '', 'Winter', 'heydavewinter@gmail.com', NULL, '+ 6474002139', 'Main applicant', '2013-02-01 00:00:00', NULL),
(207, 207, 89, NULL, NULL, 'Adela', '', 'Debuse', 'adela@wunderkind.comau', NULL, '0410618721', 'Main applicant', '2013-02-05 00:00:00', NULL),
(208, 208, 90, NULL, NULL, 'Thomas', '', 'Mills', 'mills_tom@hotmail.com', NULL, '0403235343', 'Main applicant', '2013-02-05 00:00:00', NULL),
(209, 209, 91, NULL, NULL, 'Simon', '', 'Olenski', 'simonolenski@gmailcom', NULL, '0402 138 157', 'Main applicant', '2013-02-05 00:00:00', NULL),
(211, 211, 92, NULL, NULL, 'Justin', '', 'Cohen', 'juz.cohen@gmail.com', '03 9523 0707', NULL, 'Main applicant', '2013-02-05 00:00:00', NULL),
(213, 213, 20, NULL, NULL, 'Marcus', '', 'Frajman', NULL, NULL, NULL, 'Main applicant', '2013-02-05 00:00:00', NULL),
(215, 215, 93, NULL, NULL, 'Stan', '', 'Kucharski', 'stan_kucharski@hotmail.com', '98301528', '0400050609', 'Main applicant', '2013-02-05 00:00:00', NULL),
(216, 216, 94, NULL, NULL, 'David', '', 'Zalcberg', 'lynette@zalcberg.com.au', NULL, '0417 308 984', 'Main applicant', '2013-02-05 00:00:00', '2013-03-08 00:00:00'),
(217, 217, 95, NULL, NULL, 'Ray', '', 'Busch', 'raybusch@gmail.com', NULL, NULL, 'Main applicant', '2013-02-05 00:00:00', NULL),
(218, 218, 96, NULL, NULL, 'Beata', '', 'English', 'info@beataenglish.com', NULL, '0422 952 506', 'Main applicant', '2013-02-06 00:00:00', NULL),
(219, 219, 97, NULL, NULL, 'Miriam', '', 'Balsam', 'miriambalsam@gmail.com', '(416) 9538607', NULL, 'Main applicant', '2013-02-06 00:00:00', NULL),
(221, 221, 98, NULL, NULL, 'Gideon', '', 'Katz', 'gideon.katz@hotmail.com', '(03) 9532 07723', NULL, 'Main applicant', '2013-02-06 00:00:00', NULL),
(223, 223, 99, NULL, NULL, 'Glen', '', 'Tarnowski', 'gptski@gmail.com', '(561) 414-0705', NULL, 'Main applicant', '2013-02-06 00:00:00', NULL),
(224, 224, 100, NULL, NULL, 'Jeremy', '', 'Hoptowit', 'jeremy.hoptowit@gmail.com', '(530) 5182033', NULL, 'Main applicant', '2013-02-06 00:00:00', NULL),
(225, 225, 101, NULL, NULL, 'Melanie', '', 'Johnston', 'melanielaurenjohnston@gmail.com', '(416) 6709832', NULL, 'Main applicant', '2013-02-06 00:00:00', NULL),
(226, 226, 102, NULL, NULL, 'Travis', '', 'Rosolak', 'wakka2079@hotmail.com', '(07) 3814 1515', NULL, 'Main applicant', '2013-02-06 00:00:00', NULL),
(228, 228, 101, NULL, NULL, 'Frances', '', 'Johnston', 'fjohnston@trebnet.com', '(416) 558-2528', NULL, 'Main applicant', '2013-02-06 00:00:00', NULL),
(230, 230, 103, NULL, NULL, 'Bon', '', 'Szyfer', 'bszyfer@gmail.com', '02 9677 1764', '0402 603 063', 'Main applicant', '2013-02-06 00:00:00', NULL),
(231, 231, 103, NULL, NULL, 'Zoe', '', 'Bochynski-Szyfer', 'miz_zoe@hotmail.com', NULL, '0433 359 372', 'Main applicant', '2013-02-06 00:00:00', NULL),
(232, 232, 103, NULL, NULL, 'Amber', 'Susan', 'Szyfer', 'n/a - liaising via Bon Szyfer', NULL, NULL, 'Main applicant', '2013-02-06 00:00:00', NULL),
(233, 233, 103, NULL, NULL, 'Richard', '', 'Szyfer', 'n/a, all communication via Bon', NULL, NULL, 'Main applicant', '2013-02-06 00:00:00', NULL),
(234, 234, 104, NULL, NULL, 'Camilla', '', 'Bourke', NULL, NULL, '0417 281 067', 'Main applicant', '2013-02-07 00:00:00', NULL),
(236, 236, 104, NULL, NULL, 'Alexander', '', 'Bourke', NULL, NULL, NULL, 'Main applicant', '2013-02-07 00:00:00', '2013-03-15 00:00:00'),
(237, 237, 104, NULL, NULL, 'Krystyna', 'Bourke', 'Kurzydlo)', NULL, NULL, NULL, 'Main applicant', '2013-02-07 00:00:00', NULL),
(239, 239, 105, NULL, NULL, 'Kathleen', '', 'Lovatt', 'bradleyfivee@yahoo.com', '(316) 8825503', NULL, 'Main applicant', '2013-02-07 00:00:00', NULL),
(240, 240, 106, NULL, NULL, 'Ilanit', '', 'Kaplan', 'illyk86@gmail.com', '(03) 9942 8479', '(61) 0418992603', 'Main applicant', '2013-02-07 00:00:00', NULL),
(241, 241, 107, NULL, NULL, 'Patryk', '', 'Marach', 'patryk.marach@icloud.com', '(08) 9305 5587', NULL, 'Main applicant', '2013-02-07 00:00:00', NULL),
(242, 242, 108, NULL, NULL, 'Julia', '', 'Gregg', 'jules.once@gmail.com', NULL, '(61) 0423 689 245', 'Main applicant', '2013-02-07 00:00:00', NULL),
(243, 243, 109, NULL, NULL, 'Cassandra', '', 'McManus', 'cassandramcmanus@hotmail.com', '(04) 50169554', NULL, 'Main applicant', '2013-02-07 00:00:00', NULL),
(244, 244, 110, NULL, NULL, 'Di', '', 'Zhang', 'udcbht@gmail.com', '(27) 824791004', NULL, 'Main applicant', '2013-02-07 00:00:00', NULL),
(245, 245, 111, NULL, NULL, 'Shelby', '', 'Fishkind', 'yehuda@fishkind.org', '+ (1) 4103584580', NULL, 'Main applicant', '2013-02-07 00:00:00', '2013-03-14 00:00:00'),
(246, 246, 112, NULL, NULL, 'Tom', '', 'Mankowski', 'esdftom@gmail.com', NULL, NULL, 'Main applicant', '2013-02-07 00:00:00', NULL),
(247, 247, 113, NULL, NULL, 'Benjamin', '', 'Jozefiak', 'benjozefiak@gmail.com', '0413 361 940', NULL, 'Main applicant', '2013-02-04 00:00:00', NULL),
(248, 248, 49, NULL, NULL, 'Joseph', 'Stan', 'Kozera', 'joseph.kozera@gmail.com', NULL, '0411466382', 'Main applicant', '2013-02-07 00:00:00', NULL),
(249, 249, 49, NULL, NULL, 'Emily', 'Kay', 'Kozera', 'emily.kozera@hotmail.com', '02 6772 3807', '0439 173 960', 'Main applicant', '2013-02-07 00:00:00', NULL),
(250, 250, 3, NULL, NULL, 'Sarah', 'J.', 'Layman', NULL, NULL, NULL, 'Main applicant', '2013-02-07 00:00:00', NULL),
(251, 251, 3, NULL, NULL, 'Kate', 'P.', 'Layman', NULL, NULL, NULL, 'Main applicant', '2013-02-07 00:00:00', NULL),
(252, 252, 11, NULL, NULL, 'Myer', 'Michael', 'Rozen', 'myer@amalgadent.com.au', NULL, NULL, 'Main applicant', '2013-02-07 00:00:00', NULL),
(253, 253, 114, NULL, NULL, 'Harry', '', 'Bryce', 'harry.bryce@vu.edu.au', '95097946', '0438 201 368', 'Main applicant', '2013-02-07 00:00:00', NULL),
(255, 255, 115, NULL, NULL, 'Sarah', '', 'Kaleta', NULL, NULL, '0405 935 917', 'Main applicant', '2013-02-08 00:00:00', NULL),
(256, 256, 116, NULL, NULL, 'Victoria', '', 'Kolankiewicz', 'tokicat@gmail.com', '(03) 9367 5047', NULL, 'Main applicant', '2013-02-08 00:00:00', NULL),
(259, 259, 117, NULL, NULL, 'Jess', '', 'Kozera', 'kozfour@hotmail.ca', '(519) 472-3208', NULL, 'Main applicant', '2013-02-08 00:00:00', NULL),
(260, 260, 118, NULL, NULL, 'Stephanie', '', 'Solywoda', 'ssolywoda@hotmail.com', '(+447786) 364094', NULL, 'Main applicant', '2013-02-08 00:00:00', '2013-03-08 00:00:00'),
(261, 261, 119, NULL, NULL, 'Natalie', '', 'Palmowski', 'natalie220988@gmail.com', '(0249) 334337', NULL, 'Main applicant', '2013-02-08 00:00:00', NULL),
(262, 262, 120, NULL, NULL, 'Wojciech', '', 'Klonowski', 'woytek21@gmail.com', '(08) 9386 2203', NULL, 'Main applicant', '2013-02-08 00:00:00', NULL),
(263, 263, 121, NULL, NULL, 'Irena', '', 'Morgan', 'mwtrain@powerup.com.au', '(07) 32038374', NULL, 'Main applicant', '2013-02-08 00:00:00', NULL),
(264, 264, 6, NULL, NULL, 'Larissa', '', 'Falls', NULL, NULL, NULL, 'Main applicant', '2013-02-08 00:00:00', NULL),
(265, 265, 122, NULL, NULL, 'Tim', '', 'Oznobyshyn', 'timoznobyshyn@me.com', '(04) 11177741', NULL, 'Main applicant', '2013-02-08 00:00:00', NULL),
(266, 266, 6, NULL, NULL, 'Charlotte', '', 'Falls', NULL, NULL, NULL, 'Main applicant', '2013-02-08 00:00:00', NULL),
(267, 267, 123, NULL, NULL, 'Yvette', '', 'Zegenhagen', 'yvette.zegenhagen@gmail.com', '03 9878 7989', '0413 251 862', 'Main applicant', '2013-02-08 00:00:00', NULL),
(268, 268, 123, NULL, NULL, 'Nicole', '', 'Landau', NULL, NULL, NULL, 'Main applicant', '2013-02-08 00:00:00', NULL),
(269, 269, 123, NULL, NULL, 'Sasha', '', 'Zegenhagen', NULL, NULL, NULL, 'Main applicant', '2013-02-08 00:00:00', NULL),
(271, 271, 124, NULL, NULL, 'Dorothy', '', 'Mrocki', NULL, NULL, NULL, 'Main applicant', '2013-02-10 00:00:00', NULL),
(272, 272, 125, NULL, NULL, 'Suzanne', '', 'Adler', 'suzanne.adler@gmail.com', '9822 8786', '0412 325 254', 'Main applicant', '2013-02-10 00:00:00', NULL),
(273, 273, 126, NULL, NULL, 'Maria', '', 'Bidwell', 'avoland@bigpond.com.au', '03 64252646', NULL, 'Main applicant', '2013-02-10 00:00:00', NULL),
(274, 274, 126, NULL, NULL, 'Kate', 'Louise', 'Bidwell', 'katebidwell@hotmail.com', NULL, '+971 567 594 155', 'Main applicant', '2013-02-10 00:00:00', NULL),
(275, 275, 127, NULL, NULL, 'Tamara', '', 'Targo-Bailey', 'stillwaters@live.com', NULL, '0417 700 710', 'Main applicant', '2013-02-10 00:00:00', NULL),
(276, 276, 128, NULL, NULL, 'Monika', '', 'Beer', 'monskib@hotmail.com', NULL, NULL, 'Main applicant', '2013-02-10 00:00:00', '2013-03-08 00:00:00'),
(277, 277, 129, NULL, NULL, 'Benjamin', 'Leslie', 'Karpeta', 'bkarpeta@westpac.com.au', '9608 4571', '0438 227 338', 'Main applicant', '2013-02-10 00:00:00', NULL),
(279, 279, 130, NULL, NULL, 'Robert', 'Joseph', 'Kaspar', 'bobykas@hotmail.com', '02 67665 8823', NULL, 'Main applicant', '2013-02-10 00:00:00', NULL),
(280, 280, 131, NULL, NULL, 'Max', '', 'Lederman', NULL, NULL, NULL, 'Main applicant', '2013-02-11 00:00:00', NULL),
(281, 281, 131, NULL, NULL, 'Celia', '', 'Perelis', NULL, NULL, NULL, 'Main applicant', '2013-02-11 00:00:00', NULL),
(282, 282, 124, NULL, NULL, 'Simon', '', 'Mrocki', NULL, NULL, NULL, 'Main applicant', '2013-02-11 00:00:00', NULL),
(283, 283, 132, NULL, NULL, 'Kathleen', '', 'Kocaj', 'kat258@hotmail.com', NULL, '(04) 07282877', 'Main applicant', '2013-02-11 00:00:00', NULL),
(284, 284, 133, NULL, NULL, 'John', '', 'Meke', 'rob@gm.com', NULL, '(085) 48745772', 'Main applicant', '2013-02-11 00:00:00', NULL),
(285, 285, 134, NULL, NULL, 'Christopher', '', 'Kabala', 'christopherkabala@peoplepc.com', '(212) 89733792', NULL, 'Main applicant', '2013-02-11 00:00:00', NULL),
(286, 286, 135, NULL, NULL, 'Daniel', '', 'Kruk', 'krukem@gmail.com', NULL, '(61) 413315191', 'Main applicant', '2013-02-11 00:00:00', NULL),
(287, 287, 136, NULL, NULL, 'Peter', '', 'Morgan', 'peter.morgan@ymail.com', '(02) 9580 1982', NULL, 'Main applicant', '2013-02-11 00:00:00', NULL),
(288, 288, 137, NULL, NULL, 'Benjamin', '', 'Drezner', 'bdrezner@hlbwa.com.au', '(08) 9276 6398', '0412 244 682', 'Main applicant', '2013-02-11 00:00:00', NULL),
(289, 289, 137, NULL, NULL, 'Rachel', '', 'Drezner', 'bdrezner@hlbwa.com.au', '(08) 9276 6398', '0412 244 682', 'Main applicant', '2013-02-11 00:00:00', NULL),
(290, 290, 137, NULL, NULL, 'Jack', '', 'Drezner', 'bdrezner@hlbwa.com.au', '(08) 9276 6398', '0412 244 682', 'Main applicant', '2013-02-11 00:00:00', NULL),
(291, 291, 138, NULL, NULL, 'Sally', 'Anne', 'Robin', 'sallyrobin18@yahoo.com', NULL, '0411877002', 'Main applicant', '2013-02-11 00:00:00', NULL),
(292, 292, 139, NULL, NULL, 'Patrick', 'Peter', 'Hayes', 'patphayes@hotmail.com', NULL, '0401 801 001', 'Main applicant', '2013-02-11 00:00:00', NULL),
(293, 293, 140, NULL, NULL, 'Leslie', '', 'Burnett', 'leslie.bee@me.com', '02 9411 2896', NULL, 'Main applicant', '2013-02-11 00:00:00', NULL),
(295, 295, 141, NULL, NULL, 'Jasmine', '', 'Dwyer', 'jasmine-dwyer@hotmail.com', NULL, '(03) 0423 024 863', 'Main applicant', '2013-02-12 00:00:00', NULL),
(296, 296, 142, NULL, NULL, 'Julian', '', 'Wozniak', 'julian_wozniak@optusnet.com.au', '(04) 03211855', NULL, 'Main applicant', '2013-02-12 00:00:00', NULL),
(297, 297, 143, NULL, NULL, 'Angela', '', 'Davey', 'angeladavey81@hotmail.com', '(08) 9291 4585', '0419 623 598', 'Main applicant', '2013-02-12 00:00:00', NULL),
(298, 298, 144, NULL, NULL, 'Harry', 'Jacob', 'Kempler', 'hkempler@gmail.com', '03 9505 4100', '0419 380 248', 'Main applicant', '2013-02-12 00:00:00', NULL),
(299, 299, 144, NULL, NULL, 'Jane', 'Anita', 'Kempler', NULL, NULL, NULL, 'Main applicant', '2013-02-12 00:00:00', NULL),
(300, 300, 145, NULL, NULL, 'Catherine', '', 'Gurevich', NULL, NULL, NULL, 'Main applicant', '2013-02-13 00:00:00', NULL),
(301, 301, 146, NULL, NULL, 'Diana', 'Elizabeth', 'Misiak', 'diana.m.125@gmail.com', NULL, '0417 259 152', 'Main applicant', '2013-02-14 00:00:00', NULL),
(302, 302, 147, NULL, NULL, 'Michele', '', 'Mountford', 'cocoshel@hotmail.com.au', '02 486 82433', '0404 139 983', 'Main applicant', '2013-02-14 00:00:00', NULL),
(305, 305, 148, NULL, NULL, 'Joshua', '', 'Slusarski', 'josh_slu@me.com', NULL, '0417443943', 'Main applicant', '2013-02-14 00:00:00', NULL),
(308, 308, 149, NULL, NULL, 'Rita', 'Ann', 'Lemick', 'ral401@rogers.com', '(416) 231-8703', '(416) 954-7053', 'Main applicant', '2013-02-14 00:00:00', NULL),
(310, 310, 83, NULL, NULL, 'Jarrah', 'Max', 'Bender', 'bender@monash.edu', NULL, NULL, 'Main applicant', '2013-02-14 00:00:00', NULL),
(312, 312, 150, NULL, NULL, 'Anna', '', 'Watters', 'anka.cyganka@hotmail.com', '02 9845 8178', '0439 741 018', 'Main applicant', '2013-02-15 00:00:00', NULL),
(313, 313, 150, NULL, NULL, 'Teresa', '', 'Zylka', NULL, NULL, NULL, 'Main applicant', '2013-02-15 00:00:00', NULL),
(314, 314, 151, NULL, NULL, 'Simone', '', 'Turner', 'simone.a.turner@gmail.com', NULL, '0409 528 060', 'Main applicant', '2013-02-18 00:00:00', NULL),
(315, 315, 152, NULL, NULL, 'Nickolas', '', 'Plummer', 'nickolasplummer@bigpond.com', '6427 9727', '0438 550 138', 'Main applicant', '2013-02-19 00:00:00', NULL),
(317, 317, 153, NULL, NULL, 'Joseph', '', 'Lewczuk', 'jrlewczuk@gmail.com', '+974 44991620', '+974 77668425', 'Main applicant', '2013-02-19 00:00:00', NULL),
(318, 318, 153, NULL, NULL, 'Kazimiery', 'Henry', 'Lewczuk', 'henrynina@mooloolabarealestate.com.au', NULL, '0418 714 384', 'Main applicant', '2013-02-19 00:00:00', NULL),
(319, 319, 154, NULL, NULL, 'Michael', 'Stephen', 'Jagiello', 'jagiello.ms@gmail.com', '(08) 9332 7174', '0417 171 501', 'Main applicant', '2013-02-19 00:00:00', NULL),
(320, 320, 155, NULL, NULL, 'Tess', '', 'Brasington', 'tessbd@hotmail.com', '(02) 9799 6725', '0412 301 704', 'Main applicant', '2013-02-19 00:00:00', NULL),
(321, 321, 155, NULL, NULL, 'Annette', '', 'Brasington', 'adekel1@optusnet.com.au', NULL, NULL, 'Main applicant', '2013-02-19 00:00:00', NULL),
(322, 322, 156, NULL, NULL, 'Erin', '', 'O''Reilly', 'ezmay28@hotmail.com', NULL, '0448 801 851', 'Main applicant', '2013-02-19 00:00:00', NULL),
(323, 323, 20, NULL, NULL, 'Peter', '', 'Witkowski', 'witkowskip@theweeklytimes.com.au', NULL, '0425 894 017', 'Main applicant', '2013-02-19 00:00:00', NULL),
(324, 324, 157, NULL, NULL, 'Evelyn', '', 'Perlmutter', 'eviperlmutter@hotmail.com', NULL, NULL, 'Main applicant', '2013-02-20 00:00:00', NULL),
(325, 325, 158, NULL, NULL, 'Eigenia', '', 'Marshall', 'robertlittlejohn@bigpond.com', '9876 45 47', NULL, 'Main applicant', '2013-02-20 00:00:00', NULL),
(328, 328, 111, NULL, NULL, 'Yehuda', '', 'Fishkind', NULL, NULL, NULL, 'Main applicant', '2013-02-21 00:00:00', NULL),
(331, 331, 159, NULL, NULL, 'Samantha', '', 'Bielanski', 'samantha_bielanski@hotmail.com', '(647) 9836626', NULL, 'Main applicant', '2013-02-21 00:00:00', NULL),
(332, 332, 160, NULL, NULL, 'Jessica', '', 'Donaldson', 'donaldsonjm@yahoo.com.au', '(04) 3173 6901', NULL, 'Main applicant', '2013-02-21 00:00:00', NULL),
(333, 333, 161, NULL, NULL, 'Matthew', '', 'Lansdown', 'matt@synthesisproductions.com', '(614) 05014630', NULL, 'Main applicant', '2013-02-21 00:00:00', NULL),
(334, 334, 162, NULL, NULL, 'Frank', '', 'Kurzel', 'frank.kurzel@unisa.edu.au', '(08) 82694086', NULL, 'Main applicant', '2013-02-21 00:00:00', NULL),
(335, 335, 163, NULL, NULL, 'Jenice', '', 'Harley', 'hj_jenice@live.com.au', NULL, '(61) 0404596111', 'Main applicant', '2013-02-21 00:00:00', NULL),
(336, 336, 164, NULL, NULL, 'Garry', '', 'Charny', 'gcharny@wolseleycorporate.com', '(02) 9223 1000', NULL, 'Main applicant', '2013-02-21 00:00:00', NULL),
(337, 337, 165, NULL, NULL, 'Lisa', '', 'Dibbs', 'lisa.dibbs@mater.org.au', '(07) 31631975', NULL, 'Main applicant', '2013-02-21 00:00:00', NULL),
(338, 338, 166, NULL, NULL, 'Martin', '', 'Pucilowski', 'mdpucilowski@gmail.com', '(03) 97870246', NULL, 'Main applicant', '2013-02-21 00:00:00', NULL),
(340, 340, 167, NULL, NULL, 'Andrew', '', 'Pollard', 'andeepollard@gmail.com', '(08) 94543469', NULL, 'Main applicant', '2013-02-21 00:00:00', NULL),
(341, 341, 168, NULL, NULL, 'Ana', '', 'Fernandez', 'ana@fernandezdeaguirre.com', NULL, '(04) 00124587', 'Main applicant', '2013-02-21 00:00:00', NULL),
(342, 342, 169, NULL, NULL, 'Zosia', '', 'Tymerski', 'sophie_tymerski@hotmail.com', '(04) 38631957', NULL, 'Main applicant', '2013-02-21 00:00:00', NULL),
(343, 343, 170, NULL, NULL, 'Miss.', 'C.', 'A', 'caroashford@hotmail.com', '(07816) 525999', NULL, 'Main applicant', '2013-02-21 00:00:00', NULL),
(344, 344, 171, NULL, NULL, 'David', '', 'Sandomierski', 'david@acli.com.au', '(02) 9669 7007', NULL, 'Main applicant', '2013-02-21 00:00:00', NULL),
(345, 345, 172, NULL, NULL, 'Lea', '', 'Binetter', 'learose_b@bigpond.com', NULL, '0413 047 241', 'Main applicant', '2013-02-21 00:00:00', NULL),
(346, 346, 173, NULL, NULL, 'George', '', 'Labuc', 'georgielab2@hotmail.com', '(03) 9593 9320', '9827 7942 (work)', 'Main applicant', '2012-03-21 00:00:00', NULL),
(347, 347, 173, NULL, NULL, 'Pippa', '', 'Labuc', NULL, NULL, NULL, 'Main applicant', '2012-03-22 00:00:00', NULL),
(348, 348, 174, NULL, NULL, 'Jon', '', 'Belko', 'jrdejean1@yahoo.com', '(225) 6208019', NULL, 'Main applicant', '2013-02-22 00:00:00', NULL),
(349, 349, 175, NULL, NULL, 'Anna', '', 'Taylor', NULL, '(07) 559842771', NULL, 'Main applicant', '2013-02-22 00:00:00', NULL),
(350, 350, 176, NULL, NULL, 'Lianna', '', 'Sliwczynski', 'ljsliw@gmail.com', NULL, NULL, 'Main applicant', '2013-02-25 00:00:00', NULL),
(351, 351, 176, NULL, NULL, 'Paul', '', 'Sliwczynski', 'paul@mobilityplus.com.au', NULL, '0419 516 605', 'Main applicant', '2013-02-25 00:00:00', NULL),
(352, 352, 177, NULL, NULL, 'Julia', '', 'Rogozinski', 'rowse@netspace.net.au', '9557 2205', NULL, 'Main applicant', '2013-02-25 00:00:00', NULL),
(353, 353, 178, NULL, NULL, 'Tanya', '', 'Janina', 'tjkwasnica@hotmail.com.au', '02 9600 8130', '0449 255 464', 'Main applicant', '2013-02-25 00:00:00', NULL),
(354, 354, 179, NULL, NULL, 'Julius', '', 'Zieleniecki', 'ziel10015@flinders.edu.au', '(614) 32184838', NULL, 'Main applicant', '2013-02-26 00:00:00', NULL),
(355, 355, 180, NULL, NULL, 'Scott', '', 'Goldsmith', 'scttgldsmth@gmail.com', NULL, '(+61) 422089386', 'Main applicant', '2013-02-26 00:00:00', NULL),
(356, 356, 181, NULL, NULL, 'James', '', 'Studniberg', 'jamestraveller@yahoo.com.au', NULL, '0405 123 251', 'Main applicant', '2013-02-26 00:00:00', NULL),
(357, 357, 182, NULL, NULL, 'Lori', '', 'Williams', 'einheibl@gmail.com', '+1-416-955-1456', NULL, 'Main applicant', '2013-02-26 00:00:00', NULL),
(358, 358, 183, NULL, NULL, 'Boris', '', 'Gelberg', 'bgelberg@hothamtax.com', '9555 5322', '0418 173 594', 'Main applicant', '2013-02-26 00:00:00', NULL),
(359, 359, 184, NULL, NULL, 'Regina', '', 'Peterson', 'luckysprite@gmail.com', '(760) 231 7989', NULL, 'Main applicant', '2013-02-27 00:00:00', NULL),
(361, 361, 185, NULL, NULL, 'Dave', '', 'Sequin', 'banana@gmail.com', NULL, '(045) 5455455', 'Main applicant', '2013-02-27 00:00:00', NULL),
(362, 362, 186, NULL, NULL, 'Sarah', '', 'Smith', 'smitty_94@live.com', NULL, '(+61) 457355977', 'Main applicant', '2013-02-27 00:00:00', NULL),
(364, 364, 187, NULL, NULL, 'Christian', 'Francis', 'Ryan', 'trishan_ryan@hotmail.com', NULL, '0448 813 961', 'Main applicant', '2013-02-28 00:00:00', NULL),
(365, 365, 188, NULL, NULL, 'Jennifer', '', 'Nadwodny', 'jennifer.nadwodny@gmail.com', '(905) 5173312', NULL, 'Main applicant', '2013-02-28 00:00:00', NULL),
(366, 366, 187, NULL, NULL, 'Janina', 'Maria', 'Ryan', NULL, NULL, NULL, 'Main applicant', '2013-02-28 00:00:00', NULL),
(367, 367, 187, NULL, NULL, 'Leo', 'Van', 'Ryan', NULL, NULL, NULL, 'Main applicant', '2013-02-28 00:00:00', NULL),
(368, 368, 187, NULL, NULL, 'Samuel', 'Adam', 'Ryan', NULL, NULL, NULL, 'Main applicant', '2013-02-28 00:00:00', NULL),
(369, 369, 189, NULL, NULL, 'Jonathan', '', 'Ahearn', 'jonts85@hotmail.com', NULL, '(+61) 431522750', 'Main applicant', '2013-02-28 00:00:00', NULL),
(374, 374, 190, NULL, NULL, 'Sandra', '', 'Kasprowicz', 's.andra.k@hotmail.com', '(03) 51277174', NULL, 'Main applicant', '2013-02-28 00:00:00', NULL),
(376, 376, 191, NULL, NULL, 'Alexander', '', 'Moodie', 'alex.moodie@gmail.com', '(03) 5224 2282', '0432 984 393', 'Main applicant', '2013-02-28 00:00:00', NULL),
(377, 377, 192, NULL, NULL, 'Leith', '', 'Poulson', 'leithpoulsen@hotmail.com', NULL, NULL, 'Main applicant', '2013-03-01 00:00:00', NULL),
(378, 378, 20, NULL, NULL, 'Robert', '', 'Ward', 'gabrielle.ward@neostrada.pl', NULL, NULL, 'Main applicant', '2013-03-01 00:00:00', NULL),
(379, 379, 20, NULL, NULL, 'Paul', '', 'Koros', 'paul@comtek.co.uk', '(44) 07983437156', NULL, 'Main applicant', '2013-03-01 00:00:00', NULL),
(381, 381, 193, NULL, NULL, 'Kenneth', 'Francis', 'Madej', 'ken_madej@hotmail.com / ken.madej@anu.edu.au', '(02) 6262 8882', '0404 042 080', 'Main applicant', '2013-03-01 00:00:00', NULL),
(382, 382, 194, NULL, NULL, 'Diego', '', 'Gomez-Grun', 'diegogrun@yahoo.com', '(54) 11-4797-3580', NULL, 'Main applicant', '2013-03-01 00:00:00', NULL),
(386, 386, 45, NULL, NULL, 'Rachel', '', 'Anorov', NULL, NULL, NULL, 'Main applicant', '2013-03-04 00:00:00', NULL),
(387, 387, 45, NULL, NULL, 'David', '', 'Anorov', NULL, NULL, NULL, 'Main applicant', '2013-03-04 00:00:00', NULL),
(388, 388, 45, NULL, NULL, 'Laura', '', 'Anorov', NULL, NULL, NULL, 'Main applicant', '2013-03-04 00:00:00', NULL),
(390, 390, 195, NULL, NULL, 'Justin', '', 'Ridgeway', 'justin.ridgeway@whittlesea.vic.gov.au', NULL, NULL, 'Main applicant', '2013-03-04 00:00:00', NULL),
(393, 393, 196, NULL, NULL, 'James', '', 'Mathers', 'jaymzxyz@hotmail.com, jamesmathers@live.com.au', '(02) 4950 6206', '0421 192 494', 'Main applicant', '2013-03-04 00:00:00', NULL),
(394, 394, 197, NULL, NULL, 'Ivan', '', 'Grauer', 'ivan@yourpharmacy.com.au', NULL, '0417 541 186', 'Main applicant', '2013-03-05 00:00:00', NULL),
(395, 395, 20, NULL, NULL, 'Danielle', '', 'Fisher', 'danielle.fisher@scu.edu.au', NULL, '0422 058 869', 'Main applicant', '2013-03-05 00:00:00', NULL),
(396, 396, 20, NULL, NULL, 'Tamara', '', 'Kusz', 'sm.tm@live.com.au', '(33) 676828688', NULL, 'Main applicant', '2013-03-05 00:00:00', '2013-03-08 00:00:00'),
(397, 397, 20, NULL, NULL, 'Edward', '', 'Korzeniewski', 'bamcram@hushmail.com', '(858) 7773649', NULL, 'Main applicant', '2013-03-05 00:00:00', NULL),
(398, 398, 20, NULL, NULL, 'Edna', '', 'Kutcher', 'edna.k@optusnet.com.au', '(02) 95940361', NULL, 'Main applicant', '2013-03-05 00:00:00', NULL),
(400, 400, 20, NULL, NULL, 'Sally', '', 'Vellar', 'svell13@eq.edu.au', NULL, '(61) 0409 482 256', 'Main applicant', '2013-03-05 00:00:00', NULL),
(401, 401, 20, NULL, NULL, 'Cassandra', '', 'Peszko', 'cassandrapeszko@hotmail.com', NULL, '0450 310 356', 'Main applicant', '2013-03-05 00:00:00', NULL),
(402, 402, 20, NULL, NULL, 'Bradley', '', 'Smorgan', 'bsmorgan@gmail.com', NULL, '(04) 19826888', 'Main applicant', '2013-03-06 00:00:00', NULL),
(403, 403, 20, NULL, NULL, 'Denise', '', 'Coffey', 'denisecoffey62@gmail.com', '(802) 2499154', NULL, 'Main applicant', '2013-03-06 00:00:00', NULL),
(405, 405, 198, NULL, NULL, 'Helen', '', 'Jaworski', 'hjaworski@hotmail.com', '9871 3019', '0434 641 827', 'Main applicant', '2013-03-06 00:00:00', NULL),
(407, 407, 199, NULL, NULL, 'Simon', '', 'Lewicki', 'simonlewicki@me.com', NULL, '0417 453 893', 'Main applicant', '2013-03-06 00:00:00', NULL),
(408, 408, 200, NULL, NULL, 'Shelley', '', 'Jelonek', 'shelleyliana@gmail.com', NULL, '0409 266 955', 'Main applicant', '2013-03-07 00:00:00', NULL),
(409, 409, 200, NULL, NULL, 'Nathan', '', 'Jelonek', 'nathan.jelonek@bigpond.com', NULL, '0423 884 597', 'Main applicant', '2013-03-07 00:00:00', NULL),
(412, 412, 201, NULL, NULL, 'Anna', '', 'Kohut', 'anna.kohut007@gmail.com', NULL, '0417 566 234', 'Main applicant', '2013-03-07 00:00:00', '2013-03-08 00:00:00'),
(414, 414, 202, NULL, NULL, 'Michael', '', 'Zajd', 'mnzajd@gmail.com', '9819 1361', NULL, 'Main applicant', '2013-04-07 00:00:00', '2013-03-08 00:00:00'),
(415, 415, 202, NULL, NULL, 'Daniel', 'Sam', 'Zajd', NULL, NULL, NULL, 'Main applicant', '2013-04-07 00:00:00', '2013-03-08 00:00:00'),
(416, 416, 202, NULL, NULL, 'Monica', '', 'Zajd', NULL, NULL, NULL, 'Main applicant', '2013-04-07 00:00:00', '2013-03-08 00:00:00'),
(417, 417, 202, NULL, NULL, 'Bernadette', '', 'Zajd', NULL, NULL, NULL, 'Main applicant', '2013-04-07 00:00:00', '2013-03-08 00:00:00'),
(418, 418, 20, NULL, NULL, 'Genevieve', '', 'Wessels', 'genevieve.wessels@hotmail.com', '(041) 3653059', NULL, 'Main applicant', '2013-04-07 00:00:00', '2013-03-08 00:00:00'),
(419, 419, 20, NULL, NULL, 'Melanie', '', 'Mika', 'star_angel7777@hotmail.com', '(410) 5555555', NULL, 'Main applicant', '2013-04-07 00:00:00', '2013-03-08 00:00:00'),
(420, 420, 203, NULL, '', 'd', '', 'd', 'jwgre2@student.monash.edu', '', NULL, 'Main applicant', '2013-08-25 12:35:41', '2013-08-25 12:35:41'),
(421, 421, 204, NULL, '', 'd', '', 'd', 'jwgre2@student.monash.edu', '', NULL, 'Main applicant', '2013-08-26 03:16:56', '2013-08-26 03:16:56'),
(422, 422, 205, NULL, '', 'v', '', 'v', 'jwgre2@student.monash.edu', '', NULL, 'Main applicant', '2013-08-26 11:13:51', '2013-08-26 11:13:51'),
(423, 423, 206, NULL, '', 'Frangklin', '', 'M', '', '', NULL, 'Main applicant', '2013-08-26 12:19:27', '2013-08-26 12:19:27'),
(424, 424, 207, NULL, 'Mr', 'Thomas', '', 'Tester', 'ttester@gmail.com', '234234234', NULL, 'Main applicant', '2013-08-26 22:12:06', '2013-08-26 22:12:06'),
(425, 425, 208, NULL, '', 'g', '', 'g', 'jwgre2@student.monash.edu', '', NULL, 'Main applicant', '2013-08-27 00:14:26', '2013-08-27 00:14:26'),
(426, 426, 209, NULL, 'Mr', 'Eva', '', 'Hussain', 'info@polaron.com.au', '0412221031', NULL, 'Main applicant', '2013-08-27 00:31:37', '2013-08-27 00:31:37'),
(427, 428, 211, NULL, 'Mr', 'Bob', '', 'McBobski', 'dc@polaron.com.au', '3456789876532', NULL, 'Main applicant', '2013-08-27 03:41:50', '2013-08-27 03:41:50'),
(428, 430, 213, NULL, '', 'd', '', 'd', 'jwgre2@student.monash.edu', '', NULL, 'Main applicant', '2013-08-28 02:28:15', '2013-08-28 02:28:15'),
(429, 431, 214, NULL, '', 'f', '', 'f', 'jwgre2@student.monash.edu', '', NULL, 'Main applicant', '2013-08-28 02:31:55', '2013-08-28 02:31:55'),
(430, 432, 215, NULL, '', 'r', '', 'r', 'jwgre2@student.monash.edu', '', NULL, 'Main applicant', '2013-08-28 02:51:35', '2013-08-28 02:51:35'),
(431, 433, 216, NULL, '', 'r', '', 'r', 'jwgre2@student.monash.edu', '', NULL, 'Main applicant', '2013-08-28 02:52:40', '2013-08-28 02:52:40'),
(432, 434, 217, NULL, '', 't', '', 't', 'jwgre2@student.monash.edu', '', NULL, 'Main applicant', '2013-08-28 02:56:31', '2013-08-28 02:56:31'),
(433, 435, 222, NULL, '', 'Robert', '', 'Redford', 'rob@gmail.com', '45454545', NULL, 'Main applicant', '2013-09-17 00:42:01', '2013-09-17 00:42:01'),
(434, 436, 223, '0000-00-00 00:00:00', 'Miss', 'Alicia', '', 'Blake', 'ablake@gmail.com', '67676767', NULL, 'Main applicant', '2013-09-17 01:24:40', '2013-09-17 01:24:40');

-- --------------------------------------------------------

--
-- Table structure for table `archiveloans`
--

CREATE TABLE IF NOT EXISTS `archiveloans` (
  `id` int(11) NOT NULL AUTO_INCREMENT,
  `archive_id` int(12) NOT NULL,
  `employee_id` int(12) NOT NULL,
  `date_borrowed` datetime DEFAULT NULL,
  `date_returned` datetime DEFAULT NULL,
  PRIMARY KEY (`id`),
  KEY `archive_id` (`archive_id`),
  KEY `employee_id` (`employee_id`)
) ENGINE=InnoDB  DEFAULT CHARSET=latin1 AUTO_INCREMENT=12 ;

--
-- Dumping data for table `archiveloans`
--

INSERT INTO `archiveloans` (`id`, `archive_id`, `employee_id`, `date_borrowed`, `date_returned`) VALUES
(1, 207, 6, '0000-00-00 00:00:00', '0000-00-00 00:00:00'),
(3, 1, 6, '0000-00-00 00:00:00', '0000-00-00 00:00:00'),
(4, 1, 6, '0000-00-00 00:00:00', '0000-00-00 00:00:00'),
(5, 1, 6, '0000-00-00 00:00:00', '0000-00-00 00:00:00'),
(6, 1, 6, '0000-00-00 00:00:00', '0000-00-00 00:00:00'),
(7, 1, 6, '2013-09-16 00:00:00', '0000-00-00 00:00:00'),
(8, 1, 6, '2013-09-16 04:05:23', '0000-00-00 00:00:00'),
(9, 1, 6, '2013-09-16 04:06:55', NULL),
(10, 207, 6, '2013-09-16 04:08:47', '2013-09-16 04:08:49'),
(11, 207, 6, '2013-09-16 04:08:51', '2013-09-16 04:08:52');

-- --------------------------------------------------------

--
-- Table structure for table `archivenametable`
--

CREATE TABLE IF NOT EXISTS `archivenametable` (
  `ArchiveName` varchar(50) NOT NULL,
  `FamilyName` varchar(50) NOT NULL,
  PRIMARY KEY (`ArchiveName`)
) ENGINE=InnoDB DEFAULT CHARSET=latin1;

--
-- Dumping data for table `archivenametable`
--

INSERT INTO `archivenametable` (`ArchiveName`, `FamilyName`) VALUES
('ADA-1/13', 'none'),
('AHE-1/13', 'none'),
('AKH-1/13', 'none'),
('ALL-1/11', 'Kazimierz Widera'),
('ANO-4/12', 'Awdiejew'),
('ANO-4/13', 'Aleksy Awdiejew'),
('ASH-1/13', 'none'),
('BAL-1/13', '-'),
('BAR-1/13', 'Mikolaj Chaszczewski'),
('BATI-1/13', 'Zbigniew Jan Szabatowski'),
('BEE-1/13', 'Monika Beer'),
('BEL-1/12', 'Bell'),
('BEL-1/13', 'none'),
('BEN-3/13', 'Mordka (Max) Bender'),
('BID-2-10', 'Michal Bajdo'),
('BIE-1/13', 'none'),
('BIL-1/12', 'Bileckyj'),
('BIN-2/13', 'Herman Rappaport'),
('BOU-4/12', 'Kurzydlo'),
('BRA-1/12', 'Dek'),
('BRY-6/11', 'Zygmunt Brysz'),
('BUR-1/13', 'none'),
('BUR-3/13', 'Anna Pidhirnyj'),
('BUS-1/12', 'Marcel Kazemmer Szczepanski'),
('CHA-1/13', 'none'),
('CHE-1/13', 'Stanislaw Urbanowicz'),
('COD-1/12', 'Codognotto'),
('COH-1/13', 'none'),
('CUL-1/13', 'none'),
('DAV-1/09', 'Beinhauer'),
('DEB-1/11', 'Waldemar Zadembski'),
('DIB-1/13', 'none'),
('DON-1/13', 'none'),
('DRE-3/09', 'Drezner'),
('DUR-1/13', 'Maria Duris'),
('DWY-1/13', 'none'),
('DZI-1/13', 'none'),
('ENG-1/12', 'Stezowska Victoria'),
('ENH-1/13', 'none'),
('EWA-1/13', 'none'),
('EXE-1/13', 'Jozef Exelbierd'),
('FALL-3/12', 'Michalina Faliszewska'),
('FAN-1/13', 'Fantasia Jolecyn'),
('FER-1/13', 'none'),
('FIS-8/13', 'Kopit / Triluk'),
('FRA-1/13', 'none'),
('GEL-4/13', 'Gelberg'),
('GOL-1/13', 'none'),
('GOL-2/12', 'Goldstein'),
('GOR-1/13', 'Roza Fuks'),
('GRA-1/12', 'Grauer'),
('GRA-3/13', 'Arnold Grynbaum'),
('GRADY-1/13', 'Michal Michalski'),
('GRE-1/13', 'none'),
('GRU-1/12', 'Gruszka'),
('GRU-1/13', 'Grun'),
('GRZ-1/12', 'Zygmunt Grzyb'),
('GUR-3/10', 'Bella Freeman'),
('HAR-1/13', 'none'),
('HAY-1/10', 'Szaraszek'),
('HIL-1/13', 'none'),
('HIN-1/12', 'Cyryl Depta'),
('HOP-1/13', 'none'),
('HUG-1/12', 'Huggins'),
('HUM-1/12', 'Wieslawa Farbotko'),
('JAG-4/11', 'Jagiello'),
('JAW-1/11', 'Jaworski'),
('JEL-2/12', 'Jelonek'),
('JOH-1/13', 'none'),
('JOZ-1/13', 'none'),
('KAB-1/13', 'none'),
('KAL-1/12', 'Kaleta'),
('KAP-1/13', 'none'),
('KAR-1/12', 'Frank Karpeta'),
('KAS-1/13', 'none'),
('KASP-1/12', 'Jozef Artur Kaspar'),
('KASP-1/13', 'none'),
('KAT-1/13', 'none'),
('KAY-1/12', 'Roman Stanny'),
('KEM- 1/11', 'Fleischer / Kempler'),
('KLO-1/13', 'none'),
('KOC-1/13', 'none'),
('KOHUT', 'Wasyl Kohut'),
('KOL-1/13', 'Jan Kolanko'),
('KOLA-1/13', 'none'),
('KOR-1/13', 'none'),
('KORN-1/13', 'none'),
('KOS-1/13', 'none'),
('KOZ-1/13', 'none'),
('KOZ-3/13', 'Ludwik Kozera'),
('KOZL-1/13', 'none'),
('KRU-1/13', 'none'),
('KRUK-1/13', 'none'),
('KRY-1/13', 'none'),
('KUCH-1/12', 'Stan Kucharski'),
('KUR-1/13', 'none'),
('KWA-1/11', 'Zareba / Kwasnica'),
('LAB-2/12', 'Labuc / Kolodziejczyk'),
('LAN-1/13', 'none'),
('LAY-3/12', 'Antoni Jozef Rak'),
('LEDM-1/12', 'Josek Lederman'),
('LEM-1/12', 'Kowalski'),
('LEW-2/13', 'Marian Lewandowski'),
('LEWC-2/12', 'Lewczuk'),
('LEWIC-1/13', 'Julius Lewicki'),
('LOU-5/13', 'Mikolaj Kremko'),
('LOV-1/13', 'none'),
('MAD-1/12', 'Madej'),
('MAJ-1/12', 'Madzij'),
('MAN-1/12', 'Manual'),
('MAN-1/13', 'none'),
('MAR-1/12', 'Marzec'),
('MAR-1/13', 'none'),
('MARG-1/13', 'none'),
('MARS-2/13', 'Stefan Pawlowski'),
('MAS-1/13', 'none'),
('MAT-1/10', 'Rudyj'),
('MAT-1/13', 'none'),
('MAU-1/12', 'Gerstner'),
('MCK-1/12', 'McKenzie'),
('MCM-1/13', 'none'),
('MEK-1/13', 'none'),
('MER-1/13', 'none'),
('MIL-3/10', 'Gertrude Kwiatkowski'),
('MIS-1/11', 'Misiak'),
('MOO-2/12', 'Reszba'),
('MOR-1/13', 'none'),
('MORG-1/13', 'none'),
('MOUN-1/12', 'Michelle Mountford'),
('MRO-1/10', 'Dorothy Mrocki'),
('NAD-1/13', 'none'),
('NEU-1/13', 'none'),
('NIC-1/13', 'none'),
('NIE-1/3', 'none'),
('none', 'not yet assigned'),
('NOW-1/13', 'none'),
('OLE-2/12', 'Dawid Olenski'),
('ORE-1/12', 'Punko'),
('OWS-1/13', 'none'),
('OZN-1/13', 'none'),
('PAG-2/13', 'Monika Page'),
('PAL-1/13', 'none'),
('PAT-1/13', 'none'),
('PER-1/13', 'Greif & Perlmutter'),
('PET-1/13', 'none'),
('PIS-1/13', 'Piskadlo, Jozef'),
('PLU-1/12', 'Chrusciel'),
('POL-1/13', 'none'),
('POU-1/13', 'none'),
('POW-1/13', 'none'),
('PUC-1/13', 'none'),
('RAD-1/13', 'Michel Radywonik'),
('RAF-1/13', 'Stanislaw Rafanowicz'),
('RAN-1/13', 'none'),
('REY-1/13', 'Bronislawa Szychter'),
('RIDG-1/13', 'Ridgeway'),
('ROB-2/12', 'Hilfstein'),
('ROG-3/13', 'Jakub Rogozinski'),
('ROS-1/13', 'none'),
('ROZ-1/12', 'Rozen, Podplomyk'),
('RYA-1/12', 'Tokarski'),
('SAN-1/13', 'none'),
('SCH-1/12', 'Schnell'),
('SCH-1/13', 'none'),
('SEQ-1/13', 'none'),
('SIR-1/12', 'Siryj'),
('SLI-2/12', 'Sarnecki / Sliwceynski'),
('SLU-1/12', 'Slusarski'),
('SMI-1/13', 'none'),
('SMO-1/13', 'none'),
('SOL-1/13', 'none'),
('STA-2/12', 'Jan Stankiewicz'),
('STR-1/12', 'Zygmunt Strawczynski'),
('STR-1/13', 'none'),
('STU-1/13', 'none'),
('SWI-1/13', 'none'),
('SYR-1/13', 'none'),
('SZA-1/13', 'none'),
('SZE-1/12', 'Marian Szewczyk'),
('SZU-1/13', 'none'),
('SZY-3/12', 'Czeslaw Szyfer'),
('TAR-1/13', 'none'),
('TAR-B-1/11', 'Jolanta Maria Kakol'),
('TAY-1/13', 'none'),
('TRC-1/13', 'Stefan Trec'),
('TUD-1/13', 'none'),
('TUG-1/12', 'Michael Tugendreich'),
('TUR-1/12', 'Szkwarek'),
('TYM-1/13', 'none'),
('WAK-3/12', 'Lejb Waks and Chana Jakubowicz'),
('WAR-1/13', 'none'),
('WAS-1/13', 'Wasniewski Boleslaw'),
('WAT-1/10', 'Zylka'),
('WHI-1/13', 'none'),
('WIL-1/13', 'none'),
('WIN-1/13', 'Chana Meszen'),
('WIT-1/13', 'Stanislaw Witkowski'),
('WOZ-1/13', 'none'),
('ZAJ-4/12', 'Zajd'),
('ZAL-1/12', 'Abraham Zalcberg'),
('ZAS-1/13', 'none'),
('ZEG_3/11', 'Landau'),
('ZHA-1/13', 'none'),
('ZIE-1/13', 'none');

-- --------------------------------------------------------

--
-- Table structure for table `archives`
--

CREATE TABLE IF NOT EXISTS `archives` (
  `id` int(11) NOT NULL AUTO_INCREMENT,
  `archive_name` varchar(16) DEFAULT NULL,
  `family_name` varchar(56) DEFAULT NULL,
  `created` datetime DEFAULT NULL,
  `modified` datetime DEFAULT NULL,
  PRIMARY KEY (`id`)
) ENGINE=InnoDB  DEFAULT CHARSET=latin1 AUTO_INCREMENT=224 ;

--
-- Dumping data for table `archives`
--

INSERT INTO `archives` (`id`, `archive_name`, `family_name`, `created`, `modified`) VALUES
(1, 'HUM-1/12', 'Wieslawa Farbotko', NULL, NULL),
(2, 'GRZ-1/12', 'Zygmunt Grzyb', NULL, NULL),
(3, 'LAY-3/12', 'Antoni Jozef Rak', NULL, NULL),
(4, 'STR-1/12', 'Zygmunt Strawczynski', NULL, NULL),
(5, 'ALL-1/11', 'Kazimierz Widera', NULL, NULL),
(6, 'FALL-3/12', 'Michalina Faliszewska', NULL, NULL),
(7, 'KAY-1/12', 'Roman Stanny', NULL, NULL),
(8, 'WAK-3/12', 'Lejb Waks and Chana Jakubowicz', NULL, NULL),
(9, 'HIN-1/12', 'Cyryl Depta', NULL, NULL),
(10, 'SCH-1/12', 'Schnell', NULL, NULL),
(11, 'ROZ-1/12', 'Rozen, Podplomyk', NULL, NULL),
(12, 'MAN-1/12', 'Manual', NULL, NULL),
(13, 'GOL-2/12', 'Goldstein', NULL, NULL),
(14, 'SZE-1/12', 'Marian Szewczyk', NULL, NULL),
(15, 'COD-1/12', 'Codognotto', NULL, NULL),
(16, 'BEL-1/12', 'Bell', NULL, NULL),
(17, 'MCK-1/12', 'McKenzie', NULL, NULL),
(18, 'SIR-1/12', 'Siryj', NULL, NULL),
(19, 'MAR-1/12', 'Marzec', NULL, NULL),
(20, 'none', 'not yet assigned', NULL, NULL),
(21, 'MAJ-1/12', 'Madzij', NULL, NULL),
(22, 'HUG-1/12', 'Huggins', NULL, NULL),
(23, 'GRU-1/12', 'Gruszka', NULL, NULL),
(24, 'BIL-1/12', 'Bileckyj', NULL, NULL),
(25, 'MAU-1/12', 'Gerstner', NULL, NULL),
(26, 'STR-1/13', 'none', NULL, NULL),
(27, 'STA-2/12', 'Jan Stankiewicz', NULL, NULL),
(28, 'BAR-1/13', 'Mikolaj Chaszczewski', NULL, NULL),
(29, 'WAR-1/13', 'none', NULL, NULL),
(30, 'RAD-1/13', 'Michel Radywonik', NULL, NULL),
(31, 'AKH-1/13', 'none', NULL, NULL),
(32, 'PAG-2/13', 'Monika Page', NULL, NULL),
(33, 'MARG-1/13', 'none', NULL, NULL),
(34, 'CUL-1/13', 'none', NULL, NULL),
(35, 'SMO-1/13', 'none', NULL, NULL),
(36, 'NEU-1/13', 'none', NULL, NULL),
(37, 'BUR-3/13', 'Anna Pidhirnyj', NULL, NULL),
(38, 'NIC-1/13', 'none', NULL, NULL),
(39, 'LEW-2/13', 'Marian Lewandowski', NULL, NULL),
(40, 'SZU-1/13', 'none', NULL, NULL),
(41, 'SYR-1/13', 'none', NULL, NULL),
(42, 'SWI-1/13', 'none', NULL, NULL),
(43, 'ADA-1/13', 'none', NULL, NULL),
(44, 'DUR-1/13', 'Maria Duris', NULL, NULL),
(45, 'ANO-4/13', 'Aleksy Awdiejew', NULL, NULL),
(46, 'WHI-1/13', 'none', NULL, NULL),
(47, 'GRA-3/13', 'Arnold Grynbaum', NULL, NULL),
(48, 'BATI-1/13', 'Zbigniew Jan Szabatowski', NULL, NULL),
(49, 'KOZ-3/13', 'Ludwik Kozera', NULL, NULL),
(50, 'LOU-5/13', 'Mikolaj Kremko', NULL, NULL),
(51, 'PAT-1/13', 'none', NULL, NULL),
(52, 'ENH-1/13', 'none', NULL, NULL),
(53, 'KRY-1/13', 'none', NULL, NULL),
(54, 'TUD-1/13', 'none', NULL, NULL),
(55, 'KAS-1/13', 'none', NULL, NULL),
(56, 'MER-1/13', 'none', NULL, NULL),
(57, 'KOS-1/13', 'none', NULL, NULL),
(58, 'EWA-1/13', 'none', NULL, NULL),
(59, 'KOZL-1/13', 'none', NULL, NULL),
(60, 'ZAS-1/13', 'none', NULL, NULL),
(61, 'SZA-1/13', 'none', NULL, NULL),
(62, 'GRADY-1/13', 'Michal Michalski', NULL, NULL),
(63, 'NIE-1/3', 'none', NULL, NULL),
(64, 'RAF-1/13', 'Stanislaw Rafanowicz', NULL, NULL),
(65, 'OWS-1/13', 'none', NULL, NULL),
(66, 'REY-1/13', 'Bronislawa Szychter', NULL, NULL),
(67, 'NOW-1/13', 'none', NULL, NULL),
(68, 'MAT-1/13', 'none', NULL, NULL),
(69, 'DZI-1/13', 'none', NULL, NULL),
(70, 'KOL-1/13', 'Jan Kolanko', NULL, NULL),
(71, 'SCH-1/13', 'none', NULL, NULL),
(72, 'MAS-1/13', 'none', NULL, NULL),
(73, 'WAS-1/13', 'Wasniewski Boleslaw', NULL, NULL),
(74, 'FRA-1/13', 'none', NULL, NULL),
(75, 'KORN-1/13', 'none', NULL, NULL),
(76, 'CHE-1/13', 'Stanislaw Urbanowicz', NULL, NULL),
(77, 'KOR-1/13', 'none', NULL, NULL),
(78, 'RAN-1/13', 'none', NULL, NULL),
(79, 'GOR-1/13', 'Roza Fuks', NULL, NULL),
(80, 'KRU-1/13', 'none', NULL, NULL),
(81, 'POW-1/13', 'none', NULL, NULL),
(82, 'HIL-1/13', 'none', NULL, NULL),
(83, 'BEN-3/13', 'Mordka (Max) Bender', NULL, NULL),
(84, 'EXE-1/13', 'Jozef Exelbierd', NULL, NULL),
(85, 'PIS-1/13', 'Piskadlo, Jozef', NULL, NULL),
(86, 'FAN-1/13', 'Fantasia Jolecyn', NULL, NULL),
(87, 'TRC-1/13', 'Stefan Trec', NULL, NULL),
(88, 'WIN-1/13', 'Chana Meszen', NULL, NULL),
(89, 'DEB-1/11', 'Waldemar Zadembski', NULL, NULL),
(90, 'MIL-3/10', 'Gertrude Kwiatkowski', NULL, NULL),
(91, 'OLE-2/12', 'Dawid Olenski', NULL, NULL),
(92, 'COH-1/13', 'none', NULL, NULL),
(93, 'KUCH-1/12', 'Stan Kucharski', NULL, NULL),
(94, 'ZAL-1/12', 'Abraham Zalcberg', NULL, NULL),
(95, 'BUS-1/12', 'Marcel Kazemmer Szczepanski', NULL, NULL),
(96, 'ENG-1/12', 'Stezowska Victoria', NULL, NULL),
(97, 'BAL-1/13', '-', NULL, NULL),
(98, 'KAT-1/13', 'none', NULL, NULL),
(99, 'TAR-1/13', 'none', NULL, NULL),
(100, 'HOP-1/13', 'none', NULL, NULL),
(101, 'JOH-1/13', 'none', NULL, NULL),
(102, 'ROS-1/13', 'none', NULL, NULL),
(103, 'SZY-3/12', 'Czeslaw Szyfer', NULL, NULL),
(104, 'BOU-4/12', 'Kurzydlo', NULL, NULL),
(105, 'LOV-1/13', 'none', NULL, NULL),
(106, 'KAP-1/13', 'none', NULL, NULL),
(107, 'MAR-1/13', 'none', NULL, NULL),
(108, 'GRE-1/13', 'none', NULL, NULL),
(109, 'MCM-1/13', 'none', NULL, NULL),
(110, 'ZHA-1/13', 'none', NULL, NULL),
(111, 'FIS-8/13', 'Kopit / Triluk', NULL, NULL),
(112, 'MAN-1/13', 'none', NULL, NULL),
(113, 'JOZ-1/13', 'none', NULL, NULL),
(114, 'BRY-6/11', 'Zygmunt Brysz', NULL, NULL),
(115, 'KAL-1/12', 'Kaleta', NULL, NULL),
(116, 'KOLA-1/13', 'none', NULL, NULL),
(117, 'KOZ-1/13', 'none', NULL, NULL),
(118, 'SOL-1/13', 'none', NULL, NULL),
(119, 'PAL-1/13', 'none', NULL, NULL),
(120, 'KLO-1/13', 'none', NULL, NULL),
(121, 'MOR-1/13', 'none', NULL, NULL),
(122, 'OZN-1/13', 'none', NULL, NULL),
(123, 'ZEG_3/11', 'Landau', NULL, NULL),
(124, 'MRO-1/10', 'Dorothy Mrocki', NULL, NULL),
(125, 'ADL-1/08', NULL, NULL, NULL),
(126, 'BID-2-10', 'Michal Bajdo', NULL, NULL),
(127, 'TAR-B-1/11', 'Jolanta Maria Kakol', NULL, NULL),
(128, 'BEE-1/13', 'Monika Beer', NULL, NULL),
(129, 'KAR-1/12', 'Frank Karpeta', NULL, NULL),
(130, 'KASP-1/12', 'Jozef Artur Kaspar', NULL, NULL),
(131, 'LEDM-1/12', 'Josek Lederman', NULL, NULL),
(132, 'KOC-1/13', 'none', NULL, NULL),
(133, 'MEK-1/13', 'none', NULL, NULL),
(134, 'KAB-1/13', 'none', NULL, NULL),
(135, 'KRUK-1/13', 'none', NULL, NULL),
(136, 'MORG-1/13', 'none', NULL, NULL),
(137, 'DRE-3/09', 'Drezner', NULL, NULL),
(138, 'ROB-2/12', 'Hilfstein', NULL, NULL),
(139, 'HAY-1/10', 'Szaraszek', NULL, NULL),
(140, 'BUR-1/13', 'none', NULL, NULL),
(141, 'DWY-1/13', 'none', NULL, NULL),
(142, 'WOZ-1/13', 'none', NULL, NULL),
(143, 'DAV-1/09', 'Beinhauer', NULL, NULL),
(144, 'KEM- 1/11', 'Fleischer / Kempler', NULL, NULL),
(145, 'GUR-3/10', 'Bella Freeman', NULL, NULL),
(146, 'MIS-1/11', 'Misiak', NULL, NULL),
(147, 'MOUN-1/12', 'Michelle Mountford', NULL, NULL),
(148, 'SLU-1/12', 'Slusarski', NULL, NULL),
(149, 'LEM-1/12', 'Kowalski', NULL, NULL),
(150, 'WAT-1/10', 'Zylka', NULL, NULL),
(151, 'TUR-1/12', 'Szkwarek', NULL, NULL),
(152, 'PLU-1/12', 'Chrusciel', NULL, NULL),
(153, 'LEWC-2/12', 'Lewczuk', NULL, NULL),
(154, 'JAG-4/11', 'Jagiello', NULL, NULL),
(155, 'BRA-1/12', 'Dek', NULL, NULL),
(156, 'ORE-1/12', 'Punko', NULL, NULL),
(157, 'PER-1/13', 'Greif & Perlmutter', NULL, NULL),
(158, 'MARS-2/13', 'Stefan Pawlowski', NULL, NULL),
(159, 'BIE-1/13', 'none', NULL, NULL),
(160, 'DON-1/13', 'none', NULL, NULL),
(161, 'LAN-1/13', 'none', NULL, NULL),
(162, 'KUR-1/13', 'none', NULL, NULL),
(163, 'HAR-1/13', 'none', NULL, NULL),
(164, 'CHA-1/13', 'none', NULL, NULL),
(165, 'DIB-1/13', 'none', NULL, NULL),
(166, 'PUC-1/13', 'none', NULL, NULL),
(167, 'POL-1/13', 'none', NULL, NULL),
(168, 'FER-1/13', 'none', NULL, NULL),
(169, 'TYM-1/13', 'none', NULL, NULL),
(170, 'ASH-1/13', 'none', NULL, NULL),
(171, 'SAN-1/13', 'none', NULL, NULL),
(172, 'BIN-2/13', 'Herman Rappaport', NULL, NULL),
(173, 'LAB-2/12', 'Labuc / Kolodziejczyk', NULL, NULL),
(174, 'BEL-1/13', 'none', NULL, NULL),
(175, 'TAY-1/13', 'none', NULL, NULL),
(176, 'SLI-2/12', 'Sarnecki / Sliwceynski', NULL, NULL),
(177, 'ROG-3/13', 'Jakub Rogozinski', NULL, NULL),
(178, 'KWA-1/11', 'Zareba / Kwasnica', NULL, NULL),
(179, 'ZIE-1/13', 'none', NULL, NULL),
(180, 'GOL-1/13', 'none', NULL, NULL),
(181, 'STU-1/13', 'none', NULL, NULL),
(182, 'WIL-1/13', 'none', NULL, NULL),
(183, 'GEL-4/13', 'Gelberg', NULL, NULL),
(184, 'PET-1/13', 'none', NULL, NULL),
(185, 'SEQ-1/13', 'none', NULL, NULL),
(186, 'SMI-1/13', 'none', NULL, NULL),
(187, 'RYA-1/12', 'Tokarski', NULL, NULL),
(188, 'NAD-1/13', 'none', NULL, NULL),
(189, 'AHE-1/13', 'none', NULL, NULL),
(190, 'KASP-1/13', 'none', NULL, NULL),
(191, 'MOO-2/12', 'Reszba', NULL, NULL),
(192, 'POU-1/13', 'none', NULL, NULL),
(193, 'MAD-1/12', 'Madej', NULL, NULL),
(194, 'GRU-1/13', 'Grun', NULL, NULL),
(195, 'RIDG-1/13', 'Ridgeway', NULL, NULL),
(196, 'MAT-1/10', 'Rudyj', NULL, NULL),
(197, 'GRA-1/12', 'Grauer', NULL, NULL),
(198, 'JAW-1/11', 'Jaworski', NULL, NULL),
(199, 'LEWIC-1/13', 'Julius Lewicki', NULL, NULL),
(200, 'JEL-2/12', 'Jelonek', NULL, NULL),
(201, 'KOHUT', 'Wasyl Kohut', NULL, NULL),
(202, 'ZAJ-4/12', 'Zajd', NULL, NULL),
(203, 'D-1/13', NULL, '2013-08-25 12:35:40', '2013-08-25 12:35:40'),
(204, 'D-2/13', NULL, '2013-08-26 03:16:56', '2013-08-26 03:16:56'),
(205, 'V-1/13', NULL, '2013-08-26 11:13:51', '2013-08-26 11:13:51'),
(206, 'M-1/13', NULL, '2013-08-26 12:19:27', '2013-08-26 12:19:27'),
(207, 'TES-1/13', NULL, '2013-08-26 22:12:06', '2013-08-26 22:12:06'),
(208, 'G-1/13', NULL, '2013-08-27 00:14:26', '2013-08-27 00:14:26'),
(209, 'HUS-1/13', NULL, '2013-08-27 00:31:36', '2013-08-27 00:31:36'),
(210, '-1/13', NULL, '2013-08-27 00:38:21', '2013-08-27 00:38:21'),
(211, 'MCB-1/13', NULL, '2013-08-27 03:41:50', '2013-08-27 03:41:50'),
(212, '-2/13', NULL, '2013-08-27 05:46:00', '2013-08-27 05:46:00'),
(213, 'D-3/13', NULL, '2013-08-28 02:28:15', '2013-08-28 02:28:15'),
(214, 'F-1/13', NULL, '2013-08-28 02:31:54', '2013-08-28 02:31:54'),
(215, 'R-1/13', NULL, '2013-08-28 02:51:35', '2013-08-28 02:51:35'),
(216, 'R-2/13', NULL, '2013-08-28 02:52:40', '2013-08-28 02:52:40'),
(217, 'T-1/13', NULL, '2013-08-28 02:56:30', '2013-08-28 02:56:30'),
(218, '-3/13', NULL, '2013-08-30 00:19:11', '2013-08-30 00:19:11'),
(219, 'RRR-1/13', NULL, '2013-09-16 23:34:12', '2013-09-16 23:34:12'),
(220, 'RRR-2/13', NULL, '2013-09-16 23:40:27', '2013-09-16 23:40:27'),
(221, 'RRR-3/13', NULL, '2013-09-16 23:44:47', '2013-09-16 23:44:47'),
(222, 'RED-1/13', NULL, '2013-09-17 00:42:01', '2013-09-17 00:42:01'),
(223, 'BLA-1/13', NULL, '2013-09-17 01:24:40', '2013-09-17 01:24:40');

-- --------------------------------------------------------

--
-- Table structure for table `casenotes`
--

CREATE TABLE IF NOT EXISTS `casenotes` (
  `id` int(11) NOT NULL AUTO_INCREMENT,
  `clientcase_id` int(12) NOT NULL,
  `user_id` int(12) NOT NULL,
  `notesubject` varchar(50) NOT NULL,
  `note_type` varchar(46) NOT NULL,
  `note` text NOT NULL,
  `created` datetime NOT NULL,
  `modified` datetime NOT NULL,
  PRIMARY KEY (`id`),
  KEY `clientcase_id` (`clientcase_id`),
  KEY `user_id` (`user_id`)
) ENGINE=InnoDB  DEFAULT CHARSET=latin1 AUTO_INCREMENT=2 ;

--
-- Dumping data for table `casenotes`
--

INSERT INTO `casenotes` (`id`, `clientcase_id`, `user_id`, `notesubject_id`, `note_type`, `note`, `created`, `modified`) VALUES
(1, 66, 105, 1, 'Internal', 'test notes\r\n', '2013-08-28 12:33:47', '2013-08-28 12:33:47');

-- --------------------------------------------------------

--
-- Table structure for table `casestatuses`
--

CREATE TABLE IF NOT EXISTS `casestatuses` (
  `id` int(11) NOT NULL AUTO_INCREMENT,
  `clientcase_id` int(11) NOT NULL,
  `status_id` int(11) NOT NULL,
  PRIMARY KEY (`id`),
  KEY `clientcase_id` (`clientcase_id`),
  KEY `status_id` (`status_id`)
) ENGINE=InnoDB DEFAULT CHARSET=latin1 AUTO_INCREMENT=1 ;

-- --------------------------------------------------------

--
-- Table structure for table `clientcases`
--

CREATE TABLE IF NOT EXISTS `clientcases` (
  `id` int(12) NOT NULL AUTO_INCREMENT,
  `user_id` int(11) NOT NULL DEFAULT '0',
  `archive_id` int(12) DEFAULT NULL,
  `status_id` int(12) DEFAULT NULL,
  `applicant_id` int(12) DEFAULT NULL,
  `open_or_closed` varchar(12) DEFAULT NULL,
  `existing_family` text,
  `appointment_date` datetime DEFAULT NULL,
  `born_in_poland` varchar(12) DEFAULT NULL,
  `spouse_nationality` varchar(12) DEFAULT NULL,
  `nationality_of_parents` varchar(64) DEFAULT NULL,
  `mother_name` varchar(30) DEFAULT NULL,
  `father_name` varchar(30) DEFAULT NULL,
  `nationality_of_grandparents` varchar(200) DEFAULT NULL,
  `mat_grandmother_name` varchar(30) DEFAULT NULL,
  `mat_grandfather_name` varchar(30) DEFAULT NULL,
  `pat_grandmother_name` varchar(30) DEFAULT NULL,
  `pat_grandfather_name` varchar(30) DEFAULT NULL,
  `nationality_of_others` text,
  `serve_in_army` varchar(12) DEFAULT NULL,
  `serve_in_army_info` text,
  `when_left_poland` varchar(400) DEFAULT NULL,
  `where_left_poland` varchar(400) DEFAULT NULL,
  `where_left_poland_other` text,
  `have_passport` varchar(12) DEFAULT NULL,
  `possess_documents` varchar(12) DEFAULT NULL,
  `possess_documents_types` varchar(400) DEFAULT NULL,
  `possess_documents_other` text,
  `other_factors` varchar(200) DEFAULT NULL,
  `brief_history` text NOT NULL,
  `created` datetime DEFAULT NULL,
  `modified` datetime DEFAULT NULL,
  PRIMARY KEY (`id`),
  KEY `user_id` (`user_id`),
  KEY `archive_id` (`archive_id`),
  KEY `status_id` (`status_id`),
  KEY `applicant_id` (`applicant_id`)
) ENGINE=InnoDB  DEFAULT CHARSET=latin1 AUTO_INCREMENT=437 ;

--
-- Dumping data for table `clientcases`
--

INSERT INTO `clientcases` (`id`, `user_id`, `archive_id`, `status_id`, `applicant_id`, `open_or_closed`, `existing_family`, `appointment_date`, `born_in_poland`, `spouse_nationality`, `nationality_of_parents`, `mother_name`, `father_name`, `nationality_of_grandparents`, `mat_grandmother_name`, `mat_grandfather_name`, `pat_grandmother_name`, `pat_grandfather_name`, `nationality_of_others`, `serve_in_army`, `serve_in_army_info`, `when_left_poland`, `where_left_poland`, `where_left_poland_other`, `have_passport`, `possess_documents`, `possess_documents_types`, `possess_documents_other`, `other_factors`, `brief_history`, `created`, `modified`) VALUES
(66, 66, 1, 11, 66, 'Open', NULL, NULL, NULL, NULL, NULL, NULL, NULL, NULL, NULL, NULL, NULL, NULL, NULL, NULL, NULL, NULL, NULL, NULL, NULL, NULL, NULL, NULL, NULL, '', '2012-10-29 00:00:00', '2012-10-21 00:00:00'),
(67, 67, 2, 11, 67, 'Open', NULL, NULL, NULL, NULL, NULL, NULL, NULL, NULL, NULL, NULL, NULL, NULL, NULL, NULL, NULL, NULL, NULL, NULL, NULL, NULL, NULL, NULL, NULL, '', '2013-03-12 00:00:00', '2013-03-08 00:00:00'),
(68, 68, 3, 11, 68, 'Open', NULL, NULL, NULL, NULL, NULL, NULL, NULL, NULL, NULL, NULL, NULL, NULL, NULL, NULL, NULL, NULL, NULL, NULL, NULL, NULL, NULL, NULL, NULL, '', '2012-10-29 00:00:00', '2012-08-22 00:00:00'),
(69, 69, 4, 11, 69, 'Open', NULL, NULL, NULL, NULL, NULL, NULL, NULL, NULL, NULL, NULL, NULL, NULL, NULL, NULL, NULL, NULL, NULL, NULL, NULL, NULL, NULL, NULL, NULL, '', '2012-10-29 00:00:00', NULL),
(70, 70, 5, 11, 70, 'Open', NULL, NULL, NULL, NULL, NULL, NULL, NULL, NULL, NULL, NULL, NULL, NULL, NULL, NULL, NULL, NULL, NULL, NULL, NULL, NULL, NULL, NULL, NULL, '', '2012-10-31 00:00:00', '2011-03-23 00:00:00'),
(71, 71, 6, 11, 71, 'Open', NULL, NULL, NULL, NULL, NULL, NULL, NULL, NULL, NULL, NULL, NULL, NULL, NULL, NULL, NULL, NULL, NULL, NULL, NULL, NULL, NULL, NULL, NULL, '', '2012-10-31 00:00:00', '2012-09-28 00:00:00'),
(72, 72, 7, 10, 72, 'Open', NULL, NULL, NULL, NULL, NULL, NULL, NULL, NULL, NULL, NULL, NULL, NULL, NULL, NULL, NULL, NULL, NULL, NULL, NULL, NULL, NULL, NULL, NULL, '', '2012-11-02 00:00:00', '2012-11-01 00:00:00'),
(73, 73, 8, 11, 73, 'Open', NULL, NULL, NULL, NULL, NULL, NULL, NULL, NULL, NULL, NULL, NULL, NULL, NULL, NULL, NULL, NULL, NULL, NULL, NULL, NULL, NULL, NULL, NULL, '', '2012-11-02 00:00:00', '2012-08-09 00:00:00'),
(74, 74, 9, 11, 74, 'Open', NULL, NULL, NULL, NULL, NULL, NULL, NULL, NULL, NULL, NULL, NULL, NULL, NULL, NULL, NULL, NULL, NULL, NULL, NULL, NULL, NULL, NULL, NULL, '', '2012-11-09 00:00:00', '2012-11-09 00:00:00'),
(75, 75, 10, 10, 75, 'Open', NULL, NULL, NULL, NULL, NULL, NULL, NULL, NULL, NULL, NULL, NULL, NULL, NULL, NULL, NULL, NULL, NULL, NULL, NULL, NULL, NULL, NULL, NULL, '', '2012-11-09 00:00:00', '2013-03-08 00:00:00'),
(76, 76, 11, 11, 76, 'Open', NULL, NULL, NULL, NULL, NULL, NULL, NULL, NULL, NULL, NULL, NULL, NULL, NULL, NULL, NULL, NULL, NULL, NULL, NULL, NULL, NULL, NULL, NULL, '', '2013-03-20 00:00:00', '2013-03-08 00:00:00'),
(77, 77, 12, 10, 77, 'Open', NULL, NULL, NULL, NULL, NULL, NULL, NULL, NULL, NULL, NULL, NULL, NULL, NULL, NULL, NULL, NULL, NULL, NULL, NULL, NULL, NULL, NULL, NULL, '', '2012-11-12 00:00:00', '2012-11-12 00:00:00'),
(78, 78, 13, 10, 78, 'Open', NULL, NULL, NULL, NULL, NULL, NULL, NULL, NULL, NULL, NULL, NULL, NULL, NULL, NULL, NULL, NULL, NULL, NULL, NULL, NULL, NULL, NULL, NULL, '', '2012-11-12 00:00:00', '2012-11-12 00:00:00'),
(79, 79, 14, 11, 79, 'Open', NULL, NULL, NULL, NULL, NULL, NULL, NULL, NULL, NULL, NULL, NULL, NULL, NULL, NULL, NULL, NULL, NULL, NULL, NULL, NULL, NULL, NULL, NULL, '', '2012-11-13 00:00:00', '2012-11-13 00:00:00'),
(80, 80, 15, 10, 80, 'Open', NULL, NULL, NULL, NULL, NULL, NULL, NULL, NULL, NULL, NULL, NULL, NULL, NULL, NULL, NULL, NULL, NULL, NULL, NULL, NULL, NULL, NULL, NULL, '', '2012-11-13 00:00:00', '2012-11-13 00:00:00'),
(81, 81, 16, 10, 81, 'Open', NULL, NULL, NULL, NULL, NULL, NULL, NULL, NULL, NULL, NULL, NULL, NULL, NULL, NULL, NULL, NULL, NULL, NULL, NULL, NULL, NULL, NULL, NULL, '', '2012-11-13 00:00:00', '2012-11-13 00:00:00'),
(82, 82, 17, 10, 82, 'Open', NULL, NULL, NULL, NULL, NULL, NULL, NULL, NULL, NULL, NULL, NULL, NULL, NULL, NULL, NULL, NULL, NULL, NULL, NULL, NULL, NULL, NULL, NULL, '', '2012-11-14 00:00:00', '2012-11-14 00:00:00'),
(83, 83, 18, 10, 83, 'Closed', NULL, NULL, NULL, NULL, NULL, NULL, NULL, NULL, NULL, NULL, NULL, NULL, NULL, NULL, NULL, NULL, NULL, NULL, NULL, NULL, NULL, NULL, NULL, '', '2012-11-14 00:00:00', NULL),
(85, 85, 19, 10, 85, 'Open', NULL, NULL, NULL, NULL, NULL, NULL, NULL, NULL, NULL, NULL, NULL, NULL, NULL, NULL, NULL, NULL, NULL, NULL, NULL, NULL, NULL, NULL, NULL, '', '2012-11-15 00:00:00', '2012-11-15 00:00:00'),
(86, 86, 20, 11, 86, 'Open', NULL, NULL, NULL, NULL, NULL, NULL, NULL, NULL, NULL, NULL, NULL, NULL, NULL, NULL, NULL, NULL, NULL, NULL, NULL, NULL, NULL, NULL, NULL, '', '2012-11-15 00:00:00', '2012-11-06 00:00:00'),
(87, 87, 21, 10, 87, 'Open', NULL, NULL, NULL, NULL, NULL, NULL, NULL, NULL, NULL, NULL, NULL, NULL, NULL, NULL, NULL, NULL, NULL, NULL, NULL, NULL, NULL, NULL, NULL, '', '2012-11-16 00:00:00', '2012-11-16 00:00:00'),
(88, 88, 22, 10, 88, 'Open', NULL, NULL, NULL, NULL, NULL, NULL, NULL, NULL, NULL, NULL, NULL, NULL, NULL, NULL, NULL, NULL, NULL, NULL, NULL, NULL, NULL, NULL, NULL, '', '2012-11-16 00:00:00', '2013-03-08 00:00:00'),
(89, 89, 23, 10, 89, 'Open', NULL, NULL, NULL, NULL, NULL, NULL, NULL, NULL, NULL, NULL, NULL, NULL, NULL, NULL, NULL, NULL, NULL, NULL, NULL, NULL, NULL, NULL, NULL, '', '2012-11-16 00:00:00', '2012-11-16 00:00:00'),
(90, 90, 24, 10, 90, 'Open', NULL, NULL, NULL, NULL, NULL, NULL, NULL, NULL, NULL, NULL, NULL, NULL, NULL, NULL, NULL, NULL, NULL, NULL, NULL, NULL, NULL, NULL, NULL, '', '2012-11-19 00:00:00', '2012-11-19 00:00:00'),
(91, 91, 25, 10, 91, 'Open', NULL, NULL, NULL, NULL, NULL, NULL, NULL, NULL, NULL, NULL, NULL, NULL, NULL, NULL, NULL, NULL, NULL, NULL, NULL, NULL, NULL, NULL, NULL, '', '2012-11-19 00:00:00', '2012-11-19 00:00:00'),
(92, 92, 20, 10, 92, 'Open', NULL, NULL, NULL, NULL, NULL, NULL, NULL, NULL, NULL, NULL, NULL, NULL, NULL, NULL, NULL, NULL, NULL, NULL, NULL, NULL, NULL, NULL, NULL, '', '2012-11-20 00:00:00', '2012-11-20 00:00:00'),
(93, 93, 20, 10, 93, 'Open', NULL, NULL, NULL, NULL, NULL, NULL, NULL, NULL, NULL, NULL, NULL, NULL, NULL, NULL, NULL, NULL, NULL, NULL, NULL, NULL, NULL, NULL, NULL, '', '2012-11-28 00:00:00', '2012-11-28 00:00:00'),
(94, 94, 20, 10, 94, 'Open', NULL, NULL, NULL, NULL, NULL, NULL, NULL, NULL, NULL, NULL, NULL, NULL, NULL, NULL, NULL, NULL, NULL, NULL, NULL, NULL, NULL, NULL, NULL, '', '2012-11-29 00:00:00', '2012-11-29 00:00:00'),
(95, 95, 20, 10, 95, 'Open', NULL, NULL, NULL, NULL, NULL, NULL, NULL, NULL, NULL, NULL, NULL, NULL, NULL, NULL, NULL, NULL, NULL, NULL, NULL, NULL, NULL, NULL, NULL, '', '2012-11-29 00:00:00', '2012-11-29 00:00:00'),
(96, 96, 20, 10, 96, 'Open', NULL, NULL, NULL, NULL, NULL, NULL, NULL, NULL, NULL, NULL, NULL, NULL, NULL, NULL, NULL, NULL, NULL, NULL, NULL, NULL, NULL, NULL, NULL, '', '2012-11-29 00:00:00', '2012-11-29 00:00:00'),
(97, 97, 26, 10, 97, 'Open', NULL, NULL, NULL, NULL, NULL, NULL, NULL, NULL, NULL, NULL, NULL, NULL, NULL, NULL, NULL, NULL, NULL, NULL, NULL, NULL, NULL, NULL, NULL, '', '2012-11-29 00:00:00', '2012-11-29 00:00:00'),
(98, 98, 20, 10, 98, 'Open', NULL, NULL, NULL, NULL, NULL, NULL, NULL, NULL, NULL, NULL, NULL, NULL, NULL, NULL, NULL, NULL, NULL, NULL, NULL, NULL, NULL, NULL, NULL, '', '2012-11-29 00:00:00', '2012-11-29 00:00:00'),
(99, 99, 20, 10, 99, 'Open', NULL, NULL, NULL, NULL, NULL, NULL, NULL, NULL, NULL, NULL, NULL, NULL, NULL, NULL, NULL, NULL, NULL, NULL, NULL, NULL, NULL, NULL, NULL, '', '2012-11-29 00:00:00', '2012-11-29 00:00:00'),
(100, 100, 20, 10, 100, 'Open', NULL, NULL, NULL, NULL, NULL, NULL, NULL, NULL, NULL, NULL, NULL, NULL, NULL, NULL, NULL, NULL, NULL, NULL, NULL, NULL, NULL, NULL, NULL, '', '2012-11-29 00:00:00', '2012-11-29 00:00:00'),
(101, 101, 20, 10, 101, 'Open', NULL, NULL, NULL, NULL, NULL, NULL, NULL, NULL, NULL, NULL, NULL, NULL, NULL, NULL, NULL, NULL, NULL, NULL, NULL, NULL, NULL, NULL, NULL, '', '2012-11-29 00:00:00', '2012-11-29 00:00:00'),
(102, 102, 20, 10, 102, 'Open', NULL, NULL, NULL, NULL, NULL, NULL, NULL, NULL, NULL, NULL, NULL, NULL, NULL, NULL, NULL, NULL, NULL, NULL, NULL, NULL, NULL, NULL, NULL, '', '2012-11-29 00:00:00', '2012-11-29 00:00:00'),
(103, 103, 20, 10, 103, 'Open', NULL, NULL, NULL, NULL, NULL, NULL, NULL, NULL, NULL, NULL, NULL, NULL, NULL, NULL, NULL, NULL, NULL, NULL, NULL, NULL, NULL, NULL, NULL, '', '2012-11-29 00:00:00', '2012-11-29 00:00:00'),
(104, 104, 20, 10, 104, 'Open', NULL, NULL, NULL, NULL, NULL, NULL, NULL, NULL, NULL, NULL, NULL, NULL, NULL, NULL, NULL, NULL, NULL, NULL, NULL, NULL, NULL, NULL, NULL, '', '2012-11-29 00:00:00', '2012-11-29 00:00:00'),
(105, 105, 20, 10, 105, 'Open', NULL, NULL, NULL, NULL, NULL, NULL, NULL, NULL, NULL, NULL, NULL, NULL, NULL, NULL, NULL, NULL, NULL, NULL, NULL, NULL, NULL, NULL, NULL, '', '2012-11-29 00:00:00', '2013-03-20 00:00:00'),
(106, 106, 20, 10, 106, 'Open', NULL, NULL, NULL, NULL, NULL, NULL, NULL, NULL, NULL, NULL, NULL, NULL, NULL, NULL, NULL, NULL, NULL, NULL, NULL, NULL, NULL, NULL, NULL, '', '2012-11-29 00:00:00', '2012-11-29 00:00:00'),
(107, 107, 20, 10, 107, 'Open', NULL, NULL, NULL, NULL, NULL, NULL, NULL, NULL, NULL, NULL, NULL, NULL, NULL, NULL, NULL, NULL, NULL, NULL, NULL, NULL, NULL, NULL, NULL, '', '2012-11-30 00:00:00', '2012-11-30 00:00:00'),
(108, 108, 20, 10, 108, 'Open', NULL, NULL, NULL, NULL, NULL, NULL, NULL, NULL, NULL, NULL, NULL, NULL, NULL, NULL, NULL, NULL, NULL, NULL, NULL, NULL, NULL, NULL, NULL, '', '2012-12-03 00:00:00', '2012-12-03 00:00:00'),
(110, 110, 20, 10, 110, 'Open', NULL, NULL, NULL, NULL, NULL, NULL, NULL, NULL, NULL, NULL, NULL, NULL, NULL, NULL, NULL, NULL, NULL, NULL, NULL, NULL, NULL, NULL, NULL, '', '2012-12-03 00:00:00', '2012-12-03 00:00:00'),
(111, 111, 27, 11, 111, 'Open', NULL, NULL, NULL, NULL, NULL, NULL, NULL, NULL, NULL, NULL, NULL, NULL, NULL, NULL, NULL, NULL, NULL, NULL, NULL, NULL, NULL, NULL, NULL, '', '2012-12-03 00:00:00', '2012-12-03 00:00:00'),
(112, 112, 20, 10, 112, 'Open', NULL, NULL, NULL, NULL, NULL, NULL, NULL, NULL, NULL, NULL, NULL, NULL, NULL, NULL, NULL, NULL, NULL, NULL, NULL, NULL, NULL, NULL, NULL, '', '2012-12-06 00:00:00', '2012-12-06 00:00:00'),
(113, 113, 20, 10, 113, 'Open', NULL, NULL, NULL, NULL, NULL, NULL, NULL, NULL, NULL, NULL, NULL, NULL, NULL, NULL, NULL, NULL, NULL, NULL, NULL, NULL, NULL, NULL, NULL, '', '2012-12-06 00:00:00', '2012-12-06 00:00:00'),
(114, 114, 20, 10, 114, 'Open', NULL, NULL, NULL, NULL, NULL, NULL, NULL, NULL, NULL, NULL, NULL, NULL, NULL, NULL, NULL, NULL, NULL, NULL, NULL, NULL, NULL, NULL, NULL, '', '2012-12-07 00:00:00', '2012-12-07 00:00:00'),
(115, 115, 20, 10, 115, 'Closed', NULL, NULL, NULL, NULL, NULL, NULL, NULL, NULL, NULL, NULL, NULL, NULL, NULL, NULL, NULL, NULL, NULL, NULL, NULL, NULL, NULL, NULL, NULL, '', '2012-12-10 00:00:00', '2012-12-10 00:00:00'),
(116, 116, 20, 10, 116, 'Open', NULL, NULL, NULL, NULL, NULL, NULL, NULL, NULL, NULL, NULL, NULL, NULL, NULL, NULL, NULL, NULL, NULL, NULL, NULL, NULL, NULL, NULL, NULL, '', '2012-12-10 00:00:00', '2012-12-10 00:00:00'),
(117, 117, 20, 10, 117, 'Open', NULL, NULL, NULL, NULL, NULL, NULL, NULL, NULL, NULL, NULL, NULL, NULL, NULL, NULL, NULL, NULL, NULL, NULL, NULL, NULL, NULL, NULL, NULL, '', '2012-12-10 00:00:00', '2012-12-10 00:00:00'),
(118, 118, 20, 10, 118, 'Closed', NULL, NULL, NULL, NULL, NULL, NULL, NULL, NULL, NULL, NULL, NULL, NULL, NULL, NULL, NULL, NULL, NULL, NULL, NULL, NULL, NULL, NULL, NULL, '', '2012-12-12 00:00:00', '2012-12-12 00:00:00'),
(119, 119, 20, 10, 119, 'Open', NULL, NULL, NULL, NULL, NULL, NULL, NULL, NULL, NULL, NULL, NULL, NULL, NULL, NULL, NULL, NULL, NULL, NULL, NULL, NULL, NULL, NULL, NULL, '', '2012-12-12 00:00:00', '2012-12-12 00:00:00'),
(120, 120, 20, 10, 120, 'Open', NULL, NULL, NULL, NULL, NULL, NULL, NULL, NULL, NULL, NULL, NULL, NULL, NULL, NULL, NULL, NULL, NULL, NULL, NULL, NULL, NULL, NULL, NULL, '', '2012-12-12 00:00:00', '2012-12-12 00:00:00'),
(122, 122, 20, 10, 122, 'Open', NULL, NULL, NULL, NULL, NULL, NULL, NULL, NULL, NULL, NULL, NULL, NULL, NULL, NULL, NULL, NULL, NULL, NULL, NULL, NULL, NULL, NULL, NULL, '', '2012-12-12 00:00:00', '2012-12-12 00:00:00'),
(123, 123, 28, 10, 123, 'On hold', NULL, NULL, NULL, NULL, NULL, NULL, NULL, NULL, NULL, NULL, NULL, NULL, NULL, NULL, NULL, NULL, NULL, NULL, NULL, NULL, NULL, NULL, NULL, '', '2012-12-12 00:00:00', '2012-12-12 00:00:00'),
(124, 124, 20, 10, 124, 'Open', NULL, NULL, NULL, NULL, NULL, NULL, NULL, NULL, NULL, NULL, NULL, NULL, NULL, NULL, NULL, NULL, NULL, NULL, NULL, NULL, NULL, NULL, NULL, '', '2012-12-13 00:00:00', '2012-12-13 00:00:00'),
(125, 125, 29, 10, 125, 'Open', NULL, NULL, NULL, NULL, NULL, NULL, NULL, NULL, NULL, NULL, NULL, NULL, NULL, NULL, NULL, NULL, NULL, NULL, NULL, NULL, NULL, NULL, NULL, '', '2013-01-07 00:00:00', NULL),
(129, 129, 30, 11, 129, 'On hold', NULL, NULL, NULL, NULL, NULL, NULL, NULL, NULL, NULL, NULL, NULL, NULL, NULL, NULL, NULL, NULL, NULL, NULL, NULL, NULL, NULL, NULL, NULL, '', '2013-01-07 00:00:00', NULL),
(130, 130, 31, 10, 130, 'Open', NULL, NULL, NULL, NULL, NULL, NULL, NULL, NULL, NULL, NULL, NULL, NULL, NULL, NULL, NULL, NULL, NULL, NULL, NULL, NULL, NULL, NULL, NULL, '', '2013-01-07 00:00:00', NULL),
(131, 131, 32, 11, 131, 'Open', NULL, NULL, NULL, NULL, NULL, NULL, NULL, NULL, NULL, NULL, NULL, NULL, NULL, NULL, NULL, NULL, NULL, NULL, NULL, NULL, NULL, NULL, NULL, '', '2013-01-07 00:00:00', NULL),
(132, 132, 32, 11, 132, 'Open', NULL, NULL, NULL, NULL, NULL, NULL, NULL, NULL, NULL, NULL, NULL, NULL, NULL, NULL, NULL, NULL, NULL, NULL, NULL, NULL, NULL, NULL, NULL, '', '2013-01-07 00:00:00', NULL),
(133, 133, 33, 10, 133, 'Open', NULL, NULL, NULL, NULL, NULL, NULL, NULL, NULL, NULL, NULL, NULL, NULL, NULL, NULL, NULL, NULL, NULL, NULL, NULL, NULL, NULL, NULL, NULL, '', '2013-01-07 00:00:00', NULL),
(134, 134, 34, 10, 134, 'Open', NULL, NULL, NULL, NULL, NULL, NULL, NULL, NULL, NULL, NULL, NULL, NULL, NULL, NULL, NULL, NULL, NULL, NULL, NULL, NULL, NULL, NULL, NULL, '', '2013-01-07 00:00:00', NULL),
(135, 135, 35, 10, 135, 'Open', NULL, NULL, NULL, NULL, NULL, NULL, NULL, NULL, NULL, NULL, NULL, NULL, NULL, NULL, NULL, NULL, NULL, NULL, NULL, NULL, NULL, NULL, NULL, '', '2013-01-08 00:00:00', NULL),
(136, 136, 36, 10, 136, 'Open', NULL, NULL, NULL, NULL, NULL, NULL, NULL, NULL, NULL, NULL, NULL, NULL, NULL, NULL, NULL, NULL, NULL, NULL, NULL, NULL, NULL, NULL, NULL, '', '2013-01-08 00:00:00', NULL),
(137, 137, 20, 10, 137, 'Open', NULL, NULL, NULL, NULL, NULL, NULL, NULL, NULL, NULL, NULL, NULL, NULL, NULL, NULL, NULL, NULL, NULL, NULL, NULL, NULL, NULL, NULL, NULL, '', '2013-01-08 00:00:00', NULL),
(138, 138, 37, 11, 138, 'Open', NULL, NULL, NULL, NULL, NULL, NULL, NULL, NULL, NULL, NULL, NULL, NULL, NULL, NULL, NULL, NULL, NULL, NULL, NULL, NULL, NULL, NULL, NULL, '', '2013-01-08 00:00:00', NULL),
(139, 139, 20, 10, 139, 'Open', NULL, NULL, NULL, NULL, NULL, NULL, NULL, NULL, NULL, NULL, NULL, NULL, NULL, NULL, NULL, NULL, NULL, NULL, NULL, NULL, NULL, NULL, NULL, '', '2013-01-09 00:00:00', NULL),
(140, 140, 38, 10, 140, 'Open', NULL, NULL, NULL, NULL, NULL, NULL, NULL, NULL, NULL, NULL, NULL, NULL, NULL, NULL, NULL, NULL, NULL, NULL, NULL, NULL, NULL, NULL, NULL, '', '2013-01-09 00:00:00', NULL),
(142, 142, 39, 10, 142, 'Open', NULL, NULL, NULL, NULL, NULL, NULL, NULL, NULL, NULL, NULL, NULL, NULL, NULL, NULL, NULL, NULL, NULL, NULL, NULL, NULL, NULL, NULL, NULL, '', '2013-01-09 00:00:00', NULL),
(143, 143, 40, 10, 143, 'Open', NULL, NULL, NULL, NULL, NULL, NULL, NULL, NULL, NULL, NULL, NULL, NULL, NULL, NULL, NULL, NULL, NULL, NULL, NULL, NULL, NULL, NULL, NULL, '', '2013-01-09 00:00:00', NULL),
(144, 144, 41, 10, 144, 'Open', NULL, NULL, NULL, NULL, NULL, NULL, NULL, NULL, NULL, NULL, NULL, NULL, NULL, NULL, NULL, NULL, NULL, NULL, NULL, NULL, NULL, NULL, NULL, '', '2013-01-10 00:00:00', NULL),
(145, 145, 42, 10, 145, 'Open', NULL, NULL, NULL, NULL, NULL, NULL, NULL, NULL, NULL, NULL, NULL, NULL, NULL, NULL, NULL, NULL, NULL, NULL, NULL, NULL, NULL, NULL, NULL, '', '2013-01-10 00:00:00', NULL),
(146, 146, 43, 10, 146, 'Open', NULL, NULL, NULL, NULL, NULL, NULL, NULL, NULL, NULL, NULL, NULL, NULL, NULL, NULL, NULL, NULL, NULL, NULL, NULL, NULL, NULL, NULL, NULL, '', '2013-01-11 00:00:00', NULL),
(147, 147, 44, 10, 147, 'On hold', NULL, NULL, NULL, NULL, NULL, NULL, NULL, NULL, NULL, NULL, NULL, NULL, NULL, NULL, NULL, NULL, NULL, NULL, NULL, NULL, NULL, NULL, NULL, '', '2013-01-11 00:00:00', NULL),
(148, 148, 45, 11, 148, 'Open', NULL, NULL, NULL, NULL, NULL, NULL, NULL, NULL, NULL, NULL, NULL, NULL, NULL, NULL, NULL, NULL, NULL, NULL, NULL, NULL, NULL, NULL, NULL, '', '2013-01-11 00:00:00', NULL),
(150, 150, 46, 10, 150, 'Open', NULL, NULL, NULL, NULL, NULL, NULL, NULL, NULL, NULL, NULL, NULL, NULL, NULL, NULL, NULL, NULL, NULL, NULL, NULL, NULL, NULL, NULL, NULL, '', '2013-01-11 00:00:00', NULL),
(151, 151, 20, 10, 151, 'Open', NULL, NULL, NULL, NULL, NULL, NULL, NULL, NULL, NULL, NULL, NULL, NULL, NULL, NULL, NULL, NULL, NULL, NULL, NULL, NULL, NULL, NULL, NULL, '', '2013-01-17 00:00:00', NULL),
(152, 152, 20, 10, 152, 'Open', NULL, NULL, NULL, NULL, NULL, NULL, NULL, NULL, NULL, NULL, NULL, NULL, NULL, NULL, NULL, NULL, NULL, NULL, NULL, NULL, NULL, NULL, NULL, '', '2013-01-17 00:00:00', NULL),
(154, 154, 47, 11, 154, 'Open', NULL, NULL, NULL, NULL, NULL, NULL, NULL, NULL, NULL, NULL, NULL, NULL, NULL, NULL, NULL, NULL, NULL, NULL, NULL, NULL, NULL, NULL, NULL, '', '2013-01-17 00:00:00', NULL),
(155, 155, 48, 10, 155, 'Open', NULL, NULL, NULL, NULL, NULL, NULL, NULL, NULL, NULL, NULL, NULL, NULL, NULL, NULL, NULL, NULL, NULL, NULL, NULL, NULL, NULL, NULL, NULL, '', '2013-01-17 00:00:00', NULL),
(156, 156, 49, 11, 156, 'Open', NULL, NULL, NULL, NULL, NULL, NULL, NULL, NULL, NULL, NULL, NULL, NULL, NULL, NULL, NULL, NULL, NULL, NULL, NULL, NULL, NULL, NULL, NULL, '', '2013-01-17 00:00:00', NULL),
(157, 157, 50, 10, 157, 'Open', NULL, NULL, NULL, NULL, NULL, NULL, NULL, NULL, NULL, NULL, NULL, NULL, NULL, NULL, NULL, NULL, NULL, NULL, NULL, NULL, NULL, NULL, NULL, '', '2013-01-17 00:00:00', NULL),
(158, 158, 51, 10, 158, 'Open', NULL, NULL, NULL, NULL, NULL, NULL, NULL, NULL, NULL, NULL, NULL, NULL, NULL, NULL, NULL, NULL, NULL, NULL, NULL, NULL, NULL, NULL, NULL, '', '2013-01-17 00:00:00', NULL),
(159, 159, 52, 10, 159, 'Open', NULL, NULL, NULL, NULL, NULL, NULL, NULL, NULL, NULL, NULL, NULL, NULL, NULL, NULL, NULL, NULL, NULL, NULL, NULL, NULL, NULL, NULL, NULL, '', '2013-01-17 00:00:00', NULL),
(160, 160, 53, 10, 160, 'Open', NULL, NULL, NULL, NULL, NULL, NULL, NULL, NULL, NULL, NULL, NULL, NULL, NULL, NULL, NULL, NULL, NULL, NULL, NULL, NULL, NULL, NULL, NULL, '', '2013-01-18 00:00:00', NULL),
(161, 161, 54, 10, 161, 'Open', NULL, NULL, NULL, NULL, NULL, NULL, NULL, NULL, NULL, NULL, NULL, NULL, NULL, NULL, NULL, NULL, NULL, NULL, NULL, NULL, NULL, NULL, NULL, '', '2013-01-18 00:00:00', NULL),
(162, 162, 55, 10, 162, 'Open', NULL, NULL, NULL, NULL, NULL, NULL, NULL, NULL, NULL, NULL, NULL, NULL, NULL, NULL, NULL, NULL, NULL, NULL, NULL, NULL, NULL, NULL, NULL, '', '2013-01-18 00:00:00', NULL),
(163, 163, 56, 10, 163, 'Open', NULL, NULL, NULL, NULL, NULL, NULL, NULL, NULL, NULL, NULL, NULL, NULL, NULL, NULL, NULL, NULL, NULL, NULL, NULL, NULL, NULL, NULL, NULL, '', '2013-01-18 00:00:00', NULL),
(164, 164, 57, 10, 164, 'Open', NULL, NULL, NULL, NULL, NULL, NULL, NULL, NULL, NULL, NULL, NULL, NULL, NULL, NULL, NULL, NULL, NULL, NULL, NULL, NULL, NULL, NULL, NULL, '', '2013-01-18 00:00:00', NULL),
(165, 165, 58, 10, 165, 'Open', NULL, NULL, NULL, NULL, NULL, NULL, NULL, NULL, NULL, NULL, NULL, NULL, NULL, NULL, NULL, NULL, NULL, NULL, NULL, NULL, NULL, NULL, NULL, '', '2013-01-18 00:00:00', NULL),
(166, 166, 59, 10, 166, 'Open', NULL, NULL, NULL, NULL, NULL, NULL, NULL, NULL, NULL, NULL, NULL, NULL, NULL, NULL, NULL, NULL, NULL, NULL, NULL, NULL, NULL, NULL, NULL, '', '2013-01-18 00:00:00', NULL),
(167, 167, 60, 10, 167, 'Open', NULL, NULL, NULL, NULL, NULL, NULL, NULL, NULL, NULL, NULL, NULL, NULL, NULL, NULL, NULL, NULL, NULL, NULL, NULL, NULL, NULL, NULL, NULL, '', '2013-01-18 00:00:00', '2013-03-08 00:00:00'),
(168, 168, 61, 10, 168, 'Open', NULL, NULL, NULL, NULL, NULL, NULL, NULL, NULL, NULL, NULL, NULL, NULL, NULL, NULL, NULL, NULL, NULL, NULL, NULL, NULL, NULL, NULL, NULL, '', '2013-01-18 00:00:00', NULL),
(169, 169, 62, 10, 169, 'Open', NULL, NULL, NULL, NULL, NULL, NULL, NULL, NULL, NULL, NULL, NULL, NULL, NULL, NULL, NULL, NULL, NULL, NULL, NULL, NULL, NULL, NULL, NULL, '', '2013-01-18 00:00:00', NULL),
(170, 170, 63, 10, 170, 'Open', NULL, NULL, NULL, NULL, NULL, NULL, NULL, NULL, NULL, NULL, NULL, NULL, NULL, NULL, NULL, NULL, NULL, NULL, NULL, NULL, NULL, NULL, NULL, '', '2013-01-18 00:00:00', NULL),
(171, 171, 64, 10, 171, 'Closed', NULL, NULL, NULL, NULL, NULL, NULL, NULL, NULL, NULL, NULL, NULL, NULL, NULL, NULL, NULL, NULL, NULL, NULL, NULL, NULL, NULL, NULL, NULL, '', '2013-01-18 00:00:00', NULL),
(172, 172, 65, 10, 172, 'Open', NULL, NULL, NULL, NULL, NULL, NULL, NULL, NULL, NULL, NULL, NULL, NULL, NULL, NULL, NULL, NULL, NULL, NULL, NULL, NULL, NULL, NULL, NULL, '', '2013-01-21 00:00:00', NULL),
(173, 173, 66, 11, 173, 'Open', NULL, NULL, NULL, NULL, NULL, NULL, NULL, NULL, NULL, NULL, NULL, NULL, NULL, NULL, NULL, NULL, NULL, NULL, NULL, NULL, NULL, NULL, NULL, '', '2013-01-21 00:00:00', NULL),
(174, 174, 67, 10, 174, 'Open', NULL, NULL, NULL, NULL, NULL, NULL, NULL, NULL, NULL, NULL, NULL, NULL, NULL, NULL, NULL, NULL, NULL, NULL, NULL, NULL, NULL, NULL, NULL, '', '2013-01-21 00:00:00', NULL),
(175, 175, 68, 10, 175, 'Open', NULL, NULL, NULL, NULL, NULL, NULL, NULL, NULL, NULL, NULL, NULL, NULL, NULL, NULL, NULL, NULL, NULL, NULL, NULL, NULL, NULL, NULL, NULL, '', '2013-01-21 00:00:00', NULL),
(176, 176, 69, 10, 176, 'Open', NULL, NULL, NULL, NULL, NULL, NULL, NULL, NULL, NULL, NULL, NULL, NULL, NULL, NULL, NULL, NULL, NULL, NULL, NULL, NULL, NULL, NULL, NULL, '', '2013-01-21 00:00:00', NULL),
(177, 177, 70, 10, 177, 'Open', NULL, NULL, NULL, NULL, NULL, NULL, NULL, NULL, NULL, NULL, NULL, NULL, NULL, NULL, NULL, NULL, NULL, NULL, NULL, NULL, NULL, NULL, NULL, '', '2013-01-22 00:00:00', NULL),
(178, 178, 71, 10, 178, 'Open', NULL, NULL, NULL, NULL, NULL, NULL, NULL, NULL, NULL, NULL, NULL, NULL, NULL, NULL, NULL, NULL, NULL, NULL, NULL, NULL, NULL, NULL, NULL, '', '2013-01-22 00:00:00', NULL),
(179, 179, 20, 10, 179, 'Open', NULL, NULL, NULL, NULL, NULL, NULL, NULL, NULL, NULL, NULL, NULL, NULL, NULL, NULL, NULL, NULL, NULL, NULL, NULL, NULL, NULL, NULL, NULL, '', '2013-01-22 00:00:00', NULL),
(180, 180, 72, 10, 180, 'Open', NULL, NULL, NULL, NULL, NULL, NULL, NULL, NULL, NULL, NULL, NULL, NULL, NULL, NULL, NULL, NULL, NULL, NULL, NULL, NULL, NULL, NULL, NULL, '', '2013-01-23 00:00:00', NULL),
(181, 181, 73, 10, 181, 'Open', NULL, NULL, NULL, NULL, NULL, NULL, NULL, NULL, NULL, NULL, NULL, NULL, NULL, NULL, NULL, NULL, NULL, NULL, NULL, NULL, NULL, NULL, NULL, '', '2013-01-23 00:00:00', NULL),
(182, 182, 74, 10, 182, 'Open', NULL, NULL, NULL, NULL, NULL, NULL, NULL, NULL, NULL, NULL, NULL, NULL, NULL, NULL, NULL, NULL, NULL, NULL, NULL, NULL, NULL, NULL, NULL, '', '2013-01-23 00:00:00', NULL),
(183, 183, 75, 10, 183, 'Open', NULL, NULL, NULL, NULL, NULL, NULL, NULL, NULL, NULL, NULL, NULL, NULL, NULL, NULL, NULL, NULL, NULL, NULL, NULL, NULL, NULL, NULL, NULL, '', '2013-01-24 00:00:00', NULL),
(184, 184, 76, 11, 184, 'Open', NULL, NULL, NULL, NULL, NULL, NULL, NULL, NULL, NULL, NULL, NULL, NULL, NULL, NULL, NULL, NULL, NULL, NULL, NULL, NULL, NULL, NULL, NULL, '', '2013-01-25 00:00:00', NULL),
(185, 185, 77, 10, 185, 'Open', NULL, NULL, NULL, NULL, NULL, NULL, NULL, NULL, NULL, NULL, NULL, NULL, NULL, NULL, NULL, NULL, NULL, NULL, NULL, NULL, NULL, NULL, NULL, '', '2013-01-25 00:00:00', '2013-03-08 00:00:00'),
(186, 186, 78, 10, 186, 'Open', NULL, NULL, NULL, NULL, NULL, NULL, NULL, NULL, NULL, NULL, NULL, NULL, NULL, NULL, NULL, NULL, NULL, NULL, NULL, NULL, NULL, NULL, NULL, '', '2013-01-29 00:00:00', NULL),
(187, 187, 79, 10, 187, 'Open', NULL, NULL, NULL, NULL, NULL, NULL, NULL, NULL, NULL, NULL, NULL, NULL, NULL, NULL, NULL, NULL, NULL, NULL, NULL, NULL, NULL, NULL, NULL, '', '2013-01-29 00:00:00', NULL),
(188, 188, 80, 10, 188, 'Open', NULL, NULL, NULL, NULL, NULL, NULL, NULL, NULL, NULL, NULL, NULL, NULL, NULL, NULL, NULL, NULL, NULL, NULL, NULL, NULL, NULL, NULL, NULL, '', '2013-01-29 00:00:00', NULL),
(189, 189, 81, 10, 189, 'Open', NULL, NULL, NULL, NULL, NULL, NULL, NULL, NULL, NULL, NULL, NULL, NULL, NULL, NULL, NULL, NULL, NULL, NULL, NULL, NULL, NULL, NULL, NULL, '', '2013-01-29 00:00:00', NULL),
(190, 190, 82, 10, 190, 'Open', NULL, NULL, NULL, NULL, NULL, NULL, NULL, NULL, NULL, NULL, NULL, NULL, NULL, NULL, NULL, NULL, NULL, NULL, NULL, NULL, NULL, NULL, NULL, '', '2013-01-29 00:00:00', NULL),
(191, 191, 83, 10, 191, 'Open', NULL, NULL, NULL, NULL, NULL, NULL, NULL, NULL, NULL, NULL, NULL, NULL, NULL, NULL, NULL, NULL, NULL, NULL, NULL, NULL, NULL, NULL, NULL, '', '2013-01-29 00:00:00', NULL),
(192, 192, 84, 10, 192, 'Open', NULL, NULL, NULL, NULL, NULL, NULL, NULL, NULL, NULL, NULL, NULL, NULL, NULL, NULL, NULL, NULL, NULL, NULL, NULL, NULL, NULL, NULL, NULL, '', '2013-01-29 00:00:00', NULL),
(193, 193, 83, 11, 193, 'Open', NULL, NULL, NULL, NULL, NULL, NULL, NULL, NULL, NULL, NULL, NULL, NULL, NULL, NULL, NULL, NULL, NULL, NULL, NULL, NULL, NULL, NULL, NULL, '', '2013-01-30 00:00:00', NULL),
(194, 194, 20, 10, 194, 'Open', NULL, NULL, NULL, NULL, NULL, NULL, NULL, NULL, NULL, NULL, NULL, NULL, NULL, NULL, NULL, NULL, NULL, NULL, NULL, NULL, NULL, NULL, NULL, '', '2013-01-31 00:00:00', NULL),
(196, 196, 85, 11, 196, 'Open', NULL, NULL, NULL, NULL, NULL, NULL, NULL, NULL, NULL, NULL, NULL, NULL, NULL, NULL, NULL, NULL, NULL, NULL, NULL, NULL, NULL, NULL, NULL, '', '2013-01-31 00:00:00', NULL),
(197, 197, 86, 10, 197, 'Open', NULL, NULL, NULL, NULL, NULL, NULL, NULL, NULL, NULL, NULL, NULL, NULL, NULL, NULL, NULL, NULL, NULL, NULL, NULL, NULL, NULL, NULL, NULL, '', '2013-02-01 00:00:00', NULL),
(201, 201, 87, 10, 201, 'Open', NULL, NULL, NULL, NULL, NULL, NULL, NULL, NULL, NULL, NULL, NULL, NULL, NULL, NULL, NULL, NULL, NULL, NULL, NULL, NULL, NULL, NULL, NULL, '', '2013-02-01 00:00:00', NULL),
(202, 202, 88, 10, 202, 'Open', NULL, NULL, NULL, NULL, NULL, NULL, NULL, NULL, NULL, NULL, NULL, NULL, NULL, NULL, NULL, NULL, NULL, NULL, NULL, NULL, NULL, NULL, NULL, '', '2013-02-01 00:00:00', NULL),
(207, 207, 89, 11, 207, 'Open', NULL, NULL, NULL, NULL, NULL, NULL, NULL, NULL, NULL, NULL, NULL, NULL, NULL, NULL, NULL, NULL, NULL, NULL, NULL, NULL, NULL, NULL, NULL, '', '2013-02-05 00:00:00', NULL),
(208, 208, 90, 11, 208, 'Open', NULL, NULL, NULL, NULL, NULL, NULL, NULL, NULL, NULL, NULL, NULL, NULL, NULL, NULL, NULL, NULL, NULL, NULL, NULL, NULL, NULL, NULL, NULL, '', '2013-02-05 00:00:00', NULL),
(209, 209, 91, 11, 209, 'Open', NULL, NULL, NULL, NULL, NULL, NULL, NULL, NULL, NULL, NULL, NULL, NULL, NULL, NULL, NULL, NULL, NULL, NULL, NULL, NULL, NULL, NULL, NULL, '', '2013-02-05 00:00:00', NULL),
(211, 211, 92, 10, 211, 'Open', NULL, NULL, NULL, NULL, NULL, NULL, NULL, NULL, NULL, NULL, NULL, NULL, NULL, NULL, NULL, NULL, NULL, NULL, NULL, NULL, NULL, NULL, NULL, '', '2013-02-05 00:00:00', NULL),
(213, 213, 20, 10, 213, 'Open', NULL, NULL, NULL, NULL, NULL, NULL, NULL, NULL, NULL, NULL, NULL, NULL, NULL, NULL, NULL, NULL, NULL, NULL, NULL, NULL, NULL, NULL, NULL, '', '2013-02-05 00:00:00', NULL),
(215, 215, 93, 10, 215, 'Closed', NULL, NULL, NULL, NULL, NULL, NULL, NULL, NULL, NULL, NULL, NULL, NULL, NULL, NULL, NULL, NULL, NULL, NULL, NULL, NULL, NULL, NULL, NULL, '', '2013-02-05 00:00:00', NULL),
(216, 216, 94, 10, 216, 'Open', NULL, NULL, NULL, NULL, NULL, NULL, NULL, NULL, NULL, NULL, NULL, NULL, NULL, NULL, NULL, NULL, NULL, NULL, NULL, NULL, NULL, NULL, NULL, '', '2013-02-05 00:00:00', '2013-03-08 00:00:00'),
(217, 217, 95, 11, 217, 'Open', NULL, NULL, NULL, NULL, NULL, NULL, NULL, NULL, NULL, NULL, NULL, NULL, NULL, NULL, NULL, NULL, NULL, NULL, NULL, NULL, NULL, NULL, NULL, '', '2013-02-05 00:00:00', NULL),
(218, 218, 96, 11, 218, 'Open', NULL, NULL, NULL, NULL, NULL, NULL, NULL, NULL, NULL, NULL, NULL, NULL, NULL, NULL, NULL, NULL, NULL, NULL, NULL, NULL, NULL, NULL, NULL, '', '2013-02-06 00:00:00', NULL),
(219, 219, 97, 10, 219, 'Open', NULL, NULL, NULL, NULL, NULL, NULL, NULL, NULL, NULL, NULL, NULL, NULL, NULL, NULL, NULL, NULL, NULL, NULL, NULL, NULL, NULL, NULL, NULL, '', '2013-02-06 00:00:00', NULL),
(221, 221, 98, 10, 221, 'Open', NULL, NULL, NULL, NULL, NULL, NULL, NULL, NULL, NULL, NULL, NULL, NULL, NULL, NULL, NULL, NULL, NULL, NULL, NULL, NULL, NULL, NULL, NULL, '', '2013-02-06 00:00:00', NULL),
(223, 223, 99, 10, 223, 'Open', NULL, NULL, NULL, NULL, NULL, NULL, NULL, NULL, NULL, NULL, NULL, NULL, NULL, NULL, NULL, NULL, NULL, NULL, NULL, NULL, NULL, NULL, NULL, '', '2013-02-06 00:00:00', NULL),
(224, 224, 100, 10, 224, 'Open', NULL, NULL, NULL, NULL, NULL, NULL, NULL, NULL, NULL, NULL, NULL, NULL, NULL, NULL, NULL, NULL, NULL, NULL, NULL, NULL, NULL, NULL, NULL, '', '2013-02-06 00:00:00', NULL),
(225, 225, 101, 10, 225, 'Open', NULL, NULL, NULL, NULL, NULL, NULL, NULL, NULL, NULL, NULL, NULL, NULL, NULL, NULL, NULL, NULL, NULL, NULL, NULL, NULL, NULL, NULL, NULL, '', '2013-02-06 00:00:00', NULL),
(226, 226, 102, 10, 226, 'Open', NULL, NULL, NULL, NULL, NULL, NULL, NULL, NULL, NULL, NULL, NULL, NULL, NULL, NULL, NULL, NULL, NULL, NULL, NULL, NULL, NULL, NULL, NULL, '', '2013-02-06 00:00:00', NULL),
(228, 228, 101, 10, 228, 'Open', NULL, NULL, NULL, NULL, NULL, NULL, NULL, NULL, NULL, NULL, NULL, NULL, NULL, NULL, NULL, NULL, NULL, NULL, NULL, NULL, NULL, NULL, NULL, '', '2013-02-06 00:00:00', NULL),
(230, 230, 103, 11, 230, 'Open', NULL, NULL, NULL, NULL, NULL, NULL, NULL, NULL, NULL, NULL, NULL, NULL, NULL, NULL, NULL, NULL, NULL, NULL, NULL, NULL, NULL, NULL, NULL, '', '2013-02-06 00:00:00', NULL),
(231, 231, 103, 11, 231, 'Open', NULL, NULL, NULL, NULL, NULL, NULL, NULL, NULL, NULL, NULL, NULL, NULL, NULL, NULL, NULL, NULL, NULL, NULL, NULL, NULL, NULL, NULL, NULL, '', '2013-02-06 00:00:00', NULL),
(232, 232, 103, 11, 232, 'Open', NULL, NULL, NULL, NULL, NULL, NULL, NULL, NULL, NULL, NULL, NULL, NULL, NULL, NULL, NULL, NULL, NULL, NULL, NULL, NULL, NULL, NULL, NULL, '', '2013-02-06 00:00:00', NULL),
(233, 233, 103, 11, 233, 'Open', NULL, NULL, NULL, NULL, NULL, NULL, NULL, NULL, NULL, NULL, NULL, NULL, NULL, NULL, NULL, NULL, NULL, NULL, NULL, NULL, NULL, NULL, NULL, '', '2013-02-06 00:00:00', NULL),
(234, 234, 104, 11, 234, 'Open', NULL, NULL, NULL, NULL, NULL, NULL, NULL, NULL, NULL, NULL, NULL, NULL, NULL, NULL, NULL, NULL, NULL, NULL, NULL, NULL, NULL, NULL, NULL, '', '2013-02-07 00:00:00', NULL),
(236, 236, 104, 11, 236, 'Open', NULL, NULL, NULL, NULL, NULL, NULL, NULL, NULL, NULL, NULL, NULL, NULL, NULL, NULL, NULL, NULL, NULL, NULL, NULL, NULL, NULL, NULL, NULL, '', '2013-02-07 00:00:00', '2013-03-15 00:00:00'),
(237, 237, 104, 11, 237, 'Open', NULL, NULL, NULL, NULL, NULL, NULL, NULL, NULL, NULL, NULL, NULL, NULL, NULL, NULL, NULL, NULL, NULL, NULL, NULL, NULL, NULL, NULL, NULL, '', '2013-02-07 00:00:00', NULL),
(239, 239, 105, 10, 239, 'Open', NULL, NULL, NULL, NULL, NULL, NULL, NULL, NULL, NULL, NULL, NULL, NULL, NULL, NULL, NULL, NULL, NULL, NULL, NULL, NULL, NULL, NULL, NULL, '', '2013-02-07 00:00:00', NULL),
(240, 240, 106, 10, 240, 'Open', NULL, NULL, NULL, NULL, NULL, NULL, NULL, NULL, NULL, NULL, NULL, NULL, NULL, NULL, NULL, NULL, NULL, NULL, NULL, NULL, NULL, NULL, NULL, '', '2013-02-07 00:00:00', NULL),
(241, 241, 107, 10, 241, 'Open', NULL, NULL, NULL, NULL, NULL, NULL, NULL, NULL, NULL, NULL, NULL, NULL, NULL, NULL, NULL, NULL, NULL, NULL, NULL, NULL, NULL, NULL, NULL, '', '2013-02-07 00:00:00', NULL),
(242, 242, 108, 10, 242, 'Open', NULL, NULL, NULL, NULL, NULL, NULL, NULL, NULL, NULL, NULL, NULL, NULL, NULL, NULL, NULL, NULL, NULL, NULL, NULL, NULL, NULL, NULL, NULL, '', '2013-02-07 00:00:00', NULL),
(243, 243, 109, 10, 243, 'Open', NULL, NULL, NULL, NULL, NULL, NULL, NULL, NULL, NULL, NULL, NULL, NULL, NULL, NULL, NULL, NULL, NULL, NULL, NULL, NULL, NULL, NULL, NULL, '', '2013-02-07 00:00:00', NULL),
(244, 244, 110, 10, 244, 'Open', NULL, NULL, NULL, NULL, NULL, NULL, NULL, NULL, NULL, NULL, NULL, NULL, NULL, NULL, NULL, NULL, NULL, NULL, NULL, NULL, NULL, NULL, NULL, '', '2013-02-07 00:00:00', NULL),
(245, 245, 111, 10, 245, 'Open', NULL, NULL, NULL, NULL, NULL, NULL, NULL, NULL, NULL, NULL, NULL, NULL, NULL, NULL, NULL, NULL, NULL, NULL, NULL, NULL, NULL, NULL, NULL, '', '2013-02-07 00:00:00', '2013-03-14 00:00:00'),
(246, 246, 112, 10, 246, 'Open', NULL, NULL, NULL, NULL, NULL, NULL, NULL, NULL, NULL, NULL, NULL, NULL, NULL, NULL, NULL, NULL, NULL, NULL, NULL, NULL, NULL, NULL, NULL, '', '2013-02-07 00:00:00', NULL),
(247, 247, 113, 10, 247, 'Open', NULL, NULL, NULL, NULL, NULL, NULL, NULL, NULL, NULL, NULL, NULL, NULL, NULL, NULL, NULL, NULL, NULL, NULL, NULL, NULL, NULL, NULL, NULL, '', '2013-02-04 00:00:00', NULL),
(248, 248, 49, 11, 248, 'Open', NULL, NULL, NULL, NULL, NULL, NULL, NULL, NULL, NULL, NULL, NULL, NULL, NULL, NULL, NULL, NULL, NULL, NULL, NULL, NULL, NULL, NULL, NULL, '', '2013-02-07 00:00:00', NULL),
(249, 249, 49, 11, 249, 'Open', NULL, NULL, NULL, NULL, NULL, NULL, NULL, NULL, NULL, NULL, NULL, NULL, NULL, NULL, NULL, NULL, NULL, NULL, NULL, NULL, NULL, NULL, NULL, '', '2013-02-07 00:00:00', NULL),
(250, 250, 3, 11, 250, 'Open', NULL, NULL, NULL, NULL, NULL, NULL, NULL, NULL, NULL, NULL, NULL, NULL, NULL, NULL, NULL, NULL, NULL, NULL, NULL, NULL, NULL, NULL, NULL, '', '2013-02-07 00:00:00', NULL),
(251, 251, 3, 11, 251, 'Open', NULL, NULL, NULL, NULL, NULL, NULL, NULL, NULL, NULL, NULL, NULL, NULL, NULL, NULL, NULL, NULL, NULL, NULL, NULL, NULL, NULL, NULL, NULL, '', '2013-02-07 00:00:00', NULL),
(252, 252, 11, 11, 252, 'Open', NULL, NULL, NULL, NULL, NULL, NULL, NULL, NULL, NULL, NULL, NULL, NULL, NULL, NULL, NULL, NULL, NULL, NULL, NULL, NULL, NULL, NULL, NULL, '', '2013-02-07 00:00:00', NULL),
(253, 253, 114, 11, 253, 'Open', NULL, NULL, NULL, NULL, NULL, NULL, NULL, NULL, NULL, NULL, NULL, NULL, NULL, NULL, NULL, NULL, NULL, NULL, NULL, NULL, NULL, NULL, NULL, '', '2013-02-07 00:00:00', NULL),
(255, 255, 115, 11, 255, 'Open', NULL, NULL, NULL, NULL, NULL, NULL, NULL, NULL, NULL, NULL, NULL, NULL, NULL, NULL, NULL, NULL, NULL, NULL, NULL, NULL, NULL, NULL, NULL, '', '2013-02-08 00:00:00', NULL),
(256, 256, 116, 10, 256, 'Open', NULL, NULL, NULL, NULL, NULL, NULL, NULL, NULL, NULL, NULL, NULL, NULL, NULL, NULL, NULL, NULL, NULL, NULL, NULL, NULL, NULL, NULL, NULL, '', '2013-02-08 00:00:00', NULL),
(259, 259, 117, 10, 259, 'Open', NULL, NULL, NULL, NULL, NULL, NULL, NULL, NULL, NULL, NULL, NULL, NULL, NULL, NULL, NULL, NULL, NULL, NULL, NULL, NULL, NULL, NULL, NULL, '', '2013-02-08 00:00:00', NULL),
(260, 260, 118, 10, 260, 'Open', NULL, NULL, NULL, NULL, NULL, NULL, NULL, NULL, NULL, NULL, NULL, NULL, NULL, NULL, NULL, NULL, NULL, NULL, NULL, NULL, NULL, NULL, NULL, '', '2013-02-08 00:00:00', '2013-03-08 00:00:00'),
(261, 261, 119, 10, 261, 'Open', NULL, NULL, NULL, NULL, NULL, NULL, NULL, NULL, NULL, NULL, NULL, NULL, NULL, NULL, NULL, NULL, NULL, NULL, NULL, NULL, NULL, NULL, NULL, '', '2013-02-08 00:00:00', NULL),
(262, 262, 120, 10, 262, 'Open', NULL, NULL, NULL, NULL, NULL, NULL, NULL, NULL, NULL, NULL, NULL, NULL, NULL, NULL, NULL, NULL, NULL, NULL, NULL, NULL, NULL, NULL, NULL, '', '2013-02-08 00:00:00', NULL),
(263, 263, 121, 10, 263, 'Open', NULL, NULL, NULL, NULL, NULL, NULL, NULL, NULL, NULL, NULL, NULL, NULL, NULL, NULL, NULL, NULL, NULL, NULL, NULL, NULL, NULL, NULL, NULL, '', '2013-02-08 00:00:00', NULL),
(264, 264, 6, 10, 264, 'Open', NULL, NULL, NULL, NULL, NULL, NULL, NULL, NULL, NULL, NULL, NULL, NULL, NULL, NULL, NULL, NULL, NULL, NULL, NULL, NULL, NULL, NULL, NULL, '', '2013-02-08 00:00:00', NULL),
(265, 265, 122, 10, 265, 'Open', NULL, NULL, NULL, NULL, NULL, NULL, NULL, NULL, NULL, NULL, NULL, NULL, NULL, NULL, NULL, NULL, NULL, NULL, NULL, NULL, NULL, NULL, NULL, '', '2013-02-08 00:00:00', NULL),
(266, 266, 6, 10, 266, 'Open', NULL, NULL, NULL, NULL, NULL, NULL, NULL, NULL, NULL, NULL, NULL, NULL, NULL, NULL, NULL, NULL, NULL, NULL, NULL, NULL, NULL, NULL, NULL, '', '2013-02-08 00:00:00', NULL),
(267, 267, 123, 11, 267, 'Open', NULL, NULL, NULL, NULL, NULL, NULL, NULL, NULL, NULL, NULL, NULL, NULL, NULL, NULL, NULL, NULL, NULL, NULL, NULL, NULL, NULL, NULL, NULL, '', '2013-02-08 00:00:00', NULL),
(268, 268, 123, 11, 268, 'Open', NULL, NULL, NULL, NULL, NULL, NULL, NULL, NULL, NULL, NULL, NULL, NULL, NULL, NULL, NULL, NULL, NULL, NULL, NULL, NULL, NULL, NULL, NULL, '', '2013-02-08 00:00:00', NULL),
(269, 269, 123, 11, 269, 'Open', NULL, NULL, NULL, NULL, NULL, NULL, NULL, NULL, NULL, NULL, NULL, NULL, NULL, NULL, NULL, NULL, NULL, NULL, NULL, NULL, NULL, NULL, NULL, '', '2013-02-08 00:00:00', NULL),
(271, 271, 124, 11, 271, 'On hold', NULL, NULL, NULL, NULL, NULL, NULL, NULL, NULL, NULL, NULL, NULL, NULL, NULL, NULL, NULL, NULL, NULL, NULL, NULL, NULL, NULL, NULL, NULL, '', '2013-02-10 00:00:00', NULL),
(272, 272, 125, 11, 272, 'Open', NULL, NULL, NULL, NULL, NULL, NULL, NULL, NULL, NULL, NULL, NULL, NULL, NULL, NULL, NULL, NULL, NULL, NULL, NULL, NULL, NULL, NULL, NULL, '', '2013-02-10 00:00:00', NULL),
(273, 273, 126, 11, 273, 'Open', NULL, NULL, NULL, NULL, NULL, NULL, NULL, NULL, NULL, NULL, NULL, NULL, NULL, NULL, NULL, NULL, NULL, NULL, NULL, NULL, NULL, NULL, NULL, '', '2013-02-10 00:00:00', NULL),
(274, 274, 126, 11, 274, 'Closed', NULL, NULL, NULL, NULL, NULL, NULL, NULL, NULL, NULL, NULL, NULL, NULL, NULL, NULL, NULL, NULL, NULL, NULL, NULL, NULL, NULL, NULL, NULL, '', '2013-02-10 00:00:00', NULL),
(275, 275, 127, 11, 275, 'Open', NULL, NULL, NULL, NULL, NULL, NULL, NULL, NULL, NULL, NULL, NULL, NULL, NULL, NULL, NULL, NULL, NULL, NULL, NULL, NULL, NULL, NULL, NULL, '', '2013-02-10 00:00:00', NULL),
(276, 276, 128, 11, 276, 'Open', NULL, NULL, NULL, NULL, NULL, NULL, NULL, NULL, NULL, NULL, NULL, NULL, NULL, NULL, NULL, NULL, NULL, NULL, NULL, NULL, NULL, NULL, NULL, '', '2013-02-10 00:00:00', '2013-03-08 00:00:00'),
(277, 277, 129, 11, 277, 'Open', NULL, NULL, NULL, NULL, NULL, NULL, NULL, NULL, NULL, NULL, NULL, NULL, NULL, NULL, NULL, NULL, NULL, NULL, NULL, NULL, NULL, NULL, NULL, '', '2013-02-10 00:00:00', NULL),
(279, 279, 130, 11, 279, 'Open', NULL, NULL, NULL, NULL, NULL, NULL, NULL, NULL, NULL, NULL, NULL, NULL, NULL, NULL, NULL, NULL, NULL, NULL, NULL, NULL, NULL, NULL, NULL, '', '2013-02-10 00:00:00', NULL),
(280, 280, 131, 11, 280, 'Open', NULL, NULL, NULL, NULL, NULL, NULL, NULL, NULL, NULL, NULL, NULL, NULL, NULL, NULL, NULL, NULL, NULL, NULL, NULL, NULL, NULL, NULL, NULL, '', '2013-02-11 00:00:00', NULL),
(281, 281, 131, 11, 281, 'Open', NULL, NULL, NULL, NULL, NULL, NULL, NULL, NULL, NULL, NULL, NULL, NULL, NULL, NULL, NULL, NULL, NULL, NULL, NULL, NULL, NULL, NULL, NULL, '', '2013-02-11 00:00:00', NULL),
(282, 282, 124, 11, 282, 'Open', NULL, NULL, NULL, NULL, NULL, NULL, NULL, NULL, NULL, NULL, NULL, NULL, NULL, NULL, NULL, NULL, NULL, NULL, NULL, NULL, NULL, NULL, NULL, '', '2013-02-11 00:00:00', NULL),
(283, 283, 132, 10, 283, 'Open', NULL, NULL, NULL, NULL, NULL, NULL, NULL, NULL, NULL, NULL, NULL, NULL, NULL, NULL, NULL, NULL, NULL, NULL, NULL, NULL, NULL, NULL, NULL, '', '2013-02-11 00:00:00', NULL),
(284, 284, 133, 10, 284, 'Open', NULL, NULL, NULL, NULL, NULL, NULL, NULL, NULL, NULL, NULL, NULL, NULL, NULL, NULL, NULL, NULL, NULL, NULL, NULL, NULL, NULL, NULL, NULL, '', '2013-02-11 00:00:00', NULL),
(285, 285, 134, 10, 285, 'Open', NULL, NULL, NULL, NULL, NULL, NULL, NULL, NULL, NULL, NULL, NULL, NULL, NULL, NULL, NULL, NULL, NULL, NULL, NULL, NULL, NULL, NULL, NULL, '', '2013-02-11 00:00:00', NULL),
(286, 286, 135, 10, 286, 'Open', NULL, NULL, NULL, NULL, NULL, NULL, NULL, NULL, NULL, NULL, NULL, NULL, NULL, NULL, NULL, NULL, NULL, NULL, NULL, NULL, NULL, NULL, NULL, '', '2013-02-11 00:00:00', NULL),
(287, 287, 136, 10, 287, 'Open', NULL, NULL, NULL, NULL, NULL, NULL, NULL, NULL, NULL, NULL, NULL, NULL, NULL, NULL, NULL, NULL, NULL, NULL, NULL, NULL, NULL, NULL, NULL, '', '2013-02-11 00:00:00', NULL),
(288, 288, 137, 11, 288, 'Open', NULL, NULL, NULL, NULL, NULL, NULL, NULL, NULL, NULL, NULL, NULL, NULL, NULL, NULL, NULL, NULL, NULL, NULL, NULL, NULL, NULL, NULL, NULL, '', '2013-02-11 00:00:00', NULL),
(289, 289, 137, 11, 289, 'Open', NULL, NULL, NULL, NULL, NULL, NULL, NULL, NULL, NULL, NULL, NULL, NULL, NULL, NULL, NULL, NULL, NULL, NULL, NULL, NULL, NULL, NULL, NULL, '', '2013-02-11 00:00:00', NULL),
(290, 290, 137, 11, 290, 'Open', NULL, NULL, NULL, NULL, NULL, NULL, NULL, NULL, NULL, NULL, NULL, NULL, NULL, NULL, NULL, NULL, NULL, NULL, NULL, NULL, NULL, NULL, NULL, '', '2013-02-11 00:00:00', NULL),
(291, 291, 138, 11, 291, 'Open', NULL, NULL, NULL, NULL, NULL, NULL, NULL, NULL, NULL, NULL, NULL, NULL, NULL, NULL, NULL, NULL, NULL, NULL, NULL, NULL, NULL, NULL, NULL, '', '2013-02-11 00:00:00', NULL),
(292, 292, 139, 11, 292, 'Open', NULL, NULL, NULL, NULL, NULL, NULL, NULL, NULL, NULL, NULL, NULL, NULL, NULL, NULL, NULL, NULL, NULL, NULL, NULL, NULL, NULL, NULL, NULL, '', '2013-02-11 00:00:00', NULL),
(293, 293, 140, 11, 293, 'Open', NULL, NULL, NULL, NULL, NULL, NULL, NULL, NULL, NULL, NULL, NULL, NULL, NULL, NULL, NULL, NULL, NULL, NULL, NULL, NULL, NULL, NULL, NULL, '', '2013-02-11 00:00:00', NULL),
(295, 295, 141, 10, 295, 'Open', NULL, NULL, NULL, NULL, NULL, NULL, NULL, NULL, NULL, NULL, NULL, NULL, NULL, NULL, NULL, NULL, NULL, NULL, NULL, NULL, NULL, NULL, NULL, '', '2013-02-12 00:00:00', NULL),
(296, 296, 142, 10, 296, 'Open', NULL, NULL, NULL, NULL, NULL, NULL, NULL, NULL, NULL, NULL, NULL, NULL, NULL, NULL, NULL, NULL, NULL, NULL, NULL, NULL, NULL, NULL, NULL, '', '2013-02-12 00:00:00', NULL),
(297, 297, 143, 11, 297, 'Open', NULL, NULL, NULL, NULL, NULL, NULL, NULL, NULL, NULL, NULL, NULL, NULL, NULL, NULL, NULL, NULL, NULL, NULL, NULL, NULL, NULL, NULL, NULL, '', '2013-02-12 00:00:00', NULL),
(298, 298, 144, 11, 298, 'Open', NULL, NULL, NULL, NULL, NULL, NULL, NULL, NULL, NULL, NULL, NULL, NULL, NULL, NULL, NULL, NULL, NULL, NULL, NULL, NULL, NULL, NULL, NULL, '', '2013-02-12 00:00:00', NULL),
(299, 299, 144, 11, 299, 'Open', NULL, NULL, NULL, NULL, NULL, NULL, NULL, NULL, NULL, NULL, NULL, NULL, NULL, NULL, NULL, NULL, NULL, NULL, NULL, NULL, NULL, NULL, NULL, '', '2013-02-12 00:00:00', NULL),
(300, 300, 145, 11, 300, 'Closed', NULL, NULL, NULL, NULL, NULL, NULL, NULL, NULL, NULL, NULL, NULL, NULL, NULL, NULL, NULL, NULL, NULL, NULL, NULL, NULL, NULL, NULL, NULL, '', '2013-02-13 00:00:00', NULL),
(301, 301, 146, 11, 301, 'Open', NULL, NULL, NULL, NULL, NULL, NULL, NULL, NULL, NULL, NULL, NULL, NULL, NULL, NULL, NULL, NULL, NULL, NULL, NULL, NULL, NULL, NULL, NULL, '', '2013-02-14 00:00:00', NULL),
(302, 302, 147, 11, 302, 'Open', NULL, NULL, NULL, NULL, NULL, NULL, NULL, NULL, NULL, NULL, NULL, NULL, NULL, NULL, NULL, NULL, NULL, NULL, NULL, NULL, NULL, NULL, NULL, '', '2013-02-14 00:00:00', NULL),
(305, 305, 148, 11, 305, 'Open', NULL, NULL, NULL, NULL, NULL, NULL, NULL, NULL, NULL, NULL, NULL, NULL, NULL, NULL, NULL, NULL, NULL, NULL, NULL, NULL, NULL, NULL, NULL, '', '2013-02-14 00:00:00', NULL),
(308, 308, 149, 11, 308, 'Open', NULL, NULL, NULL, NULL, NULL, NULL, NULL, NULL, NULL, NULL, NULL, NULL, NULL, NULL, NULL, NULL, NULL, NULL, NULL, NULL, NULL, NULL, NULL, '', '2013-02-14 00:00:00', NULL),
(310, 310, 83, 11, 310, 'Open', NULL, NULL, NULL, NULL, NULL, NULL, NULL, NULL, NULL, NULL, NULL, NULL, NULL, NULL, NULL, NULL, NULL, NULL, NULL, NULL, NULL, NULL, NULL, '', '2013-02-14 00:00:00', NULL),
(312, 312, 150, 11, 312, 'Open', NULL, NULL, NULL, NULL, NULL, NULL, NULL, NULL, NULL, NULL, NULL, NULL, NULL, NULL, NULL, NULL, NULL, NULL, NULL, NULL, NULL, NULL, NULL, '', '2013-02-15 00:00:00', NULL),
(313, 313, 150, 11, 313, 'Open', NULL, NULL, NULL, NULL, NULL, NULL, NULL, NULL, NULL, NULL, NULL, NULL, NULL, NULL, NULL, NULL, NULL, NULL, NULL, NULL, NULL, NULL, NULL, '', '2013-02-15 00:00:00', NULL),
(314, 314, 151, 11, 314, 'Open', NULL, NULL, NULL, NULL, NULL, NULL, NULL, NULL, NULL, NULL, NULL, NULL, NULL, NULL, NULL, NULL, NULL, NULL, NULL, NULL, NULL, NULL, NULL, '', '2013-02-18 00:00:00', NULL),
(315, 315, 152, 10, 315, 'Open', NULL, NULL, NULL, NULL, NULL, NULL, NULL, NULL, NULL, NULL, NULL, NULL, NULL, NULL, NULL, NULL, NULL, NULL, NULL, NULL, NULL, NULL, NULL, '', '2013-02-19 00:00:00', NULL),
(317, 317, 153, 10, 317, 'Open', NULL, NULL, NULL, NULL, NULL, NULL, NULL, NULL, NULL, NULL, NULL, NULL, NULL, NULL, NULL, NULL, NULL, NULL, NULL, NULL, NULL, NULL, NULL, '', '2013-02-19 00:00:00', NULL),
(318, 318, 153, 10, 318, 'Open', NULL, NULL, NULL, NULL, NULL, NULL, NULL, NULL, NULL, NULL, NULL, NULL, NULL, NULL, NULL, NULL, NULL, NULL, NULL, NULL, NULL, NULL, NULL, '', '2013-02-19 00:00:00', NULL),
(319, 319, 154, 10, 319, 'Open', NULL, NULL, NULL, NULL, NULL, NULL, NULL, NULL, NULL, NULL, NULL, NULL, NULL, NULL, NULL, NULL, NULL, NULL, NULL, NULL, NULL, NULL, NULL, '', '2013-02-19 00:00:00', NULL),
(320, 320, 155, 10, 320, 'Open', NULL, NULL, NULL, NULL, NULL, NULL, NULL, NULL, NULL, NULL, NULL, NULL, NULL, NULL, NULL, NULL, NULL, NULL, NULL, NULL, NULL, NULL, NULL, '', '2013-02-19 00:00:00', NULL),
(321, 321, 155, 10, 321, 'Open', NULL, NULL, NULL, NULL, NULL, NULL, NULL, NULL, NULL, NULL, NULL, NULL, NULL, NULL, NULL, NULL, NULL, NULL, NULL, NULL, NULL, NULL, NULL, '', '2013-02-19 00:00:00', NULL),
(322, 322, 156, 10, 322, 'Open', NULL, NULL, NULL, NULL, NULL, NULL, NULL, NULL, NULL, NULL, NULL, NULL, NULL, NULL, NULL, NULL, NULL, NULL, NULL, NULL, NULL, NULL, NULL, '', '2013-02-19 00:00:00', NULL),
(323, 323, 20, 10, 323, 'Open', NULL, NULL, NULL, NULL, NULL, NULL, NULL, NULL, NULL, NULL, NULL, NULL, NULL, NULL, NULL, NULL, NULL, NULL, NULL, NULL, NULL, NULL, NULL, '', '2013-02-19 00:00:00', NULL),
(324, 324, 157, 10, 324, 'Open', NULL, NULL, NULL, NULL, NULL, NULL, NULL, NULL, NULL, NULL, NULL, NULL, NULL, NULL, NULL, NULL, NULL, NULL, NULL, NULL, NULL, NULL, NULL, '', '2013-02-20 00:00:00', NULL),
(325, 325, 158, 10, 325, 'Open', NULL, NULL, NULL, NULL, NULL, NULL, NULL, NULL, NULL, NULL, NULL, NULL, NULL, NULL, NULL, NULL, NULL, NULL, NULL, NULL, NULL, NULL, NULL, '', '2013-02-20 00:00:00', NULL),
(328, 328, 111, 11, 328, 'Open', NULL, NULL, NULL, NULL, NULL, NULL, NULL, NULL, NULL, NULL, NULL, NULL, NULL, NULL, NULL, NULL, NULL, NULL, NULL, NULL, NULL, NULL, NULL, '', '2013-02-21 00:00:00', NULL),
(331, 331, 159, 10, 331, 'Open', NULL, NULL, NULL, NULL, NULL, NULL, NULL, NULL, NULL, NULL, NULL, NULL, NULL, NULL, NULL, NULL, NULL, NULL, NULL, NULL, NULL, NULL, NULL, '', '2013-02-21 00:00:00', NULL),
(332, 332, 160, 10, 332, 'Open', NULL, NULL, NULL, NULL, NULL, NULL, NULL, NULL, NULL, NULL, NULL, NULL, NULL, NULL, NULL, NULL, NULL, NULL, NULL, NULL, NULL, NULL, NULL, '', '2013-02-21 00:00:00', NULL),
(333, 333, 161, 10, 333, 'Open', NULL, NULL, NULL, NULL, NULL, NULL, NULL, NULL, NULL, NULL, NULL, NULL, NULL, NULL, NULL, NULL, NULL, NULL, NULL, NULL, NULL, NULL, NULL, '', '2013-02-21 00:00:00', NULL),
(334, 334, 162, 10, 334, 'Open', NULL, NULL, NULL, NULL, NULL, NULL, NULL, NULL, NULL, NULL, NULL, NULL, NULL, NULL, NULL, NULL, NULL, NULL, NULL, NULL, NULL, NULL, NULL, '', '2013-02-21 00:00:00', NULL),
(335, 335, 163, 10, 335, 'Open', NULL, NULL, NULL, NULL, NULL, NULL, NULL, NULL, NULL, NULL, NULL, NULL, NULL, NULL, NULL, NULL, NULL, NULL, NULL, NULL, NULL, NULL, NULL, '', '2013-02-21 00:00:00', NULL),
(336, 336, 164, 10, 336, 'Open', NULL, NULL, NULL, NULL, NULL, NULL, NULL, NULL, NULL, NULL, NULL, NULL, NULL, NULL, NULL, NULL, NULL, NULL, NULL, NULL, NULL, NULL, NULL, '', '2013-02-21 00:00:00', NULL),
(337, 337, 165, 10, 337, 'Open', NULL, NULL, NULL, NULL, NULL, NULL, NULL, NULL, NULL, NULL, NULL, NULL, NULL, NULL, NULL, NULL, NULL, NULL, NULL, NULL, NULL, NULL, NULL, '', '2013-02-21 00:00:00', NULL),
(338, 338, 166, 10, 338, 'Open', NULL, NULL, NULL, NULL, NULL, NULL, NULL, NULL, NULL, NULL, NULL, NULL, NULL, NULL, NULL, NULL, NULL, NULL, NULL, NULL, NULL, NULL, NULL, '', '2013-02-21 00:00:00', NULL),
(340, 340, 167, 10, 340, 'Open', NULL, NULL, NULL, NULL, NULL, NULL, NULL, NULL, NULL, NULL, NULL, NULL, NULL, NULL, NULL, NULL, NULL, NULL, NULL, NULL, NULL, NULL, NULL, '', '2013-02-21 00:00:00', NULL),
(341, 341, 168, 10, 341, 'Open', NULL, NULL, NULL, NULL, NULL, NULL, NULL, NULL, NULL, NULL, NULL, NULL, NULL, NULL, NULL, NULL, NULL, NULL, NULL, NULL, NULL, NULL, NULL, '', '2013-02-21 00:00:00', NULL),
(342, 342, 169, 10, 342, 'Open', NULL, NULL, NULL, NULL, NULL, NULL, NULL, NULL, NULL, NULL, NULL, NULL, NULL, NULL, NULL, NULL, NULL, NULL, NULL, NULL, NULL, NULL, NULL, '', '2013-02-21 00:00:00', NULL),
(343, 343, 170, 10, 343, 'Open', NULL, NULL, NULL, NULL, NULL, NULL, NULL, NULL, NULL, NULL, NULL, NULL, NULL, NULL, NULL, NULL, NULL, NULL, NULL, NULL, NULL, NULL, NULL, '', '2013-02-21 00:00:00', NULL),
(344, 344, 171, 10, 344, 'Open', NULL, NULL, NULL, NULL, NULL, NULL, NULL, NULL, NULL, NULL, NULL, NULL, NULL, NULL, NULL, NULL, NULL, NULL, NULL, NULL, NULL, NULL, NULL, '', '2013-02-21 00:00:00', NULL),
(345, 345, 172, 10, 345, 'Open', NULL, NULL, NULL, NULL, NULL, NULL, NULL, NULL, NULL, NULL, NULL, NULL, NULL, NULL, NULL, NULL, NULL, NULL, NULL, NULL, NULL, NULL, NULL, '', '2013-02-21 00:00:00', NULL),
(346, 346, 173, 11, 346, 'Open', NULL, NULL, NULL, NULL, NULL, NULL, NULL, NULL, NULL, NULL, NULL, NULL, NULL, NULL, NULL, NULL, NULL, NULL, NULL, NULL, NULL, NULL, NULL, '', '2012-03-21 00:00:00', NULL),
(347, 347, 173, 11, 347, 'Open', NULL, NULL, NULL, NULL, NULL, NULL, NULL, NULL, NULL, NULL, NULL, NULL, NULL, NULL, NULL, NULL, NULL, NULL, NULL, NULL, NULL, NULL, NULL, '', '2012-03-22 00:00:00', NULL),
(348, 348, 174, 10, 348, 'Open', NULL, NULL, NULL, NULL, NULL, NULL, NULL, NULL, NULL, NULL, NULL, NULL, NULL, NULL, NULL, NULL, NULL, NULL, NULL, NULL, NULL, NULL, NULL, '', '2013-02-22 00:00:00', NULL);
INSERT INTO `clientcases` (`id`, `user_id`, `archive_id`, `status_id`, `applicant_id`, `open_or_closed`, `existing_family`, `appointment_date`, `born_in_poland`, `spouse_nationality`, `nationality_of_parents`, `mother_name`, `father_name`, `nationality_of_grandparents`, `mat_grandmother_name`, `mat_grandfather_name`, `pat_grandmother_name`, `pat_grandfather_name`, `nationality_of_others`, `serve_in_army`, `serve_in_army_info`, `when_left_poland`, `where_left_poland`, `where_left_poland_other`, `have_passport`, `possess_documents`, `possess_documents_types`, `possess_documents_other`, `other_factors`, `brief_history`, `created`, `modified`) VALUES
(349, 349, 175, 10, 349, 'Open', NULL, NULL, NULL, NULL, NULL, NULL, NULL, NULL, NULL, NULL, NULL, NULL, NULL, NULL, NULL, NULL, NULL, NULL, NULL, NULL, NULL, NULL, NULL, '', '2013-02-22 00:00:00', NULL),
(350, 350, 176, 11, 350, 'Open', NULL, NULL, NULL, NULL, NULL, NULL, NULL, NULL, NULL, NULL, NULL, NULL, NULL, NULL, NULL, NULL, NULL, NULL, NULL, NULL, NULL, NULL, NULL, '', '2013-02-25 00:00:00', NULL),
(351, 351, 176, 11, 351, 'Open', NULL, NULL, NULL, NULL, NULL, NULL, NULL, NULL, NULL, NULL, NULL, NULL, NULL, NULL, NULL, NULL, NULL, NULL, NULL, NULL, NULL, NULL, NULL, '', '2013-02-25 00:00:00', NULL),
(352, 352, 177, 10, 352, 'Open', NULL, NULL, NULL, NULL, NULL, NULL, NULL, NULL, NULL, NULL, NULL, NULL, NULL, NULL, NULL, NULL, NULL, NULL, NULL, NULL, NULL, NULL, NULL, '', '2013-02-25 00:00:00', NULL),
(353, 353, 178, 11, 353, 'Open', NULL, NULL, NULL, NULL, NULL, NULL, NULL, NULL, NULL, NULL, NULL, NULL, NULL, NULL, NULL, NULL, NULL, NULL, NULL, NULL, NULL, NULL, NULL, '', '2013-02-25 00:00:00', NULL),
(354, 354, 179, 10, 354, 'Open', NULL, NULL, NULL, NULL, NULL, NULL, NULL, NULL, NULL, NULL, NULL, NULL, NULL, NULL, NULL, NULL, NULL, NULL, NULL, NULL, NULL, NULL, NULL, '', '2013-02-26 00:00:00', NULL),
(355, 355, 180, 10, 355, 'Open', NULL, NULL, NULL, NULL, NULL, NULL, NULL, NULL, NULL, NULL, NULL, NULL, NULL, NULL, NULL, NULL, NULL, NULL, NULL, NULL, NULL, NULL, NULL, '', '2013-02-26 00:00:00', NULL),
(356, 356, 181, 10, 356, 'Open', NULL, NULL, NULL, NULL, NULL, NULL, NULL, NULL, NULL, NULL, NULL, NULL, NULL, NULL, NULL, NULL, NULL, NULL, NULL, NULL, NULL, NULL, NULL, '', '2013-02-26 00:00:00', NULL),
(357, 357, 182, 10, 357, 'Open', NULL, NULL, NULL, NULL, NULL, NULL, NULL, NULL, NULL, NULL, NULL, NULL, NULL, NULL, NULL, NULL, NULL, NULL, NULL, NULL, NULL, NULL, NULL, '', '2013-02-26 00:00:00', NULL),
(358, 358, 183, 11, 358, 'Open', NULL, NULL, NULL, NULL, NULL, NULL, NULL, NULL, NULL, NULL, NULL, NULL, NULL, NULL, NULL, NULL, NULL, NULL, NULL, NULL, NULL, NULL, NULL, '', '2013-02-26 00:00:00', NULL),
(359, 359, 184, 10, 359, 'Open', NULL, NULL, NULL, NULL, NULL, NULL, NULL, NULL, NULL, NULL, NULL, NULL, NULL, NULL, NULL, NULL, NULL, NULL, NULL, NULL, NULL, NULL, NULL, '', '2013-02-27 00:00:00', NULL),
(361, 361, 185, 10, 361, 'Open', NULL, NULL, NULL, NULL, NULL, NULL, NULL, NULL, NULL, NULL, NULL, NULL, NULL, NULL, NULL, NULL, NULL, NULL, NULL, NULL, NULL, NULL, NULL, '', '2013-02-27 00:00:00', NULL),
(362, 362, 186, 10, 362, 'Open', NULL, NULL, NULL, NULL, NULL, NULL, NULL, NULL, NULL, NULL, NULL, NULL, NULL, NULL, NULL, NULL, NULL, NULL, NULL, NULL, NULL, NULL, NULL, '', '2013-02-27 00:00:00', NULL),
(364, 364, 187, 11, 364, 'Open', NULL, NULL, NULL, NULL, NULL, NULL, NULL, NULL, NULL, NULL, NULL, NULL, NULL, NULL, NULL, NULL, NULL, NULL, NULL, NULL, NULL, NULL, NULL, '', '2013-02-28 00:00:00', NULL),
(365, 365, 188, 10, 365, 'Open', NULL, NULL, NULL, NULL, NULL, NULL, NULL, NULL, NULL, NULL, NULL, NULL, NULL, NULL, NULL, NULL, NULL, NULL, NULL, NULL, NULL, NULL, NULL, '', '2013-02-28 00:00:00', NULL),
(366, 366, 187, 11, 366, 'Open', NULL, NULL, NULL, NULL, NULL, NULL, NULL, NULL, NULL, NULL, NULL, NULL, NULL, NULL, NULL, NULL, NULL, NULL, NULL, NULL, NULL, NULL, NULL, '', '2013-02-28 00:00:00', NULL),
(367, 367, 187, 11, 367, 'Open', NULL, NULL, NULL, NULL, NULL, NULL, NULL, NULL, NULL, NULL, NULL, NULL, NULL, NULL, NULL, NULL, NULL, NULL, NULL, NULL, NULL, NULL, NULL, '', '2013-02-28 00:00:00', NULL),
(368, 368, 187, 11, 368, 'Open', NULL, NULL, NULL, NULL, NULL, NULL, NULL, NULL, NULL, NULL, NULL, NULL, NULL, NULL, NULL, NULL, NULL, NULL, NULL, NULL, NULL, NULL, NULL, '', '2013-02-28 00:00:00', NULL),
(369, 369, 189, 10, 369, 'Open', NULL, NULL, NULL, NULL, NULL, NULL, NULL, NULL, NULL, NULL, NULL, NULL, NULL, NULL, NULL, NULL, NULL, NULL, NULL, NULL, NULL, NULL, NULL, '', '2013-02-28 00:00:00', NULL),
(374, 374, 190, 10, 374, 'Open', NULL, NULL, NULL, NULL, NULL, NULL, NULL, NULL, NULL, NULL, NULL, NULL, NULL, NULL, NULL, NULL, NULL, NULL, NULL, NULL, NULL, NULL, NULL, '', '2013-02-28 00:00:00', NULL),
(376, 376, 191, 11, 376, 'Open', NULL, NULL, NULL, NULL, NULL, NULL, NULL, NULL, NULL, NULL, NULL, NULL, NULL, NULL, NULL, NULL, NULL, NULL, NULL, NULL, NULL, NULL, NULL, '', '2013-02-28 00:00:00', NULL),
(377, 377, 192, 10, 377, 'Open', NULL, NULL, NULL, NULL, NULL, NULL, NULL, NULL, NULL, NULL, NULL, NULL, NULL, NULL, NULL, NULL, NULL, NULL, NULL, NULL, NULL, NULL, NULL, '', '2013-03-01 00:00:00', NULL),
(378, 378, 20, 10, 378, 'Open', NULL, NULL, NULL, NULL, NULL, NULL, NULL, NULL, NULL, NULL, NULL, NULL, NULL, NULL, NULL, NULL, NULL, NULL, NULL, NULL, NULL, NULL, NULL, '', '2013-03-01 00:00:00', NULL),
(379, 379, 20, 10, 379, 'Open', NULL, NULL, NULL, NULL, NULL, NULL, NULL, NULL, NULL, NULL, NULL, NULL, NULL, NULL, NULL, NULL, NULL, NULL, NULL, NULL, NULL, NULL, NULL, '', '2013-03-01 00:00:00', NULL),
(381, 381, 193, 11, 381, 'Open', NULL, NULL, NULL, NULL, NULL, NULL, NULL, NULL, NULL, NULL, NULL, NULL, NULL, NULL, NULL, NULL, NULL, NULL, NULL, NULL, NULL, NULL, NULL, '', '2013-03-01 00:00:00', NULL),
(382, 382, 194, 10, 382, 'Open', NULL, NULL, NULL, NULL, NULL, NULL, NULL, NULL, NULL, NULL, NULL, NULL, NULL, NULL, NULL, NULL, NULL, NULL, NULL, NULL, NULL, NULL, NULL, '', '2013-03-01 00:00:00', NULL),
(386, 386, 45, 11, 386, 'Open', NULL, NULL, NULL, NULL, NULL, NULL, NULL, NULL, NULL, NULL, NULL, NULL, NULL, NULL, NULL, NULL, NULL, NULL, NULL, NULL, NULL, NULL, NULL, '', '2013-03-04 00:00:00', NULL),
(387, 387, 45, 11, 387, 'Open', NULL, NULL, NULL, NULL, NULL, NULL, NULL, NULL, NULL, NULL, NULL, NULL, NULL, NULL, NULL, NULL, NULL, NULL, NULL, NULL, NULL, NULL, NULL, '', '2013-03-04 00:00:00', NULL),
(388, 388, 45, 11, 388, 'Open', NULL, NULL, NULL, NULL, NULL, NULL, NULL, NULL, NULL, NULL, NULL, NULL, NULL, NULL, NULL, NULL, NULL, NULL, NULL, NULL, NULL, NULL, NULL, '', '2013-03-04 00:00:00', NULL),
(390, 390, 195, 10, 390, 'Open', NULL, NULL, NULL, NULL, NULL, NULL, NULL, NULL, NULL, NULL, NULL, NULL, NULL, NULL, NULL, NULL, NULL, NULL, NULL, NULL, NULL, NULL, NULL, '', '2013-03-04 00:00:00', NULL),
(393, 393, 196, 11, 393, 'Open', NULL, NULL, NULL, NULL, NULL, NULL, NULL, NULL, NULL, NULL, NULL, NULL, NULL, NULL, NULL, NULL, NULL, NULL, NULL, NULL, NULL, NULL, NULL, '', '2013-03-04 00:00:00', NULL),
(394, 394, 197, 11, 394, 'Open', NULL, NULL, NULL, NULL, NULL, NULL, NULL, NULL, NULL, NULL, NULL, NULL, NULL, NULL, NULL, NULL, NULL, NULL, NULL, NULL, NULL, NULL, NULL, '', '2013-03-05 00:00:00', NULL),
(395, 395, 20, 10, 395, 'Open', NULL, NULL, NULL, NULL, NULL, NULL, NULL, NULL, NULL, NULL, NULL, NULL, NULL, NULL, NULL, NULL, NULL, NULL, NULL, NULL, NULL, NULL, NULL, '', '2013-03-05 00:00:00', NULL),
(396, 396, 20, 10, 396, 'Open', NULL, NULL, NULL, NULL, NULL, NULL, NULL, NULL, NULL, NULL, NULL, NULL, NULL, NULL, NULL, NULL, NULL, NULL, NULL, NULL, NULL, NULL, NULL, '', '2013-03-05 00:00:00', '2013-03-08 00:00:00'),
(397, 397, 20, 10, 397, 'Open', NULL, NULL, NULL, NULL, NULL, NULL, NULL, NULL, NULL, NULL, NULL, NULL, NULL, NULL, NULL, NULL, NULL, NULL, NULL, NULL, NULL, NULL, NULL, '', '2013-03-05 00:00:00', NULL),
(398, 398, 20, 10, 398, 'Open', NULL, NULL, NULL, NULL, NULL, NULL, NULL, NULL, NULL, NULL, NULL, NULL, NULL, NULL, NULL, NULL, NULL, NULL, NULL, NULL, NULL, NULL, NULL, '', '2013-03-05 00:00:00', NULL),
(400, 400, 20, 10, 400, 'Open', NULL, NULL, NULL, NULL, NULL, NULL, NULL, NULL, NULL, NULL, NULL, NULL, NULL, NULL, NULL, NULL, NULL, NULL, NULL, NULL, NULL, NULL, NULL, '', '2013-03-05 00:00:00', NULL),
(401, 401, 20, 10, 401, 'Open', NULL, NULL, NULL, NULL, NULL, NULL, NULL, NULL, NULL, NULL, NULL, NULL, NULL, NULL, NULL, NULL, NULL, NULL, NULL, NULL, NULL, NULL, NULL, '', '2013-03-05 00:00:00', NULL),
(402, 402, 20, 10, 402, 'Open', NULL, NULL, NULL, NULL, NULL, NULL, NULL, NULL, NULL, NULL, NULL, NULL, NULL, NULL, NULL, NULL, NULL, NULL, NULL, NULL, NULL, NULL, NULL, '', '2013-03-06 00:00:00', NULL),
(403, 403, 20, 10, 403, 'Open', NULL, NULL, NULL, NULL, NULL, NULL, NULL, NULL, NULL, NULL, NULL, NULL, NULL, NULL, NULL, NULL, NULL, NULL, NULL, NULL, NULL, NULL, NULL, '', '2013-03-06 00:00:00', NULL),
(405, 405, 198, 11, 405, 'Open', NULL, NULL, NULL, NULL, NULL, NULL, NULL, NULL, NULL, NULL, NULL, NULL, NULL, NULL, NULL, NULL, NULL, NULL, NULL, NULL, NULL, NULL, NULL, '', '2013-03-06 00:00:00', NULL),
(407, 407, 199, 10, 407, 'Open', NULL, NULL, NULL, NULL, NULL, NULL, NULL, NULL, NULL, NULL, NULL, NULL, NULL, NULL, NULL, NULL, NULL, NULL, NULL, NULL, NULL, NULL, NULL, '', '2013-03-06 00:00:00', NULL),
(408, 408, 200, 11, 408, 'Open', NULL, NULL, NULL, NULL, NULL, NULL, NULL, NULL, NULL, NULL, NULL, NULL, NULL, NULL, NULL, NULL, NULL, NULL, NULL, NULL, NULL, NULL, NULL, '', '2013-03-07 00:00:00', NULL),
(409, 409, 200, 11, 409, 'Open', NULL, NULL, NULL, NULL, NULL, NULL, NULL, NULL, NULL, NULL, NULL, NULL, NULL, NULL, NULL, NULL, NULL, NULL, NULL, NULL, NULL, NULL, NULL, '', '2013-03-07 00:00:00', NULL),
(412, 412, 201, 10, 412, 'Open', NULL, NULL, NULL, NULL, NULL, NULL, NULL, NULL, NULL, NULL, NULL, NULL, NULL, NULL, NULL, NULL, NULL, NULL, NULL, NULL, NULL, NULL, NULL, '', '2013-03-07 00:00:00', '2013-03-08 00:00:00'),
(414, 414, 202, 11, 414, 'Open', NULL, NULL, NULL, NULL, NULL, NULL, NULL, NULL, NULL, NULL, NULL, NULL, NULL, NULL, NULL, NULL, NULL, NULL, NULL, NULL, NULL, NULL, NULL, '', '2013-04-07 00:00:00', '2013-03-08 00:00:00'),
(415, 415, 202, 11, 415, 'Open', NULL, NULL, NULL, NULL, NULL, NULL, NULL, NULL, NULL, NULL, NULL, NULL, NULL, NULL, NULL, NULL, NULL, NULL, NULL, NULL, NULL, NULL, NULL, '', '2013-04-07 00:00:00', '2013-03-08 00:00:00'),
(416, 416, 202, 11, 416, 'Open', NULL, NULL, NULL, NULL, NULL, NULL, NULL, NULL, NULL, NULL, NULL, NULL, NULL, NULL, NULL, NULL, NULL, NULL, NULL, NULL, NULL, NULL, NULL, '', '2013-04-07 00:00:00', '2013-03-08 00:00:00'),
(417, 417, 202, 11, 417, 'Open', NULL, NULL, NULL, NULL, NULL, NULL, NULL, NULL, NULL, NULL, NULL, NULL, NULL, NULL, NULL, NULL, NULL, NULL, NULL, NULL, NULL, NULL, NULL, '', '2013-04-07 00:00:00', '2013-03-08 00:00:00'),
(418, 418, 20, 10, 418, 'Open', NULL, NULL, NULL, NULL, NULL, NULL, NULL, NULL, NULL, NULL, NULL, NULL, NULL, NULL, NULL, NULL, NULL, NULL, NULL, NULL, NULL, NULL, NULL, '', '2013-04-07 00:00:00', '2013-03-08 00:00:00'),
(419, 419, 20, 10, 419, 'Open', NULL, NULL, NULL, NULL, NULL, NULL, NULL, NULL, NULL, NULL, NULL, NULL, NULL, NULL, NULL, NULL, NULL, NULL, NULL, NULL, NULL, NULL, NULL, '', '2013-04-07 00:00:00', '2013-03-08 00:00:00'),
(420, 420, 203, 1, 420, 'Open', NULL, NULL, '', NULL, NULL, '', '', NULL, '', '', '', '', '', '', '', NULL, NULL, '', '', '', NULL, '', NULL, '', '2013-08-25 12:35:41', '2013-08-25 12:35:41'),
(421, 421, 204, 1, 421, 'Open', NULL, NULL, '', NULL, NULL, '', '', NULL, '', '', '', '', '', '', '', NULL, NULL, '', '', '', NULL, '', NULL, '', '2013-08-26 03:16:56', '2013-08-26 03:16:56'),
(422, 422, 205, 1, 422, 'Open', NULL, NULL, '', NULL, NULL, '', '', NULL, '', '', '', '', '', '', '', NULL, NULL, '', '', '', NULL, '', NULL, '', '2013-08-26 11:13:51', '2013-08-26 11:13:51'),
(423, 424, 206, 1, 423, 'Open', NULL, NULL, '', NULL, NULL, '', '', NULL, '', '', '', '', '', '', '', NULL, NULL, '', '', '', NULL, '', NULL, '', '2013-08-26 12:19:27', '2013-08-26 12:19:27'),
(424, 427, 207, 1, 424, 'Open', NULL, NULL, 'Yes', NULL, NULL, '', '', 'Maternal Grandmother,Paternal Grandmother', 'sdfsdf', '', 'sdfsdf', '', 'sdfsdf', 'No', '', NULL, NULL, '', '', '', NULL, '', NULL, '', '2013-08-26 22:12:06', '2013-08-26 22:12:06'),
(425, 428, 208, 1, 425, 'Open', NULL, NULL, 'No', NULL, NULL, '', '', 'Maternal Grandmother,Maternal Grandfather,Paternal Grandmother,Paternal Grandfather', '', '', '', '', '', '', '', NULL, NULL, '', '', '', NULL, '', NULL, '', '2013-08-27 00:14:26', '2013-08-27 00:14:26'),
(426, 429, 209, 1, 426, 'Open', NULL, NULL, 'Yes', NULL, 'Mother,Father', 'Krystyna', 'Tadeusz', NULL, '', '', '', '', '', '', '', NULL, NULL, '', '', '', NULL, '', NULL, '', '2013-08-27 00:31:37', '2013-08-27 00:31:37'),
(427, 430, 210, 1, NULL, 'Open', NULL, NULL, '', NULL, NULL, '', '', NULL, '', '', '', '', '', '', '', NULL, NULL, '', '', '', NULL, '', NULL, '', '2013-08-27 00:38:21', '2013-08-27 00:38:21'),
(428, 431, 211, 1, 427, 'Open', NULL, NULL, 'No', NULL, 'Mother', 'Bobanta', '', NULL, '', '', '', '', '', 'No', '', 'Before WW1 (before 1918)', 'France', '', 'No', 'Not sure', 'Marriage certificate(s),Army records', '', 'One of my ancestors served in a foreign army', '', '2013-08-27 03:41:50', '2013-08-27 03:41:50'),
(429, 432, 212, 1, NULL, 'Open', NULL, NULL, '', NULL, NULL, '', '', NULL, '', '', '', '', '', '', '', NULL, NULL, '', '', '', NULL, '', NULL, '', '2013-08-27 05:46:00', '2013-08-27 05:46:00'),
(430, 433, 213, 1, 428, 'Open', NULL, NULL, '', NULL, NULL, '', '', NULL, '', '', '', '', '', '', '', NULL, NULL, '', '', '', NULL, '', NULL, '', '2013-08-28 02:28:15', '2013-08-28 02:28:15'),
(431, 434, 214, 1, 429, 'Open', NULL, NULL, '', NULL, NULL, '', '', NULL, '', '', '', '', '', '', '', NULL, NULL, '', '', '', NULL, '', NULL, '', '2013-08-28 02:31:54', '2013-08-28 02:31:54'),
(432, 435, 215, 1, 430, 'Open', NULL, NULL, '', NULL, NULL, '', '', NULL, '', '', '', '', '', '', '', NULL, NULL, '', '', '', NULL, '', NULL, '', '2013-08-28 02:51:35', '2013-08-28 02:51:35'),
(433, 436, 216, 1, 431, 'Open', NULL, NULL, '', NULL, NULL, '', '', NULL, '', '', '', '', '', '', '', NULL, NULL, '', '', '', NULL, '', NULL, '', '2013-08-28 02:52:40', '2013-08-28 02:52:40'),
(434, 437, 217, 1, 432, 'Open', NULL, NULL, '', NULL, NULL, '', '', NULL, '', '', '', '', '', '', '', NULL, NULL, '', '', '', NULL, '', NULL, '', '2013-08-28 02:56:31', '2013-08-28 02:56:31'),
(435, 443, 222, 1, 433, 'Open', NULL, NULL, 'Yes', '', 'Mother', '', '', 'Maternal Grandmother', '', '', '', '', '', '', '', NULL, NULL, '', '', '', NULL, '', NULL, '', '2013-09-17 00:42:01', '2013-09-17 00:42:01'),
(436, 444, 223, 1, 434, 'Open', NULL, NULL, 'Yes', 'No', 'Mother', 'Maria', '', NULL, '', '', '', '', '', '', 'awdawd', NULL, NULL, '', '', '', NULL, '', NULL, '', '2013-09-17 01:24:40', '2013-09-17 01:24:40');

-- --------------------------------------------------------

--
-- Table structure for table `contactdashboard`
--

CREATE TABLE IF NOT EXISTS `contactdashboard` (
  `ID` int(11) NOT NULL AUTO_INCREMENT,
  `ContactName` varchar(100) NOT NULL,
  `ArchiveName` varchar(50) NOT NULL,
  `Since` datetime DEFAULT NULL,
  `Notes` varchar(250) DEFAULT NULL,
  `Landline` varchar(50) DEFAULT NULL,
  `Mobile` varchar(50) DEFAULT NULL,
  `Email` varchar(50) DEFAULT NULL,
  `AddressLine1` varchar(100) DEFAULT NULL,
  `AddressLine2` varchar(100) DEFAULT NULL,
  `PostCode` varchar(15) DEFAULT NULL,
  `State` int(11) DEFAULT NULL,
  `Country` int(11) DEFAULT NULL,
  `What` int(11) DEFAULT NULL,
  `Status` int(11) NOT NULL,
  `OpenOrClosed` int(11) DEFAULT NULL,
  `DateOfEnquiry` datetime DEFAULT NULL,
  `HowTheyFoundUs` int(11) DEFAULT NULL,
  `SendInfoPack` datetime DEFAULT NULL,
  `AddToNewsletterList` datetime DEFAULT NULL,
  `FollowUp` datetime DEFAULT NULL,
  `Other` varchar(250) DEFAULT NULL,
  `ModifiedBy` int(11) DEFAULT NULL,
  `ModifiedOn` datetime DEFAULT NULL,
  `FileCompiledByMateusz` datetime DEFAULT NULL,
  `LodgedOn` datetime DEFAULT NULL,
  `CaseNumber` varchar(50) DEFAULT NULL,
  `NameOfCaseOfficer` varchar(100) DEFAULT NULL,
  `FeedbackFromCaseOfficer` varchar(250) DEFAULT NULL,
  `CCReceived` datetime DEFAULT NULL,
  `CivilRegistrationOffice` datetime DEFAULT NULL,
  `PolishBCReceived` datetime DEFAULT NULL,
  `PolishMCReceived` datetime DEFAULT NULL,
  `PESELNumberAppliedDate` datetime DEFAULT NULL,
  `PESELNumber` varchar(50) DEFAULT NULL,
  PRIMARY KEY (`ID`)
) ENGINE=InnoDB  DEFAULT CHARSET=latin1 AUTO_INCREMENT=420 ;

--
-- Dumping data for table `contactdashboard`
--

INSERT INTO `contactdashboard` (`ID`, `ContactName`, `ArchiveName`, `Since`, `Notes`, `Landline`, `Mobile`, `Email`, `AddressLine1`, `AddressLine2`, `PostCode`, `State`, `Country`, `What`, `Status`, `OpenOrClosed`, `DateOfEnquiry`, `HowTheyFoundUs`, `SendInfoPack`, `AddToNewsletterList`, `FollowUp`, `Other`, `ModifiedBy`, `ModifiedOn`, `FileCompiledByMateusz`, `LodgedOn`, `CaseNumber`, `NameOfCaseOfficer`, `FeedbackFromCaseOfficer`, `CCReceived`, `CivilRegistrationOffice`, `PolishBCReceived`, `PolishMCReceived`, `PESELNumberAppliedDate`, `PESELNumber`) VALUES
(66, 'Tania Humphreys', 'HUM-1/12', '2012-10-29 00:00:00', 'Tania made initial enquiry in February 2012 but did not proceed with our services until 21 October 2012.', NULL, '0438854355', 'purple67@me.com', '91 Albermarle Street', NULL, NULL, 8, 15, NULL, 2, 1, '2012-02-14 00:00:00', NULL, '2012-02-14 00:00:00', NULL, NULL, NULL, 1, '2012-10-21 00:00:00', NULL, NULL, NULL, NULL, NULL, NULL, NULL, NULL, NULL, NULL, NULL),
(67, 'Rick Adam Grzyb', 'GRZ-1/12', '2013-03-12 00:00:00', 'Has two sisters, who may or may not be interested.', 'n/a', '0422 839 372', 'mibberz@hotmail.com', '6 Kyle Place', 'Hannans', NULL, 6, 15, 1, 2, 1, '2012-10-22 00:00:00', NULL, '2012-10-22 00:00:00', NULL, NULL, NULL, 6, '2013-03-08 00:00:00', NULL, NULL, NULL, NULL, NULL, NULL, NULL, NULL, NULL, NULL, NULL),
(68, 'Danuta Margaret Layman', 'LAY-3/12', '2012-10-29 00:00:00', 'Paying for her whole family.', '08 9071 2237', '0400 234 157', 'danilayman@hotmail.com', '162 Dempster Street', 'Esperance', NULL, 6, 15, 2, 2, 1, '2012-10-29 00:00:00', NULL, NULL, NULL, NULL, NULL, 1, '2012-08-22 00:00:00', NULL, NULL, NULL, NULL, NULL, NULL, NULL, NULL, NULL, NULL, NULL),
(69, 'Joshua Strawczynski', 'STR-1/12', '2012-10-29 00:00:00', NULL, NULL, '0402 844 409', 'josh@jmarketing.com.au', '7 Park Road', 'Prahran 3181', NULL, 5, 15, 1, 2, 1, '2012-10-29 00:00:00', NULL, NULL, NULL, NULL, NULL, NULL, NULL, NULL, NULL, NULL, NULL, NULL, NULL, NULL, NULL, NULL, NULL, NULL),
(70, 'Corinne Allsopp', 'ALL-1/11', '2012-10-31 00:00:00', NULL, NULL, '0431 738 472', 'kai_182@hotmail.com', '26/40-46 Buxton Street', 'Ascot 4007', NULL, 2, 15, NULL, 2, 1, '2011-03-23 00:00:00', NULL, NULL, NULL, NULL, NULL, 1, '2011-03-23 00:00:00', NULL, NULL, NULL, NULL, NULL, NULL, NULL, NULL, NULL, NULL, NULL),
(71, 'Richard Falls', 'FALL-3/12', '2012-10-31 00:00:00', '2 adult children.', '03 9842 0853', '0425 737 179', 'richard@ryteclighting.com.au', '2 Mozart Circle', 'Donvale 3111', NULL, 5, 15, 1, 2, 1, '2012-09-28 00:00:00', NULL, NULL, NULL, NULL, NULL, 1, '2012-09-28 00:00:00', NULL, NULL, NULL, NULL, NULL, NULL, NULL, NULL, NULL, NULL, NULL),
(72, 'Robert Kay', 'KAY-1/12', '2012-11-02 00:00:00', 'Paternal grandparents were Polish. Grandfather Roman Stanny served in Polish army -> prisoner of war in Germany. Grandmother Maria Grabalska met him at DP camp. Still in contact with grandmother''s cousins in Poland.', NULL, '0448 815 989', 'robkay@live.com', NULL, NULL, NULL, NULL, NULL, NULL, 1, 1, '2012-11-02 00:00:00', 2, '2012-11-02 00:00:00', NULL, NULL, NULL, 1, '2012-11-01 00:00:00', NULL, NULL, NULL, NULL, NULL, NULL, NULL, NULL, NULL, NULL, NULL),
(73, 'Nathan Waks', 'WAK-3/12', '2012-11-02 00:00:00', NULL, '02 9555 8273', '0403 398 193', 'nathan@kilikanoon.com.au', '132 Louisa Road', 'Birchgrove 2041', NULL, 8, 15, NULL, 2, 1, '2012-11-02 00:00:00', NULL, NULL, NULL, NULL, NULL, 1, '2012-08-09 00:00:00', NULL, NULL, NULL, NULL, NULL, NULL, NULL, NULL, NULL, NULL, NULL),
(74, 'Troy Hindley', 'HIN-1/12', '2012-11-09 00:00:00', NULL, '07 3162 0710', '0412 580 570', 'troyhindley@hotmail.com', '20a Eagle Street', 'Alderley 4051', NULL, 2, 15, 2, 2, 1, '2012-11-09 00:00:00', 5, NULL, NULL, NULL, NULL, 1, '2012-11-09 00:00:00', NULL, NULL, NULL, NULL, NULL, NULL, NULL, NULL, NULL, NULL, NULL),
(75, 'Lisa Schnell', 'SCH-1/12', '2012-11-09 00:00:00', 'Her grandfather was born in Poland, her father was born in Aus. She isn''t sure if there are any documents and needs to speak to her relatives first. I suggested a meeting at our office.', NULL, '0422 429 357', 'lisaschnell@hotmail.com', NULL, 'Melbourne', NULL, NULL, 15, NULL, 1, 1, '2012-11-09 00:00:00', 2, '2012-11-09 00:00:00', NULL, NULL, NULL, 4, '2013-03-08 00:00:00', NULL, NULL, NULL, NULL, NULL, NULL, NULL, NULL, NULL, NULL, NULL),
(76, 'Warren Matthew Rozen', 'ROZ-1/12', '2013-03-20 00:00:00', 'Based on father (Myer Rozen), applying for himself and 2 children', 'n/a', '0411 456 644', 'warrenrozen@hotmail.com', '26 Wanda Road', 'North Caulfield 3161', NULL, 5, 15, 2, 2, 1, '2012-11-12 00:00:00', NULL, NULL, NULL, NULL, NULL, 3, '2013-03-08 00:00:00', NULL, NULL, NULL, NULL, NULL, NULL, NULL, NULL, NULL, NULL, NULL),
(77, 'John Manual', 'MAN-1/12', '2012-11-12 00:00:00', NULL, '08 8377 4316', NULL, 'villa411@hotmail.com', NULL, NULL, NULL, NULL, NULL, NULL, 1, 1, '2012-11-12 00:00:00', NULL, '2012-11-12 00:00:00', NULL, NULL, NULL, 1, '2012-11-12 00:00:00', NULL, NULL, NULL, NULL, NULL, NULL, NULL, NULL, NULL, NULL, NULL),
(78, 'Ofir Goldstein', 'GOL-2/12', '2012-11-12 00:00:00', 'Has Polish passport of grandparents and army certificate of grandfather. Grandparents went to Palestine, awaiting further information.', '44 7774854347', NULL, 'ofirg@email.com', NULL, NULL, NULL, NULL, 243, NULL, 1, 1, '2012-11-12 00:00:00', NULL, '2012-11-12 00:00:00', NULL, NULL, NULL, 1, '2012-11-12 00:00:00', NULL, NULL, NULL, NULL, NULL, NULL, NULL, NULL, NULL, NULL, NULL),
(79, 'Aaron Nicholas Frater', 'SZE-1/12', '2012-11-13 00:00:00', NULL, '(02) 8068 0434', '0401 849 693', '61cjs94@gmail.com', '1/247H Burwood Rd', 'Concord', '2137', 8, 15, 2, 2, 1, '2012-11-13 00:00:00', NULL, NULL, NULL, NULL, NULL, 1, '2012-11-13 00:00:00', NULL, NULL, NULL, NULL, NULL, NULL, NULL, NULL, NULL, NULL, NULL),
(80, 'Paul Codognotto', 'COD-1/12', '2012-11-13 00:00:00', 'Through jotform. Maternal grandmother and greatgrandparents are Polish. Has various documents, asked him to send them to review.', NULL, '0432343866', 'paulstillen@gmail.com', NULL, NULL, NULL, NULL, NULL, NULL, 1, 1, '2012-11-13 00:00:00', 2, '2012-11-13 00:00:00', NULL, NULL, NULL, 1, '2012-11-13 00:00:00', NULL, NULL, NULL, NULL, NULL, NULL, NULL, NULL, NULL, NULL, NULL),
(81, 'Daniel Bell', 'BEL-1/12', '2012-11-13 00:00:00', 'Maternal grandparents are Polish. He has documents but isn''t sure what they are. Asked him to send copies so I can review everything.', NULL, '0421 210 792', 'belld11@hotmail.com', NULL, NULL, NULL, NULL, 15, NULL, 1, 1, '2012-11-13 00:00:00', 2, '2012-11-13 00:00:00', NULL, NULL, NULL, 1, '2012-11-13 00:00:00', NULL, NULL, NULL, NULL, NULL, NULL, NULL, NULL, NULL, NULL, NULL),
(82, 'Karina McKenzie', 'MCK-1/12', '2012-11-14 00:00:00', NULL, '02 9979 7139', '(612) 99797139', 'kmmckenzie93@gmail.com', NULL, NULL, NULL, NULL, NULL, NULL, 1, 1, '2012-11-14 00:00:00', 2, '2012-11-14 00:00:00', NULL, NULL, NULL, 1, '2012-11-14 00:00:00', NULL, NULL, NULL, NULL, NULL, NULL, NULL, NULL, NULL, NULL, NULL),
(83, 'Stephan Siryj', 'SIR-1/12', '2012-11-14 00:00:00', NULL, '+64 272 831 069', NULL, 'sjsiryj@gmail.com', NULL, NULL, NULL, NULL, NULL, 1, 1, 2, '2012-11-14 00:00:00', 2, '2012-11-14 00:00:00', NULL, NULL, NULL, NULL, NULL, NULL, NULL, NULL, NULL, NULL, NULL, NULL, NULL, NULL, NULL, NULL),
(85, 'James Marzec', 'MAR-1/12', '2012-11-15 00:00:00', 'Paternal grandparents and great-grandparents were Polish. Great-grandfather served in the Polish army. Is not sure if he has documents', NULL, '0407 989 688', 'jamesrichardmarzec@hotmail.com', NULL, NULL, NULL, NULL, NULL, NULL, 1, 1, '2012-11-15 00:00:00', 2, '2012-11-15 00:00:00', NULL, NULL, NULL, 1, '2012-11-15 00:00:00', NULL, NULL, NULL, NULL, NULL, NULL, NULL, NULL, NULL, NULL, NULL),
(86, 'Roberta Tugendreich', 'none', '2012-11-15 00:00:00', NULL, '+44 79399 07725', '+16503596097', 'roberta707@gmail.com', '15 Picardo Court', 'Pacifica CA 94044', NULL, NULL, 244, 1, 2, 1, '2012-11-15 00:00:00', NULL, NULL, NULL, NULL, NULL, 1, '2012-11-06 00:00:00', NULL, NULL, NULL, NULL, NULL, NULL, NULL, NULL, NULL, NULL, NULL),
(87, 'Jason Mandzij', 'MAJ-1/12', '2012-11-16 00:00:00', 'Father and grandparents were Polish asked him to send documents.', NULL, '0438 996 575', 'jmandzij@live.com.au', NULL, NULL, NULL, NULL, 15, NULL, 1, 1, '2012-11-16 00:00:00', 2, '2012-11-16 00:00:00', NULL, NULL, NULL, 1, '2012-11-16 00:00:00', NULL, NULL, NULL, NULL, NULL, NULL, NULL, NULL, NULL, NULL, NULL),
(88, 'Matthew Huggins', 'HUG-1/12', '2012-11-16 00:00:00', 'His mother and maternal grandparents are Polish. Came to Australia in 1976. He has mum''s BC and immigration documents. His grandmother is still alive and he will ask her for further documents.', NULL, '0408 485 898', 'matthew.huggins@uqconnect.edu.au', '110 Woodend Road', 'Woodend', '4305', 2, 15, 2, 1, 1, '2012-11-16 00:00:00', 2, '2012-11-16 00:00:00', NULL, '2012-11-29 00:00:00', 'He asked grandmother and she is reluctant to give those documents away. Will check if he can get consular copies.', 3, '2013-03-08 00:00:00', NULL, NULL, NULL, NULL, NULL, NULL, NULL, NULL, NULL, NULL, NULL),
(89, 'Adrian Gruszka', 'GRU-1/12', '2012-11-16 00:00:00', 'Both parents and grandparents are Polish. Father served in the Polish army. Asked him to send further info and copies of documents.', NULL, '0433 763 95?', 'adriangruszka@hotmail.com', NULL, NULL, NULL, NULL, 15, NULL, 1, 1, '2012-11-16 00:00:00', 2, '2012-11-16 00:00:00', NULL, NULL, NULL, 1, '2012-11-16 00:00:00', NULL, NULL, NULL, NULL, NULL, NULL, NULL, NULL, NULL, NULL, NULL),
(90, 'Ann Bilesky', 'BIL-1/12', '2012-11-19 00:00:00', 'Her father and grandparents were born in Poland in a town called Tseniv poland/Ukraine in 1923. She has documents and I asked her to send them through for assessment.', '310 8601401', NULL, 'villaavbbh@sbcglobal.net', NULL, NULL, NULL, NULL, 244, NULL, 1, 1, '2012-11-19 00:00:00', 2, '2012-11-19 00:00:00', NULL, NULL, NULL, 1, '2012-11-19 00:00:00', NULL, NULL, NULL, NULL, NULL, NULL, NULL, NULL, NULL, NULL, NULL),
(91, 'Rose Mautner', 'MAU-1/12', '2012-11-19 00:00:00', 'Her father and grandparents are Polish. Sent us copy of school record from Krakow. Sent information for archival research.', '02 9389 2223', NULL, 'rose_mautner@yahoo.com.au', NULL, NULL, NULL, 8, 15, NULL, 1, 1, '2012-11-19 00:00:00', 2, '2012-11-19 00:00:00', NULL, NULL, NULL, 1, '2012-11-19 00:00:00', NULL, NULL, NULL, NULL, NULL, NULL, NULL, NULL, NULL, NULL, NULL),
(92, 'Ella Zomer', 'none', '2012-11-20 00:00:00', 'Father and grandparents are Polish. Only has access to naturalisation records.', '+44 7445358122', NULL, 'ebella1983@gmail.com', NULL, NULL, NULL, NULL, 243, NULL, 1, 1, '2012-11-20 00:00:00', 2, '2012-11-20 00:00:00', NULL, NULL, NULL, 1, '2012-11-20 00:00:00', NULL, NULL, NULL, NULL, NULL, NULL, NULL, NULL, NULL, NULL, NULL),
(93, 'Laura Wesolowski', 'none', '2012-11-28 00:00:00', NULL, '02 9716 6503', NULL, 'laura.wesolowski@rocketmail.com', NULL, NULL, NULL, 8, 15, NULL, 1, 1, '2012-11-28 00:00:00', 2, '2012-11-28 00:00:00', NULL, NULL, NULL, 1, '2012-11-28 00:00:00', NULL, NULL, NULL, NULL, NULL, NULL, NULL, NULL, NULL, NULL, NULL),
(94, 'Michael Korycin', 'none', '2012-11-29 00:00:00', 'Was born in Poland. Asked what kind of documents he has.', '08 9304 1110', NULL, 'm.korycin@bigpond.com', NULL, NULL, NULL, 6, NULL, NULL, 1, 1, '2012-11-29 00:00:00', 2, '2012-11-29 00:00:00', NULL, NULL, NULL, 1, '2012-11-29 00:00:00', NULL, NULL, NULL, NULL, NULL, NULL, NULL, NULL, NULL, NULL, NULL),
(95, 'Andrew Bilszczyk', 'none', '2012-11-29 00:00:00', 'Parents and grandparents were born in Poland. Has passports, asked him to send scans.', '+974 334 779 04', NULL, 'andbli@yahoo.com', NULL, NULL, NULL, NULL, 190, NULL, 1, 1, '2012-11-29 00:00:00', 2, '2012-11-29 00:00:00', NULL, NULL, NULL, 1, '2012-11-29 00:00:00', NULL, NULL, NULL, NULL, NULL, NULL, NULL, NULL, NULL, NULL, NULL),
(96, 'David Clarke', 'none', '2012-11-29 00:00:00', 'Mother and grandparents were Polish. Grandfather served in Polish army, he has BCs and immigration records.', '03 9820 3684', NULL, 'dcla.6359@bigpond.com', NULL, NULL, NULL, NULL, 15, NULL, 1, 1, '2012-11-29 00:00:00', 2, '2012-11-29 00:00:00', NULL, NULL, NULL, 1, '2012-11-29 00:00:00', NULL, NULL, NULL, NULL, NULL, NULL, NULL, NULL, NULL, NULL, NULL),
(97, 'A L Struk', 'STR-1/13', '2012-11-29 00:00:00', 'Maternal grandmother was born in Poland. Has birth certificate. Asked for info about marriage and naturalisation.', '416 402 9736', NULL, 'sam@siteplat.com', NULL, NULL, NULL, NULL, 43, NULL, 1, 1, '2012-11-29 00:00:00', 2, '2012-11-29 00:00:00', NULL, NULL, NULL, 1, '2012-11-29 00:00:00', NULL, NULL, NULL, NULL, NULL, NULL, NULL, NULL, NULL, NULL, NULL),
(98, 'Laura McDonald', 'none', '2012-11-29 00:00:00', 'Maternal grandparents were Polish, she has documents but is not sure what they are. Asked her to email them to us.', '9387 4404', NULL, 'laurawmcdonald@gmail.com', NULL, NULL, NULL, NULL, 15, NULL, 1, 1, '2012-11-29 00:00:00', 2, '2012-11-29 00:00:00', NULL, NULL, NULL, 1, '2012-11-29 00:00:00', NULL, NULL, NULL, NULL, NULL, NULL, NULL, NULL, NULL, NULL, NULL),
(99, 'Laura Kassmier', 'none', '2012-11-29 00:00:00', 'Her father and grandparents were born in Poland. Not sure if she has documents, asked her to check.', '630 3030454', NULL, 'laurabreynolds@comcast.net', NULL, NULL, NULL, NULL, 244, NULL, 1, 1, '2012-11-29 00:00:00', 2, '2012-11-29 00:00:00', NULL, NULL, NULL, 1, '2012-11-29 00:00:00', NULL, NULL, NULL, NULL, NULL, NULL, NULL, NULL, NULL, NULL, NULL),
(100, 'Lee Smolinski', 'none', '2012-11-29 00:00:00', 'Paternal grandfather was Polish. Doesn''t have any documents. Left Poland before 1918.', '561 4179729', NULL, 'leesmolinski@comcast.net', NULL, NULL, NULL, NULL, 244, NULL, 1, 1, '2012-11-29 00:00:00', 2, '2012-11-29 00:00:00', NULL, NULL, NULL, 1, '2012-11-29 00:00:00', NULL, NULL, NULL, NULL, NULL, NULL, NULL, NULL, NULL, NULL, NULL),
(101, 'George Bielski', 'none', '2012-11-29 00:00:00', 'Paternal grandparents were Polish. Has birth and baptism records, asked him to email them.', '617 859 8213', NULL, 'zorak1997@yahoo.com', NULL, NULL, NULL, NULL, 244, NULL, 1, 1, '2012-11-29 00:00:00', 2, '2012-11-29 00:00:00', NULL, NULL, NULL, 1, '2012-11-29 00:00:00', NULL, NULL, NULL, NULL, NULL, NULL, NULL, NULL, NULL, NULL, NULL),
(102, 'Anthony Kisiel', 'none', '2012-11-29 00:00:00', 'His paternal grandfather was Polish. Asked him to check if Polish documents are available.', '01256 324582', NULL, 'Anthony_kisiel@hotmail.com', NULL, NULL, NULL, NULL, 243, NULL, 1, 1, '2012-11-29 00:00:00', 2, '2012-11-29 00:00:00', NULL, NULL, NULL, 1, '2012-11-29 00:00:00', NULL, NULL, NULL, NULL, NULL, NULL, NULL, NULL, NULL, NULL, NULL),
(103, 'Andrew Young', 'none', '2012-11-29 00:00:00', 'Has various documents (BCs, army records etc.) of his maternal grandparents.', NULL, '0400 727 900', 'ajy@hotmail.com', NULL, NULL, NULL, NULL, 15, NULL, 1, 1, '2012-11-29 00:00:00', 2, '2012-11-29 00:00:00', NULL, NULL, NULL, 1, '2012-11-29 00:00:00', NULL, NULL, NULL, NULL, NULL, NULL, NULL, NULL, NULL, NULL, NULL),
(104, 'Paul Martyniak', 'none', '2012-11-29 00:00:00', 'He and his parents were born in Poland. Asked him to let us know what kind of documents he has.', NULL, '0417 875 070', 'martyniak@gmail.com', NULL, NULL, NULL, NULL, 15, NULL, 1, 1, '2012-11-29 00:00:00', 2, '2012-11-29 00:00:00', NULL, NULL, NULL, 1, '2012-11-29 00:00:00', NULL, NULL, NULL, NULL, NULL, NULL, NULL, NULL, NULL, NULL, NULL),
(105, 'Alison Dabros', 'none', '2012-11-29 00:00:00', 'Paternal grandmother was Polish. Asked to let us know if she has any documents.', NULL, '0434 587 345', 'alisondabros@hotmail.com', NULL, NULL, NULL, 8, 15, NULL, 1, 1, '2012-11-29 00:00:00', 2, '2012-11-29 00:00:00', NULL, NULL, NULL, 4, '2013-03-20 00:00:00', NULL, NULL, NULL, NULL, NULL, NULL, NULL, NULL, NULL, NULL, NULL),
(106, 'Peter Richards', 'none', '2012-11-29 00:00:00', 'Mother and grandparents were Polish. Has BCs and passport of grandmother.', NULL, '0410 636 910', 'aupeterrichards@yahoo.com', NULL, NULL, NULL, NULL, 15, NULL, 1, 1, '2012-11-29 00:00:00', 2, '2012-11-29 00:00:00', NULL, NULL, NULL, 1, '2012-11-29 00:00:00', NULL, NULL, NULL, NULL, NULL, NULL, NULL, NULL, NULL, NULL, NULL),
(107, 'Peter Jackson', 'none', '2012-11-30 00:00:00', 'Great-grandparents were born in Poland. Has various documents and asked him to email them to us for assessment.', '10128 6748', NULL, 'nyul-nyul@web.de', NULL, NULL, NULL, NULL, 244, NULL, 1, 1, '2012-11-30 00:00:00', 2, '2012-11-30 00:00:00', NULL, NULL, NULL, 1, '2012-11-30 00:00:00', NULL, NULL, NULL, NULL, NULL, NULL, NULL, NULL, NULL, NULL, NULL),
(108, 'Stefania Bochenski', 'none', '2012-12-03 00:00:00', 'She is Brent Potuszynski''s partner. Asked her to let us know what documents she has.', NULL, NULL, 'sbochens@gmail.com', NULL, NULL, NULL, 3, 15, NULL, 1, 1, '2012-12-03 00:00:00', 4, '2012-12-03 00:00:00', NULL, NULL, NULL, 1, '2012-12-03 00:00:00', NULL, NULL, NULL, NULL, NULL, NULL, NULL, NULL, NULL, NULL, NULL),
(110, 'Aneta Peretko', 'none', '2012-12-03 00:00:00', 'Was born in Poland. Asked her to let us know what documents she has.', '+852 9669 6463', NULL, 'anetaper@gmail.com', NULL, NULL, NULL, NULL, 108, NULL, 1, 1, '2012-12-03 00:00:00', 2, '2012-12-03 00:00:00', NULL, NULL, NULL, 1, '2012-12-03 00:00:00', NULL, NULL, NULL, NULL, NULL, NULL, NULL, NULL, NULL, NULL, NULL),
(111, 'Eleanor Stankiewicz', 'STA-2/12', '2012-12-03 00:00:00', NULL, NULL, '0422 758 560', 'elean_or@hotmail.com', 'Unit 21/32-36 Rainbow Street', 'Kingsford 2032', NULL, 8, 15, NULL, 2, 1, '2012-12-03 00:00:00', NULL, NULL, NULL, NULL, NULL, 1, '2012-12-03 00:00:00', NULL, NULL, NULL, NULL, NULL, NULL, NULL, NULL, NULL, NULL, NULL),
(112, 'Tadeusz Klejne', 'none', '2012-12-06 00:00:00', 'He was born in Poland. Asked to send documents.', '242 421 31 47', NULL, 'ivan19@o2.pl', NULL, NULL, NULL, NULL, 18, NULL, 1, 1, '2012-12-06 00:00:00', 2, '2012-12-06 00:00:00', NULL, NULL, NULL, 1, '2012-12-06 00:00:00', NULL, NULL, NULL, NULL, NULL, NULL, NULL, NULL, NULL, NULL, NULL),
(113, 'Kristy Skiel', 'none', '2012-12-06 00:00:00', 'Maternal grandparents were Polish. Grandfather served in army (medic). She has documents but is not sure what they are. Asked her to send copies.', '03 9623 5364', NULL, 'kristy_skiel@hotmail.co.uk', NULL, NULL, NULL, 5, 15, NULL, 1, 1, '2012-12-06 00:00:00', 2, '2012-12-06 00:00:00', NULL, NULL, NULL, 1, '2012-12-06 00:00:00', NULL, NULL, NULL, NULL, NULL, NULL, NULL, NULL, NULL, NULL, NULL),
(114, 'Eytan Udovich', 'none', '2012-12-07 00:00:00', 'Grandparents were Polish and moved to Germany prior to the war. Mother was born in Germany, then family went to Palestine.', NULL, '0412 110 259', 'eudovich@bigpond.net.au', NULL, NULL, NULL, NULL, 15, NULL, 1, 1, '2012-12-07 00:00:00', 1, '2012-12-07 00:00:00', NULL, NULL, NULL, 1, '2012-12-07 00:00:00', NULL, NULL, NULL, NULL, NULL, NULL, NULL, NULL, NULL, NULL, NULL),
(115, 'Michal Maslanka', 'none', '2012-12-10 00:00:00', 'Grandparents were Polish, grandfather served in the army. Asked to let us know what documents they have.', '02 4236 0720', NULL, 'michal_maslanka@hotmail.com', NULL, NULL, NULL, 8, 15, NULL, 1, 2, '2012-12-10 00:00:00', 2, '2012-12-10 00:00:00', NULL, NULL, NULL, 1, '2012-12-10 00:00:00', NULL, NULL, NULL, NULL, NULL, NULL, NULL, NULL, NULL, NULL, NULL),
(116, 'Sasha Kliger', 'none', '2012-12-10 00:00:00', 'Her grandparents were born in Poland and came to Australia in the 1930''s. They were naturalised in 1943/44 repectively and her grandfather served in the Australian army. They married in 1945.', NULL, NULL, 'skliger@bigpond.com', NULL, NULL, NULL, NULL, 15, NULL, 1, 1, '2012-12-10 00:00:00', 2, '2012-12-10 00:00:00', NULL, NULL, NULL, 1, '2012-12-10 00:00:00', NULL, NULL, NULL, NULL, NULL, NULL, NULL, NULL, NULL, NULL, NULL),
(117, 'Kathrin Bulat', 'none', '2012-12-10 00:00:00', 'Parents were born in Poland. Still have various documents. Asked her to send us the documents and suggested a meeting.', '03 8613 1452', NULL, 'kathrin@ymail.com', NULL, NULL, NULL, 5, 15, NULL, 1, 1, '2012-12-10 00:00:00', 2, '2012-12-10 00:00:00', NULL, NULL, NULL, 1, '2012-12-10 00:00:00', NULL, NULL, NULL, NULL, NULL, NULL, NULL, NULL, NULL, NULL, NULL),
(118, 'Dariusz Rusiecki', 'none', '2012-12-12 00:00:00', 'Was born in Poland and parents were born in Poland as well. Has parents'' expired passports.', NULL, NULL, 'dariusz.rusiecki@gmail.com', NULL, NULL, NULL, NULL, 15, NULL, 1, 2, '2012-12-12 00:00:00', NULL, '2012-12-12 00:00:00', NULL, NULL, NULL, 1, '2012-12-12 00:00:00', NULL, NULL, NULL, NULL, NULL, NULL, NULL, NULL, NULL, NULL, NULL),
(119, 'Trevor Ziemer', 'none', '2012-12-12 00:00:00', 'His father was born in Poland and he has his birth certificate.', NULL, '0419 118 295', 'trevor.ziemer61@gmail.com', NULL, NULL, NULL, NULL, 15, NULL, 1, 1, '2012-12-12 00:00:00', NULL, '2012-12-12 00:00:00', NULL, NULL, NULL, 1, '2012-12-12 00:00:00', NULL, NULL, NULL, NULL, NULL, NULL, NULL, NULL, NULL, NULL, NULL),
(120, 'Evi Perlmutter', 'none', '2012-12-12 00:00:00', 'Her parents were born in Poland, mother is still alive. Has father''s birth certificate and everyone''s expired passports. She will send me scans of them.', '02 9130 7647', NULL, 'eviperlmutter@hotmail.com', '23 Benelong Cres,', 'Bellevue Hill', '2023', 8, 15, NULL, 1, 1, '2012-12-12 00:00:00', NULL, '2012-12-12 00:00:00', NULL, NULL, NULL, 1, '2012-12-12 00:00:00', NULL, NULL, NULL, NULL, NULL, NULL, NULL, NULL, NULL, NULL, NULL),
(122, 'Kyle Czech', 'none', '2012-12-12 00:00:00', 'His father and grandparents were Polish. They went to Germany then to Australia. He indicated that he has various documents and I asked him to send them through.', NULL, '0400 019 092', 'kyle.czech@live.com.au', NULL, NULL, NULL, NULL, 15, NULL, 1, 1, '2012-12-12 00:00:00', NULL, '2012-12-12 00:00:00', NULL, NULL, NULL, 1, '2012-12-12 00:00:00', NULL, NULL, NULL, NULL, NULL, NULL, NULL, NULL, NULL, NULL, NULL),
(123, 'Nicholas Barclay', 'BAR-1/13', '2012-12-12 00:00:00', 'Maternal grandmother was Polish. Has some documents but is not sure what they are.', NULL, '0402 699 279', 'nbarclay@serviceworks.com.au', NULL, NULL, NULL, NULL, 15, 1, 1, 3, '2012-12-12 00:00:00', 2, '2012-12-12 00:00:00', NULL, NULL, NULL, 1, '2012-12-12 00:00:00', NULL, NULL, NULL, NULL, NULL, NULL, NULL, NULL, NULL, NULL, NULL),
(124, 'Julian Kudelko', 'none', '2012-12-13 00:00:00', 'His maternal grandmother is Polish, asked to see documents.', NULL, '0414 767 085', 'jmkudelko@gmail.com', NULL, NULL, NULL, NULL, 15, NULL, 1, 1, '2012-12-13 00:00:00', 2, NULL, NULL, NULL, NULL, 1, '2012-12-13 00:00:00', NULL, NULL, NULL, NULL, NULL, NULL, NULL, NULL, NULL, NULL, NULL),
(125, 'Hannah Warren', 'WAR-1/13', '2013-01-07 00:00:00', NULL, NULL, '0449 604 671', 'hannahjwarren@hotmail.com', NULL, NULL, NULL, NULL, 15, NULL, 1, 1, '2013-01-07 00:00:00', NULL, NULL, NULL, NULL, NULL, NULL, NULL, NULL, NULL, NULL, NULL, NULL, NULL, NULL, NULL, NULL, NULL, NULL),
(129, 'Alexandra Radywonik', 'RAD-1/13', '2013-01-07 00:00:00', 'Parents and grandparents were Polish. Father served in the army and she has documents. Asked her to send scans of everything.', '93186785', '0400 067 080', 'radywonik.alex@gmail.com', '91 Norfolk Street', 'Maidstone', '3012', 5, 15, 2, 2, 3, '2013-01-07 00:00:00', 2, '2013-01-07 00:00:00', NULL, NULL, NULL, NULL, NULL, NULL, NULL, NULL, NULL, NULL, NULL, NULL, NULL, NULL, NULL, NULL),
(130, 'Elisabeth Akhurst', 'AKH-1/13', '2013-01-07 00:00:00', 'Maternal grandparents were born in Poland. She isn''t sure if she has documents. Asked her to check and email scans.', '02 9087 4600', NULL, 'elisabethakhurst@gmail.com', NULL, NULL, NULL, 8, 15, NULL, 1, 1, '2013-01-07 00:00:00', 2, '2013-01-07 00:00:00', NULL, NULL, NULL, NULL, NULL, NULL, NULL, NULL, NULL, NULL, NULL, NULL, NULL, NULL, NULL, NULL),
(131, 'Monika Page', 'PAG-2/13', '2013-01-07 00:00:00', NULL, NULL, '0400 097 199', 'monika.page@horizonpower.com.au', '46 Kingsall Road', 'Attadale', '6156', 6, 15, NULL, 2, 1, '2013-01-07 00:00:00', 2, NULL, NULL, NULL, NULL, NULL, NULL, NULL, NULL, NULL, NULL, NULL, NULL, NULL, NULL, NULL, NULL, NULL),
(132, 'Lucas Page', 'PAG-2/13', '2013-01-07 00:00:00', NULL, NULL, '0428 979 283', 'monika.page@horizonpower.com.au', NULL, NULL, NULL, NULL, NULL, NULL, 2, 1, '2013-01-07 00:00:00', NULL, NULL, NULL, NULL, NULL, NULL, NULL, NULL, NULL, NULL, NULL, NULL, NULL, NULL, NULL, NULL, NULL, NULL),
(133, 'Sam Margalit', 'MARG-1/13', '2013-01-07 00:00:00', 'Paternal grandparents were Polish. Left Poland for South Africa. He isn''t sure if he has any documents. Asked to check and send.', NULL, '0400 429 423', 'sam@margalit.com.au', NULL, NULL, NULL, NULL, 15, NULL, 1, 1, '2013-01-07 00:00:00', 2, '2012-01-07 00:00:00', NULL, NULL, NULL, NULL, NULL, NULL, NULL, NULL, NULL, NULL, NULL, NULL, NULL, NULL, NULL, NULL),
(134, 'Mark Cullen', 'CUL-1/13', '2013-01-07 00:00:00', 'Mother was born in Poland. Has birth certificate, asked him to email scan.', NULL, '0431 979 047', 'markcullen66@hotmail.com', NULL, NULL, NULL, NULL, 15, NULL, 1, 1, '2013-01-07 00:00:00', 2, '2013-01-07 00:00:00', NULL, NULL, NULL, NULL, NULL, NULL, NULL, NULL, NULL, NULL, NULL, NULL, NULL, NULL, NULL, NULL),
(135, 'Tamara Smolinski', 'SMO-1/13', '2013-01-08 00:00:00', NULL, '44 7703980975', NULL, 'tamara.smolinski@live.com', NULL, 'London', NULL, NULL, 243, NULL, 1, 1, '2013-01-08 00:00:00', 2, '2013-01-08 00:00:00', NULL, NULL, NULL, NULL, NULL, NULL, NULL, NULL, NULL, NULL, NULL, NULL, NULL, NULL, NULL, NULL),
(136, 'Rina Neustroski', 'NEU-1/13', '2013-01-08 00:00:00', 'Great-grandparents were Polish and migrated to NZ. She has MC from church but is not sure if she has anything else.', NULL, '0407 336 006', 'rina@kithbrookepark.com.au', NULL, NULL, NULL, NULL, 15, NULL, 1, 1, '2013-01-08 00:00:00', 2, '2013-01-08 00:00:00', NULL, NULL, NULL, NULL, NULL, NULL, NULL, NULL, NULL, NULL, NULL, NULL, NULL, NULL, NULL, NULL),
(137, 'Antonina Pilat', 'none', '2013-01-08 00:00:00', 'Both parents were born in Poland. Sent her an email and asked if she can provide us with scans of documents.', NULL, NULL, 'Antonina.Pilat@bakermckenzie.com', NULL, NULL, NULL, NULL, 15, NULL, 1, 1, '2013-01-08 00:00:00', 2, '2013-01-08 00:00:00', NULL, NULL, NULL, NULL, NULL, NULL, NULL, NULL, NULL, NULL, NULL, NULL, NULL, NULL, NULL, NULL),
(138, 'Lauren Burgoyne', 'BUR-3/13', '2013-01-08 00:00:00', NULL, NULL, '0401 829 959', 'lozburgoyne@hotmail.com', '4 Weston Avenue', 'South Perth', '6151', 6, 15, 1, 2, 1, '2013-01-08 00:00:00', NULL, NULL, NULL, NULL, NULL, NULL, NULL, NULL, NULL, NULL, NULL, NULL, NULL, NULL, NULL, NULL, NULL, NULL),
(139, 'Eddy Reksmiss', 'none', '2013-01-09 00:00:00', 'Parents and grandparents were born in Poland. Has father''s baptism certificate from Germany which states he was born in Wilno. Asked him to send more info and docs.', NULL, '02 0400 917 061', 'traceyreksmiss@optusnet.com.au', NULL, NULL, NULL, 8, 15, NULL, 1, 1, '2013-01-09 00:00:00', 2, '2013-01-09 00:00:00', NULL, NULL, NULL, NULL, NULL, NULL, NULL, NULL, NULL, NULL, NULL, NULL, NULL, NULL, NULL, NULL),
(140, 'Benjamin Niciak', 'NIC-1/13', '2013-01-09 00:00:00', 'Grandparents on both side were born in Poland. Indicated that he has birth and marriage certificates.', '02 4758 8388', NULL, 'ben.niciak@gmail.com', NULL, NULL, NULL, 8, 15, NULL, 1, 1, '2013-01-09 00:00:00', 2, '2013-01-09 00:00:00', NULL, NULL, 'Does not want to be contaced after initial enquiry.', NULL, NULL, NULL, NULL, NULL, NULL, NULL, NULL, NULL, NULL, NULL, NULL, NULL),
(142, 'Leon Lewandowski', 'LEW-2/13', '2013-01-09 00:00:00', 'Parents and maternal grandmother were born in Poland. Someone served in the Polish army and he has documents. Asked him to send them through. Has 2 children: Marcus and Amanda.', NULL, '0419 786 376', 'leonl@westnet.com.au', NULL, NULL, NULL, NULL, 15, NULL, 1, 1, '2013-01-09 00:00:00', 2, '2013-01-09 00:00:00', NULL, NULL, NULL, NULL, NULL, NULL, NULL, NULL, NULL, NULL, NULL, NULL, NULL, NULL, NULL, NULL),
(143, 'Mark Szulgit', 'SZU-1/13', '2013-01-09 00:00:00', 'Paternal grandparents were Polish and migrated to Australia before 1939. He isn''t sure if he has documents. Asked him to check.', '646 2489486', NULL, 'markszulgit@hotmail.com', NULL, NULL, NULL, NULL, 244, NULL, 1, 1, '2013-01-09 00:00:00', 2, '2013-01-09 00:00:00', NULL, NULL, NULL, NULL, NULL, NULL, NULL, NULL, NULL, NULL, NULL, NULL, NULL, NULL, NULL, NULL),
(144, 'John-Paul Syriatowicz', 'SYR-1/13', '2013-01-10 00:00:00', 'Father and grandparents were born in Poland. Isn''t sure if he has documents. Asked to send them.', NULL, '0416 209 413', 'jp@squiz.net', NULL, NULL, NULL, NULL, 15, NULL, 1, 1, '2013-01-10 00:00:00', 2, '2013-01-10 00:00:00', NULL, NULL, NULL, NULL, NULL, NULL, NULL, NULL, NULL, NULL, NULL, NULL, NULL, NULL, NULL, NULL),
(145, 'Malia Swieconek', 'SWI-1/13', '2013-01-10 00:00:00', 'Paternal grandparents were born in Poland. Asked her to send documents she has.', '(202) 3211607', NULL, 'malia.price-morris@wellsfargo.com', NULL, NULL, NULL, NULL, 244, NULL, 1, 1, '2013-01-10 00:00:00', 2, '2013-01-10 00:00:00', NULL, NULL, NULL, NULL, NULL, NULL, NULL, NULL, NULL, NULL, NULL, NULL, NULL, NULL, NULL, NULL),
(146, 'Naomi Adamczyk', 'ADA-1/13', '2013-01-11 00:00:00', 'Parents and grandparents were born in Poland. Someone served in the army. She has documents, but is not sure what they are. Asked her to send them.', '08 9377 7186', NULL, 'naomi.adamczyk@gmail.com', NULL, NULL, NULL, 6, 15, NULL, 1, 1, '2013-01-11 00:00:00', 2, '2013-01-11 00:00:00', NULL, NULL, NULL, NULL, NULL, NULL, NULL, NULL, NULL, NULL, NULL, NULL, NULL, NULL, NULL, NULL),
(147, 'John Duris', 'DUR-1/13', '2013-01-11 00:00:00', 'Mother and grandparents are Polish. Has expired passport but is not sure what else he has. Asked him to send everything through.', NULL, '0410 114 119', 'jduristrading@gmail.com', NULL, NULL, NULL, NULL, 15, NULL, 1, 3, '2013-01-11 00:00:00', 2, '2013-01-11 00:00:00', NULL, NULL, NULL, NULL, NULL, NULL, NULL, NULL, NULL, NULL, NULL, NULL, NULL, NULL, NULL, NULL),
(148, 'Roman Anorov', 'ANO-4/13', '2013-01-11 00:00:00', 'Him and 3 children', NULL, '0439 245 788', 'anorovs@gmail.com', '5 Hotham Crescent', 'Deakin', '2600', 7, 15, 2, 2, 1, '2012-09-17 00:00:00', NULL, NULL, NULL, NULL, NULL, NULL, NULL, NULL, NULL, NULL, NULL, NULL, NULL, NULL, NULL, NULL, NULL, NULL),
(150, 'Samara White', 'WHI-1/13', '2013-01-11 00:00:00', 'Great-grandmother was Polish. Left before 1918. She isn''t sure if she has any documents.', '520 444 6259', NULL, 'samaraw29@gmail.com', NULL, NULL, NULL, NULL, 244, NULL, 1, 1, '2013-01-11 00:00:00', 2, '2013-01-11 00:00:00', NULL, NULL, NULL, NULL, NULL, NULL, NULL, NULL, NULL, NULL, NULL, NULL, NULL, NULL, NULL, NULL),
(151, 'Miriam Baz', 'none', '2013-01-17 00:00:00', 'Parents were born in Poland. Mum in 1921 in Radzim and Father in 1912 in Minsk. Got married in Bad Reichenhall where sister was born. Migrated to Australia in 1949. Changed name from Bazewicz to Baz. Application would be for two unmarried adult sons.', NULL, NULL, 'miriamb@hotkey.net.au', NULL, NULL, NULL, NULL, 15, NULL, 1, 1, '2013-01-17 00:00:00', 2, '2013-01-17 00:00:00', NULL, NULL, NULL, NULL, NULL, NULL, NULL, NULL, NULL, NULL, NULL, NULL, NULL, NULL, NULL, NULL),
(152, 'Sonia Newell', 'none', '2013-01-17 00:00:00', NULL, NULL, NULL, 'newell-knespal@bigpond.com', NULL, NULL, NULL, NULL, 15, NULL, 1, 1, '2013-01-17 00:00:00', NULL, '2013-01-17 00:00:00', NULL, NULL, NULL, NULL, NULL, NULL, NULL, NULL, NULL, NULL, NULL, NULL, NULL, NULL, NULL, NULL),
(154, 'Paulina Henrieta Gray', 'GRA-3/13', '2013-01-17 00:00:00', NULL, '02 9363 4352', '0423 459 750', 'acrgray@gmail.com', '9 Trelawney Street', 'Woollahra', '2025', 8, 15, 1, 2, 1, '2013-01-17 00:00:00', NULL, NULL, NULL, NULL, NULL, NULL, NULL, NULL, NULL, NULL, NULL, NULL, NULL, NULL, NULL, NULL, NULL, NULL),
(155, 'Naomi Batiste', 'BATI-1/13', '2013-01-17 00:00:00', 'Father was born in Poland but she no longer is in contact with him. Asked if she can try and obtain the documents from him.', NULL, NULL, 'naomibatiste@hotmail.com', NULL, NULL, NULL, NULL, 15, 2, 1, 1, '2013-01-17 00:00:00', 2, NULL, NULL, NULL, NULL, NULL, NULL, NULL, NULL, NULL, NULL, NULL, NULL, NULL, NULL, NULL, NULL, NULL),
(156, 'Stan Kozera', 'KOZ-3/13', '2013-01-17 00:00:00', 'Father was in army. Has various documents.', '02 6772 9728', NULL, 'kozera@northnet.com.au', 'Post Office Box 793', 'Armidale', '2350', 8, 15, 2, 2, 1, '2013-01-17 00:00:00', 2, '2013-01-17 00:00:00', NULL, NULL, NULL, NULL, NULL, NULL, NULL, NULL, NULL, NULL, NULL, NULL, NULL, NULL, NULL, NULL),
(157, 'Yolanda Loughnan', 'LOU-5/13', '2013-01-17 00:00:00', 'Spoke to her on the phone and asked her to send copies of documents through.', NULL, '0411 542 260', 'yolanda.loughnan@gmail.com', NULL, NULL, NULL, NULL, 15, NULL, 1, 1, '2013-01-17 00:00:00', 2, '2013-01-17 00:00:00', NULL, NULL, NULL, NULL, NULL, NULL, NULL, NULL, NULL, NULL, NULL, NULL, NULL, NULL, NULL, NULL),
(158, 'Bianca Patrick', 'PAT-1/13', '2013-01-17 00:00:00', 'Asked her to send documents.', NULL, '0412 884 994', 'nathan.patrick@insearch.edu.au', NULL, NULL, NULL, NULL, 15, NULL, 1, 1, '2013-01-17 00:00:00', 2, '2013-01-17 00:00:00', NULL, NULL, NULL, NULL, NULL, NULL, NULL, NULL, NULL, NULL, NULL, NULL, NULL, NULL, NULL, NULL),
(159, 'Patricia Einh?rning', 'ENH-1/13', '2013-01-17 00:00:00', 'Mother and grandparents were Polish. One family member served in Polish army. Has documents asked her to send them.', '46 46709237626', NULL, 'patricia.e@live.se', NULL, NULL, NULL, NULL, 222, NULL, 1, 1, '2013-01-17 00:00:00', 2, '2013-01-17 00:00:00', NULL, NULL, NULL, NULL, NULL, NULL, NULL, NULL, NULL, NULL, NULL, NULL, NULL, NULL, NULL, NULL),
(160, 'Eva Krystoff', 'KRY-1/13', '2013-01-18 00:00:00', 'Her grandmother was Polish. She only has NC. Asked her a few questions about her grandfather.', '954 646 2884', NULL, 'eva.krystoff@alliancebernstein.com', NULL, NULL, NULL, NULL, 244, NULL, 1, 1, '2013-01-18 00:00:00', 2, '2013-01-18 00:00:00', NULL, NULL, NULL, NULL, NULL, NULL, NULL, NULL, NULL, NULL, NULL, NULL, NULL, NULL, NULL, NULL),
(161, 'Paula Tudek', 'TUD-1/13', '2013-01-18 00:00:00', 'Parents and grandparents are Polish. Asked her to send the documents she''s got (PL passport, BC and MC).', '44 7535810139', NULL, 'paulatudek@gmail.com', NULL, NULL, NULL, NULL, 243, NULL, 1, 1, '2013-01-18 00:00:00', 2, '2013-01-18 00:00:00', NULL, NULL, NULL, NULL, NULL, NULL, NULL, NULL, NULL, NULL, NULL, NULL, NULL, NULL, NULL, NULL),
(162, 'John Kasbara', 'KAS-1/13', '2013-01-18 00:00:00', 'Maternal grandparents are Polish. Grandfather served in Polish army. Has BC. Asked him to send.', '902 1012232', NULL, 'ipitythefool101@gmail.com', NULL, NULL, NULL, NULL, 244, NULL, 1, 1, '2013-01-18 00:00:00', 2, '2013-01-18 00:00:00', NULL, NULL, NULL, NULL, NULL, NULL, NULL, NULL, NULL, NULL, NULL, NULL, NULL, NULL, NULL, NULL),
(163, 'Mathew Mertuszka', 'MER-1/13', '2013-01-18 00:00:00', 'Parents and grandparents were PL. Someone served in army. Has documents but doesn''t know what they are. Asked him to send them through.', '03 94368034', NULL, 'mer1989@bigpond.com', NULL, NULL, NULL, 5, 15, NULL, 1, 1, '2013-01-18 00:00:00', 2, '2013-01-18 00:00:00', NULL, NULL, NULL, NULL, NULL, NULL, NULL, NULL, NULL, NULL, NULL, NULL, NULL, NULL, NULL, NULL),
(164, 'Marek Kostrzewa', 'KOS-1/13', '2013-01-18 00:00:00', 'Has various documents on parents and grandparents. Asked to send them through.', NULL, '0419 167 158', 'mark.sam@iinet.net.au', NULL, NULL, NULL, NULL, 15, NULL, 1, 1, '2013-01-18 00:00:00', 2, '2013-01-18 00:00:00', NULL, NULL, NULL, NULL, NULL, NULL, NULL, NULL, NULL, NULL, NULL, NULL, NULL, NULL, NULL, NULL),
(165, 'Kylie Ewart', 'EWA-1/13', '2013-01-18 00:00:00', 'Maternal grandparents were Polish. Grandfather was officer in army. Has various documents, asked to email them.', NULL, '0401 136 691', 'skewart@bigpond.com', NULL, NULL, NULL, NULL, 15, NULL, 1, 1, '2013-01-18 00:00:00', 2, '2013-01-18 00:00:00', NULL, NULL, NULL, NULL, NULL, NULL, NULL, NULL, NULL, NULL, NULL, NULL, NULL, NULL, NULL, NULL),
(166, 'Karolina Kozlowska', 'KOZL-1/13', '2013-01-18 00:00:00', 'Was born in Poland, all ancestors are Polish. Asked to send more info and docs.', '02 9676 4225', NULL, 'kk_magna@bigpond.com', NULL, NULL, NULL, 8, 15, NULL, 1, 1, '2013-01-18 00:00:00', 2, '2013-01-18 00:00:00', NULL, NULL, NULL, NULL, NULL, NULL, NULL, NULL, NULL, NULL, NULL, NULL, NULL, NULL, NULL, NULL),
(167, 'Stefan Zasiadczyk', 'ZAS-1/13', '2013-01-18 00:00:00', 'Paternal grandfather is Polish. Asked to send us documents.', NULL, '0434 534 533', 'stefan.zasiadczyk@deewr.gov.au', NULL, NULL, NULL, NULL, 15, NULL, 1, 1, '2013-01-18 00:00:00', 2, '2013-01-18 00:00:00', NULL, NULL, NULL, 6, '2013-03-08 00:00:00', NULL, NULL, NULL, NULL, NULL, NULL, NULL, NULL, NULL, NULL, NULL),
(168, 'Jacqueline Szady', 'SZA-1/13', '2013-01-18 00:00:00', 'Father and grandparents were Polish. Doesn''t know if she has documents, asked her to check.', NULL, '0422 279 508', 'szadyj@transfieldservices.com', NULL, NULL, NULL, NULL, 15, NULL, 1, 1, '2013-01-18 00:00:00', 2, '2013-01-18 00:00:00', NULL, NULL, NULL, NULL, NULL, NULL, NULL, NULL, NULL, NULL, NULL, NULL, NULL, NULL, NULL, NULL),
(169, 'Benjamin Grady', 'GRADY-1/13', '2013-01-18 00:00:00', 'Great-grandfather was Polish. Only has American issued documents. Great grandfather was naturalised at the age of 51 in 1939 (may or may not be a concern).', '505 903 9286', NULL, 'benjamingrady@hotmail.com', NULL, NULL, NULL, NULL, 244, 1, 1, 1, '2013-01-18 00:00:00', 2, '2013-01-18 00:00:00', NULL, NULL, NULL, NULL, NULL, NULL, NULL, NULL, NULL, NULL, NULL, NULL, NULL, NULL, NULL, NULL),
(170, 'Earanee Niedzwiecki', 'NIE-1/3', '2013-01-18 00:00:00', 'Paternal grandfather was Polish. She isn''t sure if family has any documents. Asked her to check.', '08 8269 1870', NULL, 'earanee.n@gmail.com', NULL, NULL, NULL, NULL, 15, NULL, 1, 1, '2013-01-18 00:00:00', 2, '2013-01-18 00:00:00', NULL, NULL, NULL, NULL, NULL, NULL, NULL, NULL, NULL, NULL, NULL, NULL, NULL, NULL, NULL, NULL),
(171, 'Shane Rafanowicz', 'RAF-1/13', '2013-01-18 00:00:00', NULL, NULL, '0422 150 313', 'shane.rafanowicz@gmail.com', NULL, NULL, NULL, 2, 15, NULL, 1, 2, '2013-01-18 00:00:00', NULL, NULL, NULL, NULL, NULL, NULL, NULL, NULL, NULL, NULL, NULL, NULL, NULL, NULL, NULL, NULL, NULL, NULL),
(172, 'Hania Owsinski', 'OWS-1/13', '2013-01-21 00:00:00', 'Father is Polish and still lives in Poland. Asked her which documents are available.', NULL, '0434 834 816', 'haniajoy@gmail.com', NULL, NULL, NULL, NULL, 15, NULL, 1, 1, '2013-01-21 00:00:00', 2, '2013-01-21 00:00:00', NULL, NULL, NULL, NULL, NULL, NULL, NULL, NULL, NULL, NULL, NULL, NULL, NULL, NULL, NULL, NULL),
(173, 'Elizabeth Reynolds', 'REY-1/13', '2013-01-21 00:00:00', NULL, '02 4952 7674', '0402 409 474', 'ge.reynolds@optusnet.com.au', '5 High Street', 'Lambton', '2299', 8, 15, 1, 2, 1, '2013-01-21 00:00:00', NULL, NULL, NULL, NULL, NULL, NULL, NULL, NULL, NULL, NULL, NULL, NULL, NULL, NULL, NULL, NULL, NULL, NULL),
(174, 'Izabela Nowakowska', 'NOW-1/13', '2013-01-21 00:00:00', 'She and parents were born in Poland. Asked her to send docs.', NULL, '0466 832 065', 'izabela.nowakowska@mail.com', NULL, NULL, NULL, NULL, 15, NULL, 1, 1, '2013-01-21 00:00:00', 2, '2013-01-21 00:00:00', NULL, NULL, NULL, NULL, NULL, NULL, NULL, NULL, NULL, NULL, NULL, NULL, NULL, NULL, NULL, NULL),
(175, 'Michelle Matheson', 'MAT-1/13', '2013-01-21 00:00:00', 'Father and grandparents were Polish. Needs to speak to her mum to see if there are any documents or information. Her dad passed away.', '07 5545 0821', NULL, 'mmatheson3@hotmail.com', NULL, NULL, NULL, 2, 15, NULL, 1, 1, '2013-01-21 00:00:00', 2, '2013-01-21 00:00:00', NULL, NULL, NULL, NULL, NULL, NULL, NULL, NULL, NULL, NULL, NULL, NULL, NULL, NULL, NULL, NULL),
(176, 'Chris Dziuba', 'DZI-1/13', '2013-01-21 00:00:00', 'Parents and grandparents were Polish. Had PL passport in the past. Asked him to send more info.', '403 919 1577', NULL, 'c.dziuba@hotmail.com', NULL, NULL, NULL, NULL, 43, NULL, 1, 1, '2013-01-21 00:00:00', 2, '2013-01-21 00:00:00', NULL, NULL, NULL, NULL, NULL, NULL, NULL, NULL, NULL, NULL, NULL, NULL, NULL, NULL, NULL, NULL),
(177, 'Celeste Kolanko', 'KOL-1/13', '2013-01-22 00:00:00', 'Paternal grandparents are Polish. Asked her to send documents.', '(917) 2501795', NULL, 'celestek3@yahoo.com', NULL, NULL, NULL, NULL, 244, NULL, 1, 1, '2013-01-22 00:00:00', 2, '2013-01-22 00:00:00', NULL, NULL, NULL, NULL, NULL, NULL, NULL, NULL, NULL, NULL, NULL, NULL, NULL, NULL, NULL, NULL),
(178, 'Tess Schlink', 'SCH-1/13', '2013-01-22 00:00:00', 'Grandfather was Polish and served in army. Asked her to check if she has documents.', NULL, '0409 992 072', 'tessalexandraschlink@hotmail.com', NULL, NULL, NULL, NULL, 15, NULL, 1, 1, '2013-01-22 00:00:00', 2, '2013-01-22 00:00:00', NULL, NULL, NULL, NULL, NULL, NULL, NULL, NULL, NULL, NULL, NULL, NULL, NULL, NULL, NULL, NULL),
(179, 'Madeline McShane', 'none', '2013-01-22 00:00:00', 'Grandmother is Polish. Asked her to check if she has documents.', NULL, '0402 733 550', 'madeline_helena@hotmail.com', NULL, NULL, NULL, NULL, 15, NULL, 1, 1, '2013-01-22 00:00:00', 2, '2013-01-22 00:00:00', NULL, NULL, NULL, NULL, NULL, NULL, NULL, NULL, NULL, NULL, NULL, NULL, NULL, NULL, NULL, NULL),
(180, 'Joanne Masternak', 'MAS-1/13', '2013-01-23 00:00:00', 'Grandparents were Polish. Asked her to send the documents she has.', '(33) 0668780301', NULL, 'jmmasternak@gmail.com', NULL, NULL, NULL, NULL, 82, NULL, 1, 1, '2013-01-23 00:00:00', 2, '2013-01-23 00:00:00', NULL, NULL, NULL, NULL, NULL, NULL, NULL, NULL, NULL, NULL, NULL, NULL, NULL, NULL, NULL, NULL),
(181, 'Elliot Wasniewski', 'WAS-1/13', '2013-01-23 00:00:00', 'Paternal grandfather was Polish. Says he doesn''t have documents but asked him to double check.', NULL, '0401 200 663', 'elliot.wasniewski@live.com', NULL, NULL, NULL, NULL, 15, NULL, 1, 1, '2013-01-23 00:00:00', 2, '2012-01-23 00:00:00', NULL, NULL, NULL, NULL, NULL, NULL, NULL, NULL, NULL, NULL, NULL, NULL, NULL, NULL, NULL, NULL),
(182, 'Robert Frankow', 'FRA-1/13', '2013-01-23 00:00:00', 'Parents and grandparents were Polish. Has documents, asked him to send them.', '01752 290 767', NULL, 'rob.frankow@blueyonder.co.uk', NULL, NULL, NULL, NULL, 243, NULL, 1, 1, '2013-01-23 00:00:00', 2, '2013-01-23 00:00:00', NULL, NULL, NULL, NULL, NULL, NULL, NULL, NULL, NULL, NULL, NULL, NULL, NULL, NULL, NULL, NULL),
(183, 'Aleksander Kornel', 'KORN-1/13', '2013-01-24 00:00:00', 'Parents and grandparents were Polish. Asked him to send all documents he has.', NULL, '0421 728 140', 'alekskornel@hotmail.com', NULL, NULL, NULL, NULL, 15, NULL, 1, 1, '2013-01-24 00:00:00', 2, '2013-01-24 00:00:00', NULL, NULL, NULL, NULL, NULL, NULL, NULL, NULL, NULL, NULL, NULL, NULL, NULL, NULL, NULL, NULL),
(184, 'Peter John Chesterfield', 'CHE-1/13', '2013-01-25 00:00:00', 'Grandparents are Polish and still alive. Mother born in Germany. Is very keen to start the process. Sent forms and asked to send documents. His cousin Philip is currently in Poland (Sopot and Gdansk), returning next week. He will bring more documents', 'chesterfieldpeter@gmail.com', '0415 508 800', 'peter.chesterfield@mcarthur.com.au', '137 Orrong Road', 'Elsternwick', '3185', 5, 15, 1, 2, 1, '2013-01-25 00:00:00', 4, '2013-01-25 00:00:00', NULL, NULL, NULL, NULL, NULL, NULL, NULL, NULL, NULL, NULL, NULL, NULL, NULL, NULL, NULL, NULL),
(185, 'Michelle Korycin', 'KOR-1/13', '2013-01-25 00:00:00', 'Father and grandparents are Polish. Isn''t sure if she has documents. Asked her to check.', NULL, '0439 691 324', 'michelle.korycin@hotmail.com', NULL, NULL, NULL, NULL, 15, NULL, 1, 1, '2013-01-25 00:00:00', 2, NULL, NULL, NULL, NULL, 6, '2013-03-08 00:00:00', NULL, NULL, NULL, NULL, NULL, NULL, NULL, NULL, NULL, NULL, NULL),
(186, 'Bodhi Randell-Deptula', 'RAN-1/13', '2013-01-29 00:00:00', 'Paternal grandparents were Polish. Grandfather was in army. He thinks he still has some documents, asked him to send them through.', '08 8355 4466', NULL, 'brandell-deptula@hotmail.com', NULL, NULL, NULL, NULL, 15, NULL, 1, 1, '2013-01-29 00:00:00', 2, '2013-01-29 00:00:00', NULL, NULL, NULL, NULL, NULL, NULL, NULL, NULL, NULL, NULL, NULL, NULL, NULL, NULL, NULL, NULL),
(187, 'Joel Gory', 'GOR-1/13', '2013-01-29 00:00:00', 'Maternal grandparents and paternal grandfather were born in Poland. Great-grandfather Henrik Bodian served in army. Has passport of Izak Bodian. Place of birth is now in Ukraine. Asked for more information and documents.', '03 9532 4024', NULL, 'evagory@gmail.com', NULL, NULL, NULL, 5, 15, NULL, 1, 1, '2013-01-29 00:00:00', 2, '2013-01-29 00:00:00', NULL, NULL, 'Eva called 7/2/13, left a message', NULL, NULL, NULL, NULL, NULL, NULL, NULL, NULL, NULL, NULL, NULL, NULL, NULL),
(188, 'Christyna Kruczaj', 'KRU-1/13', '2013-01-29 00:00:00', 'Parents and grandparents are Polish. Has various documents. Asked her to email them.', '07 5570 6699', NULL, 'christyna.kruczaj@cosmeditour.com', NULL, NULL, NULL, 2, 15, NULL, 1, 1, '2013-01-29 00:00:00', 2, '2013-01-29 00:00:00', NULL, NULL, NULL, NULL, NULL, NULL, NULL, NULL, NULL, NULL, NULL, NULL, NULL, NULL, NULL, NULL),
(189, 'Daniel Powiecki', 'POW-1/13', '2013-01-29 00:00:00', 'Maternal grandparents were Polish. He has passport and BC. Asked him to send them through.', '07 968614012', NULL, 'danielpowiecki@hotmail.com', NULL, NULL, NULL, NULL, 243, NULL, 1, 1, '2013-01-29 00:00:00', 2, '2013-01-29 00:00:00', NULL, NULL, NULL, NULL, NULL, NULL, NULL, NULL, NULL, NULL, NULL, NULL, NULL, NULL, NULL, NULL),
(190, 'Zevon Hiltz', 'HIL-1/13', '2013-01-29 00:00:00', 'Mother and grandparents are Polish. Went to Australia and Israel. Has some documents asked him to send them through.', NULL, '0438 123 021', 'zevon01@hotmail.com', NULL, NULL, NULL, NULL, 15, NULL, 1, 1, '2013-01-29 00:00:00', 2, '2012-01-29 00:00:00', NULL, NULL, NULL, NULL, NULL, NULL, NULL, NULL, NULL, NULL, NULL, NULL, NULL, NULL, NULL, NULL),
(191, 'Marama Whyte', 'BEN-3/13', '2013-01-29 00:00:00', 'Paternal grandparents were Polish. Asked her to send all known information.', '03 9544 7692', NULL, 'marama.whyte@gmail.com', NULL, NULL, NULL, 5, 15, 2, 1, 1, '2013-01-29 00:00:00', 2, '2012-01-29 00:00:00', NULL, NULL, NULL, NULL, NULL, NULL, NULL, NULL, NULL, NULL, NULL, NULL, NULL, NULL, NULL, NULL),
(192, 'Brian Exelbierd', 'EXE-1/13', '2013-01-29 00:00:00', 'Father and paternal grandparents are Polish. Asked him to send documents.', '420 606055877', NULL, 'bex@pobox.com', NULL, NULL, NULL, NULL, 64, 1, 1, 1, '2013-01-29 00:00:00', 2, '2013-01-29 00:00:00', NULL, NULL, NULL, NULL, NULL, NULL, NULL, NULL, NULL, NULL, NULL, NULL, NULL, NULL, NULL, NULL),
(193, 'Jeffrey Bender', 'BEN-3/13', '2013-01-30 00:00:00', 'Parents and grandparents were Polish. He has passports and army records. Asked him to send everything through.', '03 9544 7692', '0417 031149', 'jeffreysbender1@gmail.com', '3 Beddoe Avenue', 'Clayton', '3168', 5, 15, 2, 2, 1, '2013-01-30 00:00:00', 2, '2013-01-30 00:00:00', NULL, NULL, NULL, NULL, NULL, NULL, NULL, NULL, NULL, NULL, NULL, NULL, NULL, NULL, NULL, NULL),
(194, 'David Pipczak', 'none', '2013-01-31 00:00:00', 'Not born in Poland. Father Polish, paternal grandparents too. Polish army: no. Unsure whether his grandfather was a soldier as he did not like to talk about it. Left Poland after 1945 and moved to Australia.Not sure about documents. No passport.', '0468 377 917', NULL, 'd_pipczak@yahoo.com.au', NULL, NULL, NULL, NULL, 15, NULL, 1, 1, '2013-01-31 00:00:00', 6, '2013-02-11 00:00:00', NULL, NULL, NULL, NULL, NULL, NULL, NULL, NULL, NULL, NULL, NULL, NULL, NULL, NULL, NULL, NULL),
(196, 'Olivia Piskadlo-Jones', 'PIS-1/13', '2013-01-31 00:00:00', 'Client took some time to  make a decision. Scope of enquiry is to look for grandfather''s docs ONLY.', NULL, '0422 330 712', 'oliviap@showbiz.com.au', '1/594 Willoughby Road', 'Willioughby', '2068', 8, 15, 1, 2, 1, '1899-12-30 23:10:12', NULL, NULL, NULL, NULL, NULL, NULL, NULL, NULL, NULL, NULL, NULL, NULL, NULL, NULL, NULL, NULL, NULL, NULL),
(197, 'Jocelyn Fantasia', 'FAN-1/13', '2013-02-01 00:00:00', 'Maternal grandparents was Polish', NULL, '0423 376 372', 'jocelyn.fantasia@gmail.com', NULL, NULL, NULL, NULL, 15, 1, 1, 1, '2013-02-01 00:00:00', 6, '2013-02-07 00:00:00', NULL, NULL, NULL, NULL, NULL, NULL, NULL, NULL, NULL, NULL, NULL, NULL, NULL, NULL, NULL, NULL),
(201, 'Mathew Trec', 'TRC-1/13', '2013-02-01 00:00:00', 'Father and grandfather were Polish, info on the Polish Mc suggest that he ( Stefan) was in  the Polish Army, arrived to Australia 18.06.1949, they left Poland after WW2 (after 1945)', '(08)9296 7353', NULL, 'trecky1992@live.com', NULL, NULL, NULL, NULL, 15, 1, 1, 1, '2013-01-30 00:00:00', 6, NULL, NULL, NULL, NULL, NULL, NULL, NULL, NULL, NULL, NULL, NULL, NULL, NULL, NULL, NULL, NULL, NULL),
(202, 'David Winter', 'WIN-1/13', '2013-02-01 00:00:00', NULL, NULL, '+ 6474002139', 'heydavewinter@gmail.com', NULL, NULL, NULL, NULL, 43, 2, 1, 1, '2013-02-01 00:00:00', NULL, NULL, NULL, NULL, NULL, NULL, NULL, NULL, NULL, NULL, NULL, NULL, NULL, NULL, NULL, NULL, NULL, NULL),
(207, 'Adela Debuse', 'DEB-1/11', '2013-02-05 00:00:00', NULL, NULL, '0410618721', 'adela@wunderkind.comau', '15a Middleton Avenue', 'North Bondi', NULL, 8, 15, 2, 2, 1, '2013-02-05 00:00:00', NULL, NULL, NULL, NULL, NULL, NULL, NULL, NULL, NULL, NULL, NULL, NULL, NULL, NULL, NULL, NULL, NULL, NULL),
(208, 'Thomas Mills', 'MIL-3/10', '2013-02-05 00:00:00', NULL, NULL, '0403235343', 'mills_tom@hotmail.com', '145 Burnley Street', 'Richmond', '3121', 5, 15, 2, 2, 1, '2013-02-05 00:00:00', NULL, NULL, NULL, NULL, NULL, NULL, NULL, NULL, NULL, NULL, NULL, NULL, NULL, NULL, NULL, NULL, NULL, NULL);
INSERT INTO `contactdashboard` (`ID`, `ContactName`, `ArchiveName`, `Since`, `Notes`, `Landline`, `Mobile`, `Email`, `AddressLine1`, `AddressLine2`, `PostCode`, `State`, `Country`, `What`, `Status`, `OpenOrClosed`, `DateOfEnquiry`, `HowTheyFoundUs`, `SendInfoPack`, `AddToNewsletterList`, `FollowUp`, `Other`, `ModifiedBy`, `ModifiedOn`, `FileCompiledByMateusz`, `LodgedOn`, `CaseNumber`, `NameOfCaseOfficer`, `FeedbackFromCaseOfficer`, `CCReceived`, `CivilRegistrationOffice`, `PolishBCReceived`, `PolishMCReceived`, `PESELNumberAppliedDate`, `PESELNumber`) VALUES
(209, 'Simon Olenski', 'OLE-2/12', '2013-02-05 00:00:00', NULL, NULL, '0402 138 157', 'simonolenski@gmailcom', NULL, NULL, NULL, NULL, 15, 2, 2, 1, '2013-02-05 00:00:00', NULL, NULL, NULL, NULL, NULL, NULL, NULL, NULL, NULL, NULL, NULL, NULL, NULL, NULL, NULL, NULL, NULL, NULL),
(211, 'Justin Cohen', 'COH-1/13', '2013-02-05 00:00:00', NULL, '03 9523 0707', NULL, 'juz.cohen@gmail.com', NULL, 'Caulfield North', NULL, 5, 15, 1, 1, 1, '2013-02-05 00:00:00', 6, '2013-02-21 00:00:00', NULL, NULL, NULL, NULL, NULL, NULL, NULL, NULL, NULL, NULL, NULL, NULL, NULL, NULL, NULL, NULL),
(213, 'Marcus Frajman', 'none', '2013-02-05 00:00:00', 'Has a brother or son, Russell. Deals through his mother Charlotte.', NULL, NULL, NULL, NULL, NULL, NULL, NULL, 15, 2, 1, 1, '2013-02-05 00:00:00', NULL, NULL, NULL, NULL, NULL, NULL, NULL, NULL, NULL, NULL, NULL, NULL, NULL, NULL, NULL, NULL, NULL, NULL),
(215, 'Stan Kucharski', 'KUCH-1/12', '2013-02-05 00:00:00', 'interested in CC for children or to register some documents.', '98301528', '0400050609', 'stan_kucharski@hotmail.com', NULL, NULL, NULL, NULL, 15, 2, 1, 2, '2013-02-05 00:00:00', NULL, NULL, NULL, NULL, NULL, NULL, NULL, NULL, NULL, NULL, NULL, NULL, NULL, NULL, NULL, NULL, NULL, NULL),
(216, 'David Zalcberg', 'ZAL-1/12', '2013-02-05 00:00:00', NULL, NULL, '0417 308 984', 'lynette@zalcberg.com.au', NULL, NULL, NULL, 5, 15, 2, 1, 1, '2013-02-05 00:00:00', NULL, NULL, NULL, NULL, NULL, 4, '2013-03-08 00:00:00', NULL, NULL, NULL, NULL, NULL, NULL, NULL, NULL, NULL, NULL, NULL),
(217, 'Ray Busch', 'BUS-1/12', '2013-02-05 00:00:00', NULL, NULL, NULL, 'raybusch@gmail.com', NULL, NULL, NULL, NULL, 244, 1, 2, 1, '2013-02-05 00:00:00', NULL, NULL, NULL, NULL, NULL, NULL, NULL, NULL, NULL, NULL, NULL, NULL, NULL, NULL, NULL, NULL, NULL, NULL),
(218, 'Beata English', 'ENG-1/12', '2013-02-06 00:00:00', NULL, NULL, '0422 952 506', 'info@beataenglish.com', '20 Tiwi Palace,  Wara Manga, Canberra', NULL, NULL, 7, 15, 2, 2, 1, '2013-02-06 00:00:00', NULL, NULL, NULL, NULL, NULL, NULL, NULL, NULL, NULL, NULL, NULL, NULL, NULL, NULL, NULL, NULL, NULL, NULL),
(219, 'Miriam Balsam', 'BAL-1/13', '2013-02-06 00:00:00', 'Paternal grandmother is / was Polish, paternal grandfather is / was Polish, they left Poland after WW2 (after 1945)', '(416) 9538607', NULL, 'miriambalsam@gmail.com', NULL, NULL, NULL, NULL, 43, 1, 1, 1, '2013-02-06 00:00:00', 6, '2013-02-06 00:00:00', NULL, NULL, NULL, NULL, NULL, NULL, NULL, NULL, NULL, NULL, NULL, NULL, NULL, NULL, NULL, NULL),
(221, 'Gideon Katz', 'KAT-1/13', '2013-02-06 00:00:00', 'Paternal grandfather is / was Polish, left Poland before WW2 (before 1939), he''s also been to South Africa', '(03) 9532 07723', NULL, 'gideon.katz@hotmail.com', NULL, NULL, NULL, NULL, 15, 1, 1, 1, '2013-02-06 00:00:00', NULL, '2013-02-06 00:00:00', NULL, NULL, NULL, NULL, NULL, NULL, NULL, NULL, NULL, NULL, NULL, NULL, NULL, NULL, NULL, NULL),
(223, 'Glen Tarnowski', 'TAR-1/13', '2013-02-06 00:00:00', 'Father and paternal grandparents are / were Polish, thev''ve left Poland before WW2 for the US', '(561) 414-0705', NULL, 'gptski@gmail.com', NULL, NULL, NULL, NULL, 244, 1, 1, 1, '2013-02-06 00:00:00', NULL, NULL, NULL, NULL, NULL, NULL, NULL, NULL, NULL, NULL, NULL, NULL, NULL, NULL, NULL, NULL, NULL, NULL),
(224, 'Jeremy Hoptowit', 'HOP-1/13', '2013-02-06 00:00:00', NULL, '(530) 5182033', NULL, 'jeremy.hoptowit@gmail.com', NULL, NULL, NULL, NULL, 244, 1, 1, 1, '2013-02-06 00:00:00', NULL, NULL, NULL, NULL, NULL, NULL, NULL, NULL, NULL, NULL, NULL, NULL, NULL, NULL, NULL, NULL, NULL, NULL),
(225, 'Melanie Johnston', 'JOH-1/13', '2013-02-06 00:00:00', 'Mother and maternal grandparents are / were Polish, left Poland after WW2 for Canada, does possess the following Polish documents: Polish passport(s), Birth certificate(s), Marriage certificate(s), Baptism certificate(s)', '(416) 6709832', NULL, 'melanielaurenjohnston@gmail.com', NULL, NULL, NULL, NULL, 43, 1, 1, 1, '2013-02-06 00:00:00', 6, '2013-02-06 00:00:00', NULL, NULL, NULL, NULL, NULL, NULL, NULL, NULL, NULL, NULL, NULL, NULL, NULL, NULL, NULL, NULL),
(226, 'Travis Rosolak', 'ROS-1/13', '2013-02-06 00:00:00', 'Father and maternal grandfather is / was Polish, as well as his father''s two sisters, left Poland during WW2 for Australia, does possess the following Polish documents: Birth certificate(s), Baptism certificate(s)', '(07) 3814 1515', NULL, 'wakka2079@hotmail.com', NULL, NULL, NULL, NULL, 15, 1, 1, 1, '2013-02-06 00:00:00', 6, '2013-02-06 00:00:00', NULL, NULL, NULL, NULL, NULL, NULL, NULL, NULL, NULL, NULL, NULL, NULL, NULL, NULL, NULL, NULL),
(228, 'Frances Johnston', 'JOH-1/13', '2013-02-06 00:00:00', 'Parents, maternal grandparents and paternal grandparents are / were Polish', '(416) 558-2528', NULL, 'fjohnston@trebnet.com', NULL, NULL, NULL, NULL, 43, 1, 1, 1, '2013-02-06 00:00:00', 6, '2013-02-06 00:00:00', NULL, NULL, NULL, NULL, NULL, NULL, NULL, NULL, NULL, NULL, NULL, NULL, NULL, NULL, NULL, NULL),
(230, 'Bon Szyfer', 'SZY-3/12', '2013-02-06 00:00:00', NULL, '02 9677 1764', '0402 603 063', 'bszyfer@gmail.com', '21 Paradise Close', 'Plumpton', '2761', 8, 15, 2, 2, 1, '2012-12-20 00:00:00', 2, NULL, NULL, NULL, NULL, NULL, NULL, NULL, NULL, NULL, NULL, NULL, NULL, NULL, NULL, NULL, NULL, NULL),
(231, 'Zoe Bochynski-Szyfer', 'SZY-3/12', '2013-02-06 00:00:00', NULL, NULL, '0433 359 372', 'miz_zoe@hotmail.com', NULL, NULL, NULL, NULL, NULL, 2, 2, 1, '2013-02-06 00:00:00', NULL, NULL, NULL, NULL, NULL, NULL, NULL, NULL, NULL, NULL, NULL, NULL, NULL, NULL, NULL, NULL, NULL, NULL),
(232, 'Amber Susan Szyfer', 'SZY-3/12', '2013-02-06 00:00:00', NULL, NULL, NULL, 'n/a - liaising via Bon Szyfer', NULL, NULL, NULL, NULL, NULL, 2, 2, 1, '2012-02-20 00:00:00', NULL, NULL, NULL, NULL, NULL, NULL, NULL, NULL, NULL, NULL, NULL, NULL, NULL, NULL, NULL, NULL, NULL, NULL),
(233, 'Richard Szyfer', 'SZY-3/12', '2013-02-06 00:00:00', NULL, NULL, NULL, 'n/a, all communication via Bon', NULL, NULL, NULL, NULL, NULL, 2, 2, 1, '2013-02-06 00:00:00', NULL, NULL, NULL, NULL, NULL, NULL, NULL, NULL, NULL, NULL, NULL, NULL, NULL, NULL, NULL, NULL, NULL, NULL),
(234, 'Camilla Bourke', 'BOU-4/12', '2013-02-07 00:00:00', 'Date of Birth: 02/08/1981, Place of birth: Maitland, current occupation: doctor at Royal Perth Hospital (WA)', NULL, '0417 281 067', NULL, '6 Broome St', 'Cottlesloe', '6011', 6, 15, 2, 2, 1, '2013-02-07 00:00:00', NULL, NULL, NULL, NULL, NULL, NULL, NULL, NULL, NULL, NULL, NULL, NULL, NULL, NULL, NULL, NULL, NULL, NULL),
(236, 'Alexander Bourke', 'BOU-4/12', '2013-02-07 00:00:00', 'born on Oct 22 1986 in Maitland, Graphic Designer', NULL, NULL, NULL, '133 Clarence Avenue', 'London', 'SW4 8LX', NULL, 243, 2, 2, 1, '2013-02-07 00:00:00', NULL, NULL, NULL, NULL, NULL, 4, '2013-03-15 00:00:00', NULL, NULL, NULL, NULL, NULL, NULL, NULL, NULL, NULL, NULL, NULL),
(237, 'Krystyna Bourke (nee Kurzydlo)', 'BOU-4/12', '2013-02-07 00:00:00', NULL, NULL, NULL, NULL, '1 Moore Road', 'Bolwarra Heights', '2320', 8, 15, 2, 2, 1, '2013-02-07 00:00:00', NULL, NULL, NULL, NULL, NULL, NULL, NULL, NULL, NULL, NULL, NULL, NULL, NULL, NULL, NULL, NULL, NULL, NULL),
(239, 'Kathleen Lovatt', 'LOV-1/13', '2013-02-07 00:00:00', NULL, '(316) 8825503', NULL, 'bradleyfivee@yahoo.com', NULL, NULL, NULL, NULL, 244, NULL, 1, 1, '2013-02-07 00:00:00', 6, '2013-02-07 00:00:00', NULL, NULL, NULL, NULL, NULL, NULL, NULL, NULL, NULL, NULL, NULL, NULL, NULL, NULL, NULL, NULL),
(240, 'Ilanit Kaplan', 'KAP-1/13', '2013-02-07 00:00:00', 'mother and maternal grandparents are Polish', '(03) 9942 8479', '(61) 0418992603', 'illyk86@gmail.com', '17 Beavers Road', 'Northcote', '3070', NULL, 15, NULL, 1, 1, '2013-02-03 00:00:00', 6, '2013-02-07 00:00:00', NULL, NULL, NULL, NULL, NULL, NULL, NULL, NULL, NULL, NULL, NULL, NULL, NULL, NULL, NULL, NULL),
(241, 'Patryk Marach', 'MAR-1/13', '2013-02-07 00:00:00', NULL, '(08) 9305 5587', NULL, 'patryk.marach@icloud.com', NULL, NULL, NULL, NULL, 15, NULL, 1, 1, '2013-02-03 00:00:00', 6, '2013-02-07 00:00:00', NULL, NULL, NULL, NULL, NULL, NULL, NULL, NULL, NULL, NULL, NULL, NULL, NULL, NULL, NULL, NULL),
(242, 'Julia Gregg', 'GRE-1/13', '2013-02-07 00:00:00', NULL, NULL, '(61) 0423 689 245', 'jules.once@gmail.com', NULL, NULL, NULL, NULL, 15, NULL, 1, 1, '2013-02-01 00:00:00', 6, '2013-02-07 00:00:00', NULL, NULL, NULL, NULL, NULL, NULL, NULL, NULL, NULL, NULL, NULL, NULL, NULL, NULL, NULL, NULL),
(243, 'Cassandra McManus', 'MCM-1/13', '2013-02-07 00:00:00', NULL, '(04) 50169554', NULL, 'cassandramcmanus@hotmail.com', NULL, NULL, NULL, NULL, 15, 1, 1, 1, '2013-02-07 00:00:00', 6, '2013-02-07 00:00:00', NULL, NULL, NULL, NULL, NULL, NULL, NULL, NULL, NULL, NULL, NULL, NULL, NULL, NULL, NULL, NULL),
(244, 'Di Zhang', 'ZHA-1/13', '2013-02-07 00:00:00', NULL, '(27) 824791004', NULL, 'udcbht@gmail.com', NULL, NULL, NULL, NULL, 213, 1, 1, 1, '2013-02-07 00:00:00', 6, '2013-02-07 00:00:00', NULL, NULL, NULL, NULL, NULL, NULL, NULL, NULL, NULL, NULL, NULL, NULL, NULL, NULL, NULL, NULL),
(245, 'Shelby Fishkind', 'FIS-8/13', '2013-02-07 00:00:00', NULL, '+ (1) 4103584580', NULL, 'yehuda@fishkind.org', '3215 Shelburne Road\r\nBaltimore, Maryland 21208\r\n3215 Shelburne Road', 'Baltimore, Maryland', '21208', NULL, 244, 1, 1, 1, '2013-02-07 00:00:00', 5, '2013-02-07 00:00:00', NULL, NULL, NULL, 4, '2013-03-14 00:00:00', NULL, NULL, NULL, NULL, NULL, NULL, NULL, NULL, NULL, NULL, NULL),
(246, 'Tom Mankowski', 'MAN-1/13', '2013-02-07 00:00:00', NULL, NULL, NULL, 'esdftom@gmail.com', NULL, NULL, NULL, NULL, 244, 1, 1, 1, '2013-02-06 00:00:00', 5, '2013-02-07 00:00:00', NULL, NULL, NULL, NULL, NULL, NULL, NULL, NULL, NULL, NULL, NULL, NULL, NULL, NULL, NULL, NULL),
(247, 'Benjamin Jozefiak', 'JOZ-1/13', '2013-02-04 00:00:00', NULL, '0413 361 940', NULL, 'benjozefiak@gmail.com', NULL, NULL, NULL, NULL, NULL, NULL, 1, 1, '2012-08-31 00:00:00', 5, '2012-08-31 00:00:00', NULL, NULL, NULL, NULL, NULL, NULL, NULL, NULL, NULL, NULL, NULL, NULL, NULL, NULL, NULL, NULL),
(248, 'Joseph Stan Kozera', 'KOZ-3/13', '2013-02-07 00:00:00', 'son of Stan Kozera', NULL, '0411466382', 'joseph.kozera@gmail.com', '101 The Avenue', 'Armidale', NULL, 8, 15, 2, 2, 1, '2013-02-07 00:00:00', NULL, NULL, NULL, NULL, NULL, NULL, NULL, NULL, NULL, NULL, NULL, NULL, NULL, NULL, NULL, NULL, NULL, NULL),
(249, 'Emily Kay  Kozera', 'KOZ-3/13', '2013-02-07 00:00:00', 'Daughter of Stan', '02 6772 3807', '0439 173 960', 'emily.kozera@hotmail.com', '101 The Avenue', 'Armidale', '2350', 8, 15, 2, 2, 1, '2013-02-07 00:00:00', NULL, NULL, NULL, NULL, NULL, NULL, NULL, NULL, NULL, NULL, NULL, NULL, NULL, NULL, NULL, NULL, NULL, NULL),
(250, 'Sarah J. Layman', 'LAY-3/12', '2013-02-07 00:00:00', 'Paid for by mother, Danuta Layman', NULL, NULL, NULL, NULL, NULL, NULL, NULL, NULL, 2, 2, 1, '2013-02-07 00:00:00', NULL, NULL, NULL, NULL, NULL, NULL, NULL, NULL, NULL, NULL, NULL, NULL, NULL, NULL, NULL, NULL, NULL, NULL),
(251, 'Kate P. Layman', 'LAY-3/12', '2013-02-07 00:00:00', 'Paid for by mother, Danuta.', NULL, NULL, NULL, NULL, NULL, NULL, NULL, NULL, 2, 2, 1, '2013-02-07 00:00:00', NULL, NULL, NULL, NULL, NULL, NULL, NULL, NULL, NULL, NULL, NULL, NULL, NULL, NULL, NULL, NULL, NULL, NULL),
(252, 'Myer Michael Rozen', 'ROZ-1/12', '2013-02-07 00:00:00', 'Father of Warren Matthew. Submitted a jotform and emailed 5 days later.', NULL, NULL, 'myer@amalgadent.com.au', '26 Wanda Road', 'North Caulfield', '3161', 5, 15, 2, 2, 1, '2012-11-10 00:00:00', 1, '2012-11-12 00:00:00', NULL, NULL, NULL, NULL, NULL, NULL, NULL, NULL, NULL, NULL, NULL, NULL, NULL, NULL, NULL, NULL),
(253, 'Harry Bryce', 'BRY-6/11', '2013-02-07 00:00:00', 'Several family members. Also doing property resitution. His father already has CC. So has his half brother, Mark. Has accepted by email quote for his two adult children.', '95097946', '0438 201 368', 'harry.bryce@vu.edu.au', '10 Redcourt Ave', 'Armadale', '3143', 5, 15, 2, 2, 1, '2010-02-18 00:00:00', 1, '2010-02-19 00:00:00', NULL, NULL, NULL, NULL, NULL, NULL, NULL, NULL, NULL, NULL, NULL, NULL, NULL, NULL, NULL, NULL),
(255, 'Sarah Kaleta', 'KAL-1/12', '2013-02-08 00:00:00', 'Date of birth: 22/08/1984, place of birth: Melbourne', NULL, '0405 935 917', NULL, '114 Charles St', 'Seddon', '3011', 5, 15, 2, 2, 1, '2013-02-08 00:00:00', NULL, NULL, NULL, NULL, NULL, NULL, NULL, NULL, NULL, NULL, NULL, NULL, NULL, NULL, NULL, NULL, NULL, NULL),
(256, 'Victoria Kolankiewicz', 'KOLA-1/13', '2013-02-08 00:00:00', NULL, '(03) 9367 5047', NULL, 'tokicat@gmail.com', NULL, NULL, NULL, NULL, 15, NULL, 1, 1, '2013-01-04 00:00:00', 6, '2013-01-29 00:00:00', NULL, NULL, NULL, NULL, NULL, NULL, NULL, NULL, NULL, NULL, NULL, NULL, NULL, NULL, NULL, NULL),
(259, 'Jess Kozera', 'KOZ-1/13', '2013-02-08 00:00:00', NULL, '(519) 472-3208', NULL, 'kozfour@hotmail.ca', NULL, NULL, NULL, NULL, NULL, NULL, 1, 1, '2013-02-07 00:00:00', 6, '2013-02-08 00:00:00', NULL, NULL, NULL, NULL, NULL, NULL, NULL, NULL, NULL, NULL, NULL, NULL, NULL, NULL, NULL, NULL),
(260, 'Stephanie Solywoda', 'SOL-1/13', '2013-02-08 00:00:00', NULL, '(+447786) 364094', NULL, 'ssolywoda@hotmail.com', '8A Cranham Terrace', 'Oxford OX2 6DG', NULL, NULL, 243, NULL, 1, 1, '2013-02-07 00:00:00', 6, '2013-02-08 00:00:00', NULL, NULL, NULL, 6, '2013-03-08 00:00:00', NULL, NULL, NULL, NULL, NULL, NULL, NULL, NULL, NULL, NULL, NULL),
(261, 'Natalie Palmowski', 'PAL-1/13', '2013-02-08 00:00:00', NULL, '(0249) 334337', NULL, 'natalie220988@gmail.com', NULL, NULL, NULL, NULL, 15, NULL, 1, 1, '2013-01-15 00:00:00', 6, '2013-01-18 00:00:00', NULL, NULL, NULL, NULL, NULL, NULL, NULL, NULL, NULL, NULL, NULL, NULL, NULL, NULL, NULL, NULL),
(262, 'Wojciech Klonowski', 'KLO-1/13', '2013-02-08 00:00:00', NULL, '(08) 9386 2203', NULL, 'woytek21@gmail.com', NULL, NULL, NULL, NULL, 15, NULL, 1, 1, '2013-01-04 00:00:00', 6, NULL, NULL, NULL, NULL, NULL, NULL, NULL, NULL, NULL, NULL, NULL, NULL, NULL, NULL, NULL, NULL, NULL),
(263, 'Irena Morgan', 'MOR-1/13', '2013-02-08 00:00:00', NULL, '(07) 32038374', NULL, 'mwtrain@powerup.com.au', NULL, NULL, NULL, NULL, 15, NULL, 1, 1, '2013-01-04 00:00:00', 6, '2013-01-04 00:00:00', NULL, NULL, NULL, NULL, NULL, NULL, NULL, NULL, NULL, NULL, NULL, NULL, NULL, NULL, NULL, NULL),
(264, 'Larissa Falls', 'FALL-3/12', '2013-02-08 00:00:00', 'Liaising (incl. quotes & emails) through her father, Richard.', NULL, NULL, NULL, NULL, NULL, NULL, NULL, 15, 2, 1, 1, '2013-02-08 00:00:00', NULL, NULL, NULL, NULL, NULL, NULL, NULL, NULL, NULL, NULL, NULL, NULL, NULL, NULL, NULL, NULL, NULL, NULL),
(265, 'Tim Oznobyshyn', 'OZN-1/13', '2013-02-08 00:00:00', NULL, '(04) 11177741', NULL, 'timoznobyshyn@me.com', NULL, NULL, NULL, NULL, 15, 1, 1, 1, '2013-01-19 00:00:00', 6, '2013-01-21 00:00:00', NULL, NULL, NULL, NULL, NULL, NULL, NULL, NULL, NULL, NULL, NULL, NULL, NULL, NULL, NULL, NULL),
(266, 'Charlotte Falls', 'FALL-3/12', '2013-02-08 00:00:00', 'Liaising through her father, Richard for all comms and quote.', NULL, NULL, NULL, NULL, NULL, NULL, NULL, 15, 2, 1, 1, '2013-02-08 00:00:00', NULL, NULL, NULL, NULL, NULL, NULL, NULL, NULL, NULL, NULL, NULL, NULL, NULL, NULL, NULL, NULL, NULL, NULL),
(267, 'Yvette Zegenhagen', 'ZEG_3/11', '2013-02-08 00:00:00', 'DOB 19/05/1985', '03 9878 7989', '0413 251 862', 'yvette.zegenhagen@gmail.com', '26 Rosalind Crescent', 'Blackburn', '3130', 5, 15, 2, 2, 1, '2013-02-08 00:00:00', NULL, NULL, NULL, NULL, NULL, NULL, NULL, NULL, NULL, NULL, NULL, NULL, NULL, NULL, NULL, NULL, NULL, NULL),
(268, 'Nicole Landau', 'ZEG_3/11', '2013-02-08 00:00:00', 'DOB 19/05/1985', NULL, NULL, NULL, NULL, NULL, NULL, NULL, NULL, 2, 2, 1, '2013-02-08 00:00:00', NULL, NULL, NULL, NULL, NULL, NULL, NULL, NULL, NULL, NULL, NULL, NULL, NULL, NULL, NULL, NULL, NULL, NULL),
(269, 'Sasha Zegenhagen', 'ZEG_3/11', '2013-02-08 00:00:00', 'DOB 28/08/1987', NULL, NULL, NULL, NULL, NULL, NULL, NULL, NULL, 2, 2, 1, '2013-02-08 00:00:00', NULL, NULL, NULL, NULL, NULL, NULL, NULL, NULL, NULL, NULL, NULL, NULL, NULL, NULL, NULL, NULL, NULL, NULL),
(271, 'Dorothy Mrocki', 'MRO-1/10', '2013-02-10 00:00:00', NULL, NULL, NULL, NULL, NULL, NULL, NULL, NULL, NULL, 3, 2, 3, '2013-02-10 00:00:00', NULL, NULL, NULL, NULL, NULL, NULL, NULL, NULL, NULL, NULL, NULL, NULL, NULL, NULL, NULL, NULL, NULL, NULL),
(272, 'Suzanne Adler', 'ADL-1/08', '2013-02-10 00:00:00', NULL, '9822 8786', '0412 325 254', 'suzanne.adler@gmail.com', '3 Lovell Street', 'Hawthorn East', '3123', 5, 15, 1, 2, 1, '2013-02-10 00:00:00', NULL, NULL, NULL, NULL, NULL, NULL, NULL, NULL, NULL, NULL, NULL, NULL, NULL, NULL, NULL, NULL, NULL, NULL),
(273, 'Maria Bidwell', 'BID-2-10', '2013-02-10 00:00:00', NULL, '03 64252646', NULL, 'avoland@bigpond.com.au', NULL, NULL, NULL, NULL, NULL, 2, 2, 1, '2013-02-10 00:00:00', NULL, NULL, NULL, NULL, NULL, NULL, NULL, NULL, NULL, 'WSC-I..622.2286.2011', NULL, NULL, '2011-10-24 00:00:00', NULL, NULL, NULL, NULL, NULL),
(274, 'Kate Louise Bidwell', 'BID-2-10', '2013-02-10 00:00:00', NULL, NULL, '+971 567 594 155', 'katebidwell@hotmail.com', 'The Jewel 1, Atp. 502', 'PO Box 211 085 Dubai', NULL, NULL, 242, 2, 2, 2, '2013-02-10 00:00:00', NULL, NULL, NULL, NULL, NULL, NULL, NULL, NULL, NULL, NULL, NULL, NULL, NULL, NULL, NULL, NULL, NULL, NULL),
(275, 'Tamara Targo-Bailey', 'TAR-B-1/11', '2013-02-10 00:00:00', 'Original researcher (Jacek) did not register MC. CC and BC already registered.', NULL, '0417 700 710', 'stillwaters@live.com', '36 Teck St', 'Ashwood', '3147', 5, 15, 3, 2, 1, '2013-02-10 00:00:00', NULL, NULL, NULL, NULL, NULL, NULL, NULL, NULL, NULL, NULL, NULL, NULL, NULL, NULL, NULL, NULL, NULL, NULL),
(276, 'Monika Beer', 'BEE-1/13', '2013-02-10 00:00:00', 'She already has CC but now has a new baby and has agreed for us to do baby''s CC.', NULL, NULL, 'monskib@hotmail.com', NULL, NULL, NULL, NULL, 15, 2, 2, 1, '2013-02-10 00:00:00', NULL, NULL, NULL, NULL, NULL, 4, '2013-03-08 00:00:00', NULL, NULL, NULL, NULL, NULL, NULL, NULL, NULL, NULL, NULL, NULL),
(277, 'Benjamin Leslie Karpeta', 'KAR-1/12', '2013-02-10 00:00:00', NULL, '9608 4571', '0438 227 338', 'bkarpeta@westpac.com.au', '19 Duke Street', 'Windsor', '3181', 5, 15, 1, 2, 1, '2012-09-14 00:00:00', 2, NULL, NULL, NULL, NULL, NULL, NULL, NULL, NULL, NULL, NULL, NULL, NULL, NULL, NULL, NULL, NULL, NULL),
(279, 'Robert Joseph Kaspar', 'KASP-1/12', '2013-02-10 00:00:00', NULL, '02 67665 8823', NULL, 'bobykas@hotmail.com', '63 Minnamura Crescent', 'Tamworth', '2340', 5, 15, 1, 2, 1, '2013-02-10 00:00:00', NULL, NULL, NULL, NULL, NULL, NULL, NULL, NULL, NULL, NULL, NULL, NULL, NULL, NULL, NULL, NULL, NULL, NULL),
(280, 'Max Lederman', 'LEDM-1/12', '2013-02-11 00:00:00', NULL, NULL, NULL, NULL, NULL, NULL, NULL, NULL, NULL, 2, 2, 1, '2013-02-11 00:00:00', NULL, NULL, NULL, NULL, NULL, NULL, NULL, NULL, NULL, NULL, NULL, NULL, NULL, NULL, NULL, NULL, NULL, NULL),
(281, 'Celia Perelis', 'LEDM-1/12', '2013-02-11 00:00:00', NULL, NULL, NULL, NULL, NULL, NULL, NULL, NULL, NULL, 2, 2, 1, '2013-02-11 00:00:00', NULL, NULL, NULL, NULL, NULL, NULL, NULL, NULL, NULL, NULL, NULL, NULL, NULL, NULL, NULL, NULL, NULL, NULL),
(282, 'Simon Mrocki', 'MRO-1/10', '2013-02-11 00:00:00', NULL, NULL, NULL, NULL, NULL, NULL, NULL, NULL, NULL, 3, 2, 1, '2013-02-11 00:00:00', NULL, NULL, NULL, NULL, NULL, NULL, NULL, NULL, NULL, NULL, NULL, NULL, NULL, NULL, NULL, NULL, NULL, NULL),
(283, 'Kathleen Kocaj', 'KOC-1/13', '2013-02-11 00:00:00', NULL, NULL, '(04) 07282877', 'kat258@hotmail.com', NULL, NULL, NULL, NULL, NULL, NULL, 1, 1, '2013-02-10 00:00:00', 6, '2013-02-11 00:00:00', NULL, NULL, NULL, NULL, NULL, NULL, NULL, NULL, NULL, NULL, NULL, NULL, NULL, NULL, NULL, NULL),
(284, 'John Meke', 'MEK-1/13', '2013-02-11 00:00:00', NULL, NULL, '(085) 48745772', 'rob@gm.com', NULL, NULL, NULL, NULL, 15, NULL, 1, 1, '2013-02-10 00:00:00', 6, '2013-02-11 00:00:00', NULL, NULL, NULL, NULL, NULL, NULL, NULL, NULL, NULL, NULL, NULL, NULL, NULL, NULL, NULL, NULL),
(285, 'Christopher Kabala', 'KAB-1/13', '2013-02-11 00:00:00', NULL, '(212) 89733792', NULL, 'christopherkabala@peoplepc.com', NULL, NULL, NULL, NULL, 244, NULL, 1, 1, '2013-02-10 00:00:00', 6, '2013-02-11 00:00:00', NULL, NULL, NULL, NULL, NULL, NULL, NULL, NULL, NULL, NULL, NULL, NULL, NULL, NULL, NULL, NULL),
(286, 'Daniel Kruk', 'KRUK-1/13', '2013-02-11 00:00:00', NULL, NULL, '(61) 413315191', 'krukem@gmail.com', NULL, NULL, NULL, NULL, 15, NULL, 1, 1, '2013-02-09 00:00:00', 6, '2013-02-11 00:00:00', NULL, NULL, NULL, NULL, NULL, NULL, NULL, NULL, NULL, NULL, NULL, NULL, NULL, NULL, NULL, NULL),
(287, 'Peter Morgan', 'MORG-1/13', '2013-02-11 00:00:00', NULL, '(02) 9580 1982', NULL, 'peter.morgan@ymail.com', NULL, NULL, NULL, NULL, 15, NULL, 1, 1, '2013-02-09 00:00:00', 6, '2013-02-11 00:00:00', NULL, NULL, NULL, NULL, NULL, NULL, NULL, NULL, NULL, NULL, NULL, NULL, NULL, NULL, NULL, NULL),
(288, 'Benjamin Drezner', 'DRE-3/09', '2013-02-11 00:00:00', NULL, '(08) 9276 6398', '0412 244 682', 'bdrezner@hlbwa.com.au', '132A Virgil Ave, Yokine', NULL, '6060', 6, 15, 2, 2, 1, '2013-02-11 00:00:00', NULL, NULL, NULL, NULL, NULL, NULL, NULL, NULL, NULL, NULL, NULL, NULL, NULL, NULL, NULL, NULL, NULL, NULL),
(289, 'Rachel Drezner', 'DRE-3/09', '2013-02-11 00:00:00', NULL, '(08) 9276 6398', '0412 244 682', 'bdrezner@hlbwa.com.au', '132A Virgil Ave, Yokine', NULL, '6060', 6, 15, 2, 2, 1, '2013-02-11 00:00:00', NULL, NULL, NULL, NULL, NULL, NULL, NULL, NULL, NULL, NULL, NULL, NULL, NULL, NULL, NULL, NULL, NULL, NULL),
(290, 'Jack Drezner', 'DRE-3/09', '2013-02-11 00:00:00', NULL, '(08) 9276 6398', '0412 244 682', 'bdrezner@hlbwa.com.au', '132A Virgil Ave, Yokine', NULL, '6060', 6, 15, 2, 2, 1, '2013-02-11 00:00:00', NULL, NULL, NULL, NULL, NULL, NULL, NULL, NULL, NULL, NULL, NULL, NULL, NULL, NULL, NULL, NULL, NULL, NULL),
(291, 'Sally Anne Robin', 'ROB-2/12', '2013-02-11 00:00:00', NULL, NULL, '0411877002', 'sallyrobin18@yahoo.com', 'Unit 12/16 Woorigoleen Road, Toorak', NULL, '3142', 5, 15, 2, 2, 1, '2013-02-11 00:00:00', NULL, NULL, NULL, NULL, NULL, NULL, NULL, NULL, NULL, NULL, NULL, NULL, NULL, NULL, NULL, NULL, NULL, NULL),
(292, 'Patrick Peter Hayes', 'HAY-1/10', '2013-02-11 00:00:00', NULL, NULL, '0401 801 001', 'patphayes@hotmail.com', 'Erskine Ridge', 'Mooroolbark', NULL, NULL, 15, NULL, 2, 1, '2010-04-13 00:00:00', NULL, '2010-04-08 00:00:00', NULL, NULL, NULL, NULL, NULL, NULL, NULL, NULL, NULL, NULL, NULL, NULL, NULL, NULL, NULL, NULL),
(293, 'Leslie Burnett', 'BUR-1/13', '2013-02-11 00:00:00', NULL, '02 9411 2896', NULL, 'leslie.bee@me.com', '5 Harnett Place', 'Chatswood', '2067', 8, 15, 3, 2, 1, '2013-02-11 00:00:00', NULL, NULL, NULL, NULL, NULL, NULL, NULL, NULL, NULL, NULL, NULL, NULL, NULL, NULL, NULL, NULL, NULL, NULL),
(295, 'Jasmine Dwyer', 'DWY-1/13', '2013-02-12 00:00:00', NULL, NULL, '(03) 0423 024 863', 'jasmine-dwyer@hotmail.com', NULL, NULL, NULL, NULL, 15, NULL, 1, 1, '2013-02-11 00:00:00', 6, '2013-02-12 00:00:00', NULL, NULL, NULL, NULL, NULL, NULL, NULL, NULL, NULL, NULL, NULL, NULL, NULL, NULL, NULL, NULL),
(296, 'Julian Wozniak', 'WOZ-1/13', '2013-02-12 00:00:00', NULL, '(04) 03211855', NULL, 'julian_wozniak@optusnet.com.au', NULL, NULL, NULL, NULL, 15, NULL, 1, 1, '2013-02-12 00:00:00', 6, '2013-02-12 00:00:00', NULL, NULL, NULL, NULL, NULL, NULL, NULL, NULL, NULL, NULL, NULL, NULL, NULL, NULL, NULL, NULL),
(297, 'Angela Davey', 'DAV-1/09', '2013-02-12 00:00:00', NULL, '(08) 9291 4585', '0419 623 598', 'angeladavey81@hotmail.com', '36 Bridgwood Rd, Lesmurdie', NULL, '6076', 6, 15, 2, 2, 1, '2013-02-12 00:00:00', NULL, NULL, NULL, NULL, NULL, NULL, NULL, NULL, NULL, NULL, NULL, NULL, NULL, NULL, NULL, NULL, NULL, NULL),
(298, 'Harry Jacob Kempler', 'KEM- 1/11', '2013-02-12 00:00:00', NULL, '03 9505 4100', '0419 380 248', 'hkempler@gmail.com', '1 Heather Rd', 'South Caulfield', '3162', 5, 15, NULL, 2, 1, '2013-02-12 00:00:00', NULL, NULL, NULL, NULL, NULL, NULL, NULL, NULL, NULL, NULL, NULL, NULL, NULL, NULL, NULL, NULL, NULL, NULL),
(299, 'Jane Anita Kempler', 'KEM- 1/11', '2013-02-12 00:00:00', NULL, NULL, NULL, NULL, NULL, NULL, NULL, NULL, NULL, NULL, 2, 1, '2013-02-12 00:00:00', NULL, NULL, NULL, NULL, NULL, NULL, NULL, NULL, NULL, NULL, NULL, NULL, NULL, NULL, NULL, NULL, NULL, NULL),
(300, 'Catherine Gurevich', 'GUR-3/10', '2013-02-13 00:00:00', 'DO NOT provide services unless it is paid for.', NULL, NULL, NULL, NULL, NULL, NULL, NULL, NULL, 4, 2, 2, '2013-02-13 00:00:00', NULL, NULL, NULL, NULL, NULL, NULL, NULL, NULL, NULL, NULL, NULL, NULL, NULL, NULL, NULL, NULL, NULL, NULL),
(301, 'Diana Elizabeth Misiak', 'MIS-1/11', '2013-02-14 00:00:00', NULL, NULL, '0417 259 152', 'diana.m.125@gmail.com', '35 Alexander Crescent', 'Macquarie Fields', '2564', 8, 15, 2, 2, 1, '2013-02-14 00:00:00', NULL, NULL, NULL, NULL, NULL, NULL, NULL, NULL, NULL, NULL, NULL, NULL, NULL, NULL, NULL, NULL, NULL, NULL),
(302, 'Michele Mountford', 'MOUN-1/12', '2013-02-14 00:00:00', NULL, '02 486 82433', '0404 139 983', 'cocoshel@hotmail.com.au', 'PO BOX 692', 'Bowral', '2576', 8, 15, 1, 2, 1, '2013-02-14 00:00:00', NULL, NULL, NULL, NULL, NULL, NULL, NULL, NULL, NULL, NULL, NULL, NULL, NULL, NULL, NULL, NULL, NULL, NULL),
(305, 'Joshua Slusarski', 'SLU-1/12', '2013-02-14 00:00:00', NULL, NULL, '0417443943', 'josh_slu@me.com', 'PO Box 3151, Newstead', '21/20 Newstead Terrace, Newstead', '4006', 2, 15, NULL, 2, 1, '2013-02-14 00:00:00', NULL, NULL, NULL, NULL, NULL, NULL, NULL, NULL, NULL, NULL, NULL, NULL, NULL, NULL, NULL, NULL, NULL, NULL),
(308, 'Rita Ann Lemick', 'LEM-1/12', '2013-02-14 00:00:00', NULL, '(416) 231-8703', '(416) 954-7053', 'ral401@rogers.com', '30 Orcitaxo Cr', 'Toronto', 'M8Z3EI', NULL, 43, 2, 2, 1, '2013-02-14 00:00:00', NULL, NULL, NULL, NULL, NULL, NULL, NULL, NULL, NULL, NULL, NULL, NULL, NULL, NULL, NULL, NULL, NULL, NULL),
(310, 'Jarrah Max Bender', 'BEN-3/13', '2013-02-14 00:00:00', NULL, NULL, NULL, 'bender@monash.edu', NULL, NULL, NULL, NULL, 15, 2, 2, 1, '2013-02-14 00:00:00', NULL, NULL, NULL, NULL, NULL, NULL, NULL, NULL, NULL, NULL, NULL, NULL, NULL, NULL, NULL, NULL, NULL, NULL),
(312, 'Anna Watters', 'WAT-1/10', '2013-02-15 00:00:00', NULL, '02 9845 8178', '0439 741 018', 'anka.cyganka@hotmail.com', '165 Oak Road', 'Matcham', '2250', 8, 15, 2, 2, 1, '2009-11-16 00:00:00', NULL, '2009-11-10 00:00:00', NULL, NULL, NULL, NULL, NULL, NULL, NULL, NULL, NULL, NULL, NULL, NULL, NULL, NULL, NULL, NULL),
(313, 'Teresa Zylka', 'WAT-1/10', '2013-02-15 00:00:00', NULL, NULL, NULL, NULL, NULL, NULL, NULL, NULL, NULL, 2, 2, 1, '2013-02-15 00:00:00', NULL, NULL, NULL, NULL, NULL, NULL, NULL, NULL, NULL, NULL, NULL, NULL, NULL, NULL, NULL, NULL, NULL, NULL),
(314, 'Simone Turner', 'TUR-1/12', '2013-02-18 00:00:00', NULL, NULL, '0409 528 060', 'simone.a.turner@gmail.com', '119 Groove Green Rd, Leyton Stone', 'London', 'E11 4ED', NULL, 243, 2, 2, 1, '2011-07-26 00:00:00', NULL, NULL, NULL, NULL, NULL, NULL, NULL, NULL, NULL, NULL, NULL, NULL, NULL, NULL, NULL, NULL, NULL, NULL),
(315, 'Nickolas Plummer', 'PLU-1/12', '2013-02-19 00:00:00', NULL, '6427 9727', '0438 550 138', 'nickolasplummer@bigpond.com', '237 William St', 'Devonport', '7310', 4, 15, 1, 1, 1, '2013-02-19 00:00:00', NULL, NULL, NULL, NULL, NULL, NULL, NULL, NULL, NULL, NULL, NULL, NULL, NULL, NULL, NULL, NULL, NULL, NULL),
(317, 'Joseph Lewczuk', 'LEWC-2/12', '2013-02-19 00:00:00', NULL, '+974 44991620', '+974 77668425', 'jrlewczuk@gmail.com', '45c Zanon Circuit, Education City Community Housing', 'Doha', '1000', NULL, 190, 1, 1, 1, '2013-02-19 00:00:00', NULL, NULL, NULL, NULL, NULL, NULL, NULL, NULL, NULL, NULL, NULL, NULL, NULL, NULL, NULL, NULL, NULL, NULL),
(318, 'Kazimiery Henry Lewczuk', 'LEWC-2/12', '2013-02-19 00:00:00', NULL, NULL, '0418 714 384', 'henrynina@mooloolabarealestate.com.au', 'PO Box 1480', 'Moolooba', '4557', 2, 15, 1, 1, 1, '2013-02-19 00:00:00', NULL, NULL, NULL, NULL, NULL, NULL, NULL, NULL, NULL, NULL, NULL, NULL, NULL, NULL, NULL, NULL, NULL, NULL),
(319, 'Michael Stephen Jagiello', 'JAG-4/11', '2013-02-19 00:00:00', NULL, '(08) 9332 7174', '0417 171 501', 'jagiello.ms@gmail.com', '7 Gambie Close', 'Murdoch', '6150', 6, 15, 1, 1, 1, '2013-02-19 00:00:00', NULL, NULL, NULL, NULL, NULL, NULL, NULL, NULL, NULL, NULL, NULL, NULL, NULL, NULL, NULL, NULL, NULL, NULL),
(320, 'Tess Brasington', 'BRA-1/12', '2013-02-19 00:00:00', NULL, '(02) 9799 6725', '0412 301 704', 'tessbd@hotmail.com', '25 Greenhills St', 'Croydon', '2132', 8, 15, 1, 1, 1, '2012-01-09 00:00:00', NULL, NULL, NULL, NULL, NULL, NULL, NULL, NULL, NULL, NULL, NULL, NULL, NULL, NULL, NULL, NULL, NULL, NULL),
(321, 'Annette Brasington', 'BRA-1/12', '2013-02-19 00:00:00', NULL, NULL, NULL, 'adekel1@optusnet.com.au', NULL, NULL, NULL, NULL, NULL, 1, 1, 1, '2013-02-19 00:00:00', NULL, NULL, NULL, NULL, NULL, NULL, NULL, NULL, NULL, NULL, NULL, NULL, NULL, NULL, NULL, NULL, NULL, NULL),
(322, 'Erin O''Reilly', 'ORE-1/12', '2013-02-19 00:00:00', NULL, NULL, '0448 801 851', 'ezmay28@hotmail.com', '13A Byron St', 'Leederville', '6007', 6, 15, 1, 1, 1, '2012-05-01 00:00:00', NULL, NULL, NULL, NULL, NULL, NULL, NULL, NULL, NULL, NULL, NULL, NULL, NULL, NULL, NULL, NULL, NULL, NULL),
(323, 'Peter Witkowski', 'none', '2013-02-19 00:00:00', NULL, NULL, '0425 894 017', 'witkowskip@theweeklytimes.com.au', NULL, NULL, NULL, NULL, 15, NULL, 1, 1, NULL, NULL, NULL, NULL, NULL, NULL, NULL, NULL, NULL, NULL, NULL, NULL, NULL, NULL, NULL, NULL, NULL, NULL, NULL),
(324, 'Evelyn Perlmutter', 'PER-1/13', '2013-02-20 00:00:00', NULL, NULL, NULL, 'eviperlmutter@hotmail.com', NULL, NULL, NULL, NULL, NULL, 1, 1, 1, '2013-02-20 00:00:00', NULL, NULL, NULL, NULL, NULL, NULL, NULL, NULL, NULL, NULL, NULL, NULL, NULL, NULL, NULL, NULL, NULL, NULL),
(325, 'Eigenia Marshall', 'MARS-2/13', '2013-02-20 00:00:00', NULL, '9876 45 47', NULL, 'robertlittlejohn@bigpond.com', '2/70 Bemboka Rd', 'Croydon Hill', '3136', 5, 15, 2, 1, 1, '2013-02-20 00:00:00', NULL, NULL, NULL, NULL, NULL, NULL, NULL, NULL, NULL, NULL, NULL, NULL, NULL, NULL, NULL, NULL, NULL, NULL),
(328, 'Yehuda Fishkind', 'FIS-8/13', '2013-02-21 00:00:00', NULL, NULL, NULL, NULL, NULL, NULL, NULL, NULL, NULL, 2, 2, 1, '2013-02-21 00:00:00', NULL, NULL, NULL, NULL, NULL, NULL, NULL, NULL, NULL, NULL, NULL, NULL, NULL, NULL, NULL, NULL, NULL, NULL),
(331, 'Samantha Bielanski', 'BIE-1/13', '2013-02-21 00:00:00', NULL, '(647) 9836626', NULL, 'samantha_bielanski@hotmail.com', NULL, NULL, NULL, NULL, 43, NULL, 1, 1, '2013-02-19 00:00:00', 6, '2013-02-21 00:00:00', NULL, NULL, NULL, NULL, NULL, NULL, NULL, NULL, NULL, NULL, NULL, NULL, NULL, NULL, NULL, NULL),
(332, 'Jessica Donaldson', 'DON-1/13', '2013-02-21 00:00:00', NULL, '(04) 3173 6901', NULL, 'donaldsonjm@yahoo.com.au', NULL, NULL, NULL, NULL, 15, NULL, 1, 1, '2013-02-20 00:00:00', 6, '2013-02-20 00:00:00', NULL, NULL, NULL, NULL, NULL, NULL, NULL, NULL, NULL, NULL, NULL, NULL, NULL, NULL, NULL, NULL),
(333, 'Matthew Lansdown', 'LAN-1/13', '2013-02-21 00:00:00', NULL, '(614) 05014630', NULL, 'matt@synthesisproductions.com', NULL, NULL, NULL, NULL, NULL, NULL, 1, 1, '2013-02-21 00:00:00', 6, '2013-02-20 00:00:00', NULL, NULL, NULL, NULL, NULL, NULL, NULL, NULL, NULL, NULL, NULL, NULL, NULL, NULL, NULL, NULL),
(334, 'Frank Kurzel', 'KUR-1/13', '2013-02-21 00:00:00', NULL, '(08) 82694086', NULL, 'frank.kurzel@unisa.edu.au', NULL, NULL, NULL, NULL, 15, NULL, 1, 1, '2013-02-20 00:00:00', 6, '2013-02-21 00:00:00', NULL, NULL, NULL, NULL, NULL, NULL, NULL, NULL, NULL, NULL, NULL, NULL, NULL, NULL, NULL, NULL),
(335, 'Jenice Harley', 'HAR-1/13', '2013-02-21 00:00:00', NULL, NULL, '(61) 0404596111', 'hj_jenice@live.com.au', NULL, NULL, NULL, NULL, 15, NULL, 1, 1, '2013-02-17 00:00:00', 6, '2013-02-21 00:00:00', NULL, NULL, NULL, NULL, NULL, NULL, NULL, NULL, NULL, NULL, NULL, NULL, NULL, NULL, NULL, NULL),
(336, 'Garry Charny', 'CHA-1/13', '2013-02-21 00:00:00', NULL, '(02) 9223 1000', NULL, 'gcharny@wolseleycorporate.com', NULL, NULL, NULL, NULL, 15, NULL, 1, 1, '2013-02-17 00:00:00', 6, '2013-02-21 00:00:00', NULL, NULL, NULL, NULL, NULL, NULL, NULL, NULL, NULL, NULL, NULL, NULL, NULL, NULL, NULL, NULL),
(337, 'Lisa Dibbs', 'DIB-1/13', '2013-02-21 00:00:00', 'Maternal grandparents and aunty and uncle were Polish. They left Poland after WW2. Has marriage certificate.', '(07) 31631975', NULL, 'lisa.dibbs@mater.org.au', NULL, NULL, NULL, NULL, 15, NULL, 1, 1, '2013-02-12 00:00:00', 6, '2013-02-21 00:00:00', NULL, NULL, NULL, NULL, NULL, NULL, NULL, NULL, NULL, NULL, NULL, NULL, NULL, NULL, NULL, NULL),
(338, 'Martin Pucilowski', 'PUC-1/13', '2013-02-21 00:00:00', 'Parents and grandparents are Polish. Some ancestor(s) served in the Polish army. They left Poland after WW2 and moved to both the UK and Australia.', '(03) 97870246', NULL, 'mdpucilowski@gmail.com', NULL, NULL, NULL, NULL, 15, NULL, 1, 1, '2013-02-13 00:00:00', 6, '2013-02-21 00:00:00', NULL, NULL, NULL, NULL, NULL, NULL, NULL, NULL, NULL, NULL, NULL, NULL, NULL, NULL, NULL, NULL),
(340, 'Andrew Pollard', 'POL-1/13', '2013-02-21 00:00:00', 'Maternal grandfather Polish. Left Poland after WW2. Ancestors moved to Aus, married UK citizen and moved to AUS. Has birth certificates and army records.', '(08) 94543469', NULL, 'andeepollard@gmail.com', NULL, NULL, NULL, NULL, 15, NULL, 1, 1, '2013-02-17 00:00:00', 6, '2013-02-21 00:00:00', NULL, NULL, NULL, NULL, NULL, NULL, NULL, NULL, NULL, NULL, NULL, NULL, NULL, NULL, NULL, NULL),
(341, 'Ana Fernandez', 'FER-1/13', '2013-02-21 00:00:00', 'Maternal and paternal grandmother''s Polish. They left Poland before WW2 and moved to USA. Has immigration documents.', NULL, '(04) 00124587', 'ana@fernandezdeaguirre.com', NULL, NULL, NULL, NULL, 15, NULL, 1, 1, '2013-02-17 00:00:00', 6, '2013-02-21 00:00:00', NULL, NULL, NULL, NULL, NULL, NULL, NULL, NULL, NULL, NULL, NULL, NULL, NULL, NULL, NULL, NULL),
(342, 'Zosia Tymerski', 'TYM-1/13', '2013-02-21 00:00:00', 'Paternal grandparents Polish. They left Poland after WW2 and moved to Australia.', '(04) 38631957', NULL, 'sophie_tymerski@hotmail.com', NULL, NULL, NULL, NULL, 15, NULL, 1, 1, '2013-02-17 00:00:00', 6, '2013-02-21 00:00:00', NULL, NULL, NULL, NULL, NULL, NULL, NULL, NULL, NULL, NULL, NULL, NULL, NULL, NULL, NULL, NULL),
(343, 'Miss. C. A', 'ASH-1/13', '2013-02-21 00:00:00', 'Mother and maternal grandfather Polish. Ancestor(s) served in the Polish army. They left Poland during WW2 and moved to the UK.', '(07816) 525999', NULL, 'caroashford@hotmail.com', NULL, NULL, NULL, NULL, 243, NULL, 1, 1, '2013-02-21 00:00:00', 6, '2013-02-21 00:00:00', NULL, NULL, NULL, NULL, NULL, NULL, NULL, NULL, NULL, NULL, NULL, NULL, NULL, NULL, NULL, NULL),
(344, 'David Sandomierski', 'SAN-1/13', '2013-02-21 00:00:00', 'Parents and all grandparents Polish. Client born in Germany and has a copy of his expired Polish passport that he wishes to renew. Ancestor(s) served in the Polish army.', '(02) 9669 7007', NULL, 'david@acli.com.au', NULL, NULL, NULL, NULL, 15, NULL, 1, 1, '2013-02-21 00:00:00', 6, '2013-02-21 00:00:00', NULL, NULL, NULL, NULL, NULL, NULL, NULL, NULL, NULL, NULL, NULL, NULL, NULL, NULL, NULL, NULL),
(345, 'Lea Binetter', 'BIN-2/13', '2013-02-21 00:00:00', 'Her sister in law Susanne Binetter has already gone through the process with Polarn several years ago.', NULL, '0413 047 241', 'learose_b@bigpond.com', NULL, NULL, NULL, 8, 15, 2, 1, 1, '2013-02-21 00:00:00', 4, NULL, NULL, NULL, NULL, NULL, NULL, NULL, NULL, NULL, NULL, NULL, NULL, NULL, NULL, NULL, NULL, NULL),
(346, 'George Labuc', 'LAB-2/12', '2012-03-21 00:00:00', NULL, '(03) 9593 9320', '9827 7942 (work)', 'georgielab2@hotmail.com', '50 Alma Rd', 'St Kilda', '3182', 5, 15, 2, 2, 1, '2012-01-31 00:00:00', NULL, '2012-01-13 00:00:00', NULL, NULL, NULL, NULL, NULL, NULL, NULL, NULL, NULL, NULL, NULL, NULL, NULL, NULL, NULL, NULL),
(347, 'Pippa Labuc', 'LAB-2/12', '2012-03-22 00:00:00', NULL, NULL, NULL, NULL, NULL, NULL, NULL, NULL, NULL, 2, 2, 1, '2012-03-22 00:00:00', NULL, NULL, NULL, NULL, NULL, NULL, NULL, NULL, NULL, NULL, NULL, NULL, NULL, NULL, NULL, NULL, NULL, NULL),
(348, 'Jon Belko', 'BEL-1/13', '2013-02-22 00:00:00', NULL, '(225) 6208019', NULL, 'jrdejean1@yahoo.com', NULL, NULL, NULL, NULL, 244, NULL, 1, 1, '2013-02-22 00:00:00', 6, '2013-02-22 00:00:00', NULL, NULL, NULL, NULL, NULL, NULL, NULL, NULL, NULL, NULL, NULL, NULL, NULL, NULL, NULL, NULL),
(349, 'Anna Taylor', 'TAY-1/13', '2013-02-22 00:00:00', 'Grandparents and parents were Polish. Was born in Poland herself but left when she was 9 months old without a Polish passport. Apparently her parents were war heroes. She also has birth and marriage certificates and her mum''s expired passport.', '(07) 559842771', NULL, NULL, NULL, NULL, NULL, 2, 15, NULL, 1, 1, '2013-02-22 00:00:00', 2, NULL, NULL, NULL, NULL, NULL, NULL, NULL, NULL, NULL, NULL, NULL, NULL, NULL, NULL, NULL, NULL, NULL),
(350, 'Lianna Sliwczynski', 'SLI-2/12', '2013-02-25 00:00:00', NULL, NULL, NULL, 'ljsliw@gmail.com', '9 Peasholm Corner', 'Craigieburn', '3064', 5, 15, 2, 2, 1, '2011-11-29 00:00:00', NULL, '2011-11-29 00:00:00', NULL, NULL, NULL, NULL, NULL, NULL, NULL, NULL, NULL, NULL, NULL, NULL, NULL, NULL, NULL, NULL),
(351, 'Paul Sliwczynski', 'SLI-2/12', '2013-02-25 00:00:00', NULL, NULL, '0419 516 605', 'paul@mobilityplus.com.au', NULL, NULL, NULL, NULL, NULL, 2, 2, 1, '2011-11-29 00:00:00', NULL, NULL, NULL, NULL, NULL, NULL, NULL, NULL, NULL, NULL, NULL, NULL, NULL, NULL, NULL, NULL, NULL, NULL),
(352, 'Julia Rogozinski', 'ROG-3/13', '2013-02-25 00:00:00', NULL, '9557 2205', NULL, 'rowse@netspace.net.au', NULL, NULL, NULL, NULL, NULL, 2, 1, 1, '2013-02-25 00:00:00', NULL, NULL, NULL, NULL, NULL, NULL, NULL, NULL, NULL, NULL, NULL, NULL, NULL, NULL, NULL, NULL, NULL, NULL),
(353, 'Tanya Janina', 'KWA-1/11', '2013-02-25 00:00:00', NULL, '02 9600 8130', '0449 255 464', 'tjkwasnica@hotmail.com.au', '57 Charles St', 'Liverpool', '2170', 8, 15, 2, 2, 1, '2011-03-25 00:00:00', NULL, NULL, NULL, NULL, NULL, NULL, NULL, NULL, NULL, NULL, NULL, NULL, NULL, NULL, NULL, NULL, NULL, NULL),
(354, 'Julius Zieleniecki', 'ZIE-1/13', '2013-02-26 00:00:00', 'Mother and maternal grandparents are Polish. A family member served in the Polish army.', '(614) 32184838', NULL, 'ziel10015@flinders.edu.au', NULL, NULL, NULL, NULL, 15, NULL, 1, 1, '2013-02-24 00:00:00', 6, '2013-02-26 00:00:00', NULL, NULL, NULL, NULL, NULL, NULL, NULL, NULL, NULL, NULL, NULL, NULL, NULL, NULL, NULL, NULL),
(355, 'Scott Goldsmith', 'GOL-1/13', '2013-02-26 00:00:00', 'Mother and maternal grandparents Polish. Left Poland during WW2.', NULL, '(+61) 422089386', 'scttgldsmth@gmail.com', NULL, NULL, NULL, NULL, 15, NULL, 1, 1, '2013-02-23 00:00:00', 6, '2013-02-26 00:00:00', NULL, NULL, NULL, NULL, NULL, NULL, NULL, NULL, NULL, NULL, NULL, NULL, NULL, NULL, NULL, NULL),
(356, 'James Studniberg', 'STU-1/13', '2013-02-26 00:00:00', 'Father and maternal grandparents Polish. Has documents but is not sure what they are.', NULL, '0405 123 251', 'jamestraveller@yahoo.com.au', NULL, NULL, NULL, NULL, 15, NULL, 1, 1, '2013-02-16 00:00:00', 6, '2013-02-26 00:00:00', NULL, NULL, NULL, NULL, NULL, NULL, NULL, NULL, NULL, NULL, NULL, NULL, NULL, NULL, NULL, NULL),
(357, 'Lori Williams', 'WIL-1/13', '2013-02-26 00:00:00', NULL, '+1-416-955-1456', NULL, 'einheibl@gmail.com', NULL, NULL, NULL, NULL, 43, 3, 1, 1, '2013-02-23 00:00:00', 2, NULL, NULL, NULL, NULL, NULL, NULL, NULL, NULL, NULL, NULL, NULL, NULL, NULL, NULL, NULL, NULL, NULL),
(358, 'Boris Gelberg', 'GEL-4/13', '2013-02-26 00:00:00', 'Boris and his son Ron have acquired citizenship. Two daughters and two granddaughters are now applying.', '9555 5322', '0418 173 594', 'bgelberg@hothamtax.com', '17 Garrell St, Caulfield North', NULL, '3161', 5, 15, 2, 2, 1, '2013-02-26 00:00:00', NULL, NULL, NULL, NULL, NULL, NULL, NULL, NULL, NULL, NULL, NULL, NULL, NULL, NULL, NULL, NULL, NULL, NULL),
(359, 'Regina Peterson', 'PET-1/13', '2013-02-27 00:00:00', 'Family comes from an area that is no longer in Poland. Maternal great grandparents were Polish.', '(760) 231 7989', NULL, 'luckysprite@gmail.com', NULL, NULL, NULL, NULL, 244, NULL, 1, 1, '2013-02-27 00:00:00', 6, '2013-02-27 00:00:00', NULL, NULL, NULL, NULL, NULL, NULL, NULL, NULL, NULL, NULL, NULL, NULL, NULL, NULL, NULL, NULL),
(361, 'Dave Sequin', 'SEQ-1/13', '2013-02-27 00:00:00', 'Maternal grandfather Polish, left Poland during WWII.', NULL, '(045) 5455455', 'banana@gmail.com', NULL, NULL, NULL, NULL, 15, NULL, 1, 1, '2013-02-27 00:00:00', 6, '2013-02-27 00:00:00', NULL, NULL, NULL, NULL, NULL, NULL, NULL, NULL, NULL, NULL, NULL, NULL, NULL, NULL, NULL, NULL),
(362, 'Sarah Smith', 'SMI-1/13', '2013-02-27 00:00:00', 'Mother and maternal grandmother Polish. They left Poland after WWII.', NULL, '(+61) 457355977', 'smitty_94@live.com', NULL, NULL, NULL, NULL, 15, NULL, 1, 1, '2013-02-27 00:00:00', 6, '2013-02-27 00:00:00', NULL, NULL, NULL, NULL, NULL, NULL, NULL, NULL, NULL, NULL, NULL, NULL, NULL, NULL, NULL, NULL),
(364, 'Christian Francis Ryan', 'RYA-1/12', '2013-02-28 00:00:00', NULL, NULL, '0448 813 961', 'trishan_ryan@hotmail.com', '538 Churchill Ave', 'Sandy Bay', '7005', 4, 15, 1, 2, 1, '2013-02-28 00:00:00', NULL, NULL, NULL, NULL, NULL, NULL, NULL, NULL, NULL, NULL, NULL, NULL, NULL, NULL, NULL, NULL, NULL, NULL),
(365, 'Jennifer Nadwodny', 'NAD-1/13', '2013-02-28 00:00:00', 'Paternal grandparents Polish. An ancestor (not sure who) served in the Polish army. During the war grandparents were moved to Siberia, then ended up in the UK after the war, where they were married. Following that, they came to Canada in 1953.', '(905) 5173312', NULL, 'jennifer.nadwodny@gmail.com', NULL, NULL, NULL, NULL, 43, NULL, 1, 1, '2013-02-28 00:00:00', 6, '2013-02-28 00:00:00', NULL, NULL, NULL, NULL, NULL, NULL, NULL, NULL, NULL, NULL, NULL, NULL, NULL, NULL, NULL, NULL),
(366, 'Janina Maria Ryan', 'RYA-1/12', '2013-02-28 00:00:00', NULL, NULL, NULL, NULL, NULL, NULL, NULL, NULL, NULL, 1, 2, 1, '2013-02-28 00:00:00', NULL, NULL, NULL, NULL, NULL, NULL, NULL, NULL, NULL, NULL, NULL, NULL, NULL, NULL, NULL, NULL, NULL, NULL),
(367, 'Leo Van Ryan', 'RYA-1/12', '2013-02-28 00:00:00', NULL, NULL, NULL, NULL, NULL, NULL, NULL, NULL, NULL, 1, 2, 1, '2013-02-28 00:00:00', NULL, NULL, NULL, NULL, NULL, NULL, NULL, NULL, NULL, NULL, NULL, NULL, NULL, NULL, NULL, NULL, NULL, NULL),
(368, 'Samuel Adam Ryan', 'RYA-1/12', '2013-02-28 00:00:00', NULL, NULL, NULL, NULL, NULL, NULL, NULL, NULL, NULL, 1, 2, 1, '2013-02-28 00:00:00', NULL, NULL, NULL, NULL, NULL, NULL, NULL, NULL, NULL, NULL, NULL, NULL, NULL, NULL, NULL, NULL, NULL, NULL),
(369, 'Jonathan Ahearn', 'AHE-1/13', '2013-02-28 00:00:00', 'Maternal grandfather Polish. Family member served in the Polish army - left Poland during WWII.', NULL, '(+61) 431522750', 'jonts85@hotmail.com', NULL, NULL, NULL, NULL, 15, NULL, 1, 1, '2013-02-27 00:00:00', 6, '2013-02-28 00:00:00', NULL, NULL, NULL, NULL, NULL, NULL, NULL, NULL, NULL, NULL, NULL, NULL, NULL, NULL, NULL, NULL),
(374, 'Sandra Kasprowicz', 'KASP-1/13', '2013-02-28 00:00:00', 'Mother, maternal grandparents and paternal grandfather Polish. Left Poland after WWII.', '(03) 51277174', NULL, 's.andra.k@hotmail.com', NULL, NULL, NULL, NULL, 15, NULL, 1, 1, '2012-12-23 00:00:00', 6, '2012-12-24 00:00:00', NULL, NULL, NULL, NULL, NULL, NULL, NULL, NULL, NULL, NULL, NULL, NULL, NULL, NULL, NULL, NULL),
(376, 'Alexander Moodie', 'MOO-2/12', '2013-02-28 00:00:00', 'Mother Teresa''s phone number: 0408 328 145', '(03) 5224 2282', '0432 984 393', 'alex.moodie@gmail.com', '23 Melville Ave', 'Newtown', '3220', 5, 15, 2, 2, 1, '2012-06-08 00:00:00', NULL, NULL, NULL, NULL, NULL, NULL, NULL, NULL, NULL, NULL, NULL, NULL, NULL, NULL, NULL, NULL, NULL, NULL),
(377, 'Leith Poulson', 'POU-1/13', '2013-03-01 00:00:00', 'Great grandmother Polish. Maiden name was Tillack. Departed Hamburg for Brisbane on board the Lammershagen, 8 August 1878 with parents Johann Ferdinand and Emilie.', NULL, NULL, 'leithpoulsen@hotmail.com', NULL, NULL, NULL, NULL, 15, NULL, 1, 1, '2013-02-27 00:00:00', 2, '2013-03-28 00:00:00', NULL, NULL, NULL, NULL, NULL, NULL, NULL, NULL, NULL, NULL, NULL, NULL, NULL, NULL, NULL, NULL),
(378, 'Robert Ward', 'none', '2013-03-01 00:00:00', 'Wife is Polish, they live in Poland. Jola has asked to speak with him over the phone - waiting for response.', NULL, NULL, 'gabrielle.ward@neostrada.pl', NULL, NULL, NULL, NULL, 187, NULL, 1, 1, '2013-02-28 00:00:00', 6, '2013-03-01 00:00:00', NULL, NULL, NULL, NULL, NULL, NULL, NULL, NULL, NULL, NULL, NULL, NULL, NULL, NULL, NULL, NULL),
(379, 'Paul Koros', 'none', '2013-03-01 00:00:00', 'Father and paternal grandparents Polish - Father served in Polish and British army.', '(44) 07983437156', NULL, 'paul@comtek.co.uk', NULL, NULL, NULL, NULL, 243, NULL, 1, 1, '2013-03-01 00:00:00', 6, '2013-03-01 00:00:00', NULL, NULL, NULL, NULL, NULL, NULL, NULL, NULL, NULL, NULL, NULL, NULL, NULL, NULL, NULL, NULL),
(381, 'Kenneth Francis Madej', 'MAD-1/12', '2013-03-01 00:00:00', NULL, '(02) 6262 8882', '0404 042 080', 'ken_madej@hotmail.com / ken.madej@anu.edu.au', NULL, NULL, NULL, NULL, NULL, 2, 2, 1, '2011-07-14 00:00:00', NULL, NULL, NULL, NULL, NULL, NULL, NULL, NULL, NULL, NULL, NULL, NULL, NULL, NULL, NULL, NULL, NULL, NULL),
(382, 'Diego Gomez-Grun', 'GRU-1/13', '2013-03-01 00:00:00', 'Maternal great grandfater, grandfather and grandmother Polish.', '(54) 11-4797-3580', NULL, 'diegogrun@yahoo.com', NULL, NULL, NULL, NULL, 11, NULL, 1, 1, '2013-03-01 00:00:00', 6, '2013-03-01 00:00:00', NULL, NULL, NULL, NULL, NULL, NULL, NULL, NULL, NULL, NULL, NULL, NULL, NULL, NULL, NULL, NULL),
(386, 'Rachel Anorov', 'ANO-4/13', '2013-03-04 00:00:00', NULL, NULL, NULL, NULL, NULL, NULL, NULL, NULL, NULL, 2, 2, 1, '2013-03-04 00:00:00', NULL, NULL, NULL, NULL, NULL, NULL, NULL, NULL, NULL, NULL, NULL, NULL, NULL, NULL, NULL, NULL, NULL, NULL),
(387, 'David Anorov', 'ANO-4/13', '2013-03-04 00:00:00', NULL, NULL, NULL, NULL, NULL, NULL, NULL, NULL, NULL, 2, 2, 1, '2013-03-04 00:00:00', NULL, NULL, NULL, NULL, NULL, NULL, NULL, NULL, NULL, NULL, NULL, NULL, NULL, NULL, NULL, NULL, NULL, NULL),
(388, 'Laura Anorov', 'ANO-4/13', '2013-03-04 00:00:00', NULL, NULL, NULL, NULL, NULL, NULL, NULL, NULL, NULL, 2, 2, 1, '2013-03-04 00:00:00', NULL, NULL, NULL, NULL, NULL, NULL, NULL, NULL, NULL, NULL, NULL, NULL, NULL, NULL, NULL, NULL, NULL, NULL),
(390, 'Justin Ridgeway', 'RIDG-1/13', '2013-03-04 00:00:00', 'Was an illegibility client back in 2009.  Completed CoE and never went ahead with processing of CC and Passport due to financial restrictions.', NULL, NULL, 'justin.ridgeway@whittlesea.vic.gov.au', NULL, NULL, NULL, 5, 15, 2, 1, 1, '2013-02-14 00:00:00', 5, NULL, NULL, NULL, NULL, NULL, NULL, NULL, NULL, NULL, NULL, NULL, NULL, NULL, NULL, NULL, NULL, NULL),
(393, 'James Mathers', 'MAT-1/10', '2013-03-04 00:00:00', NULL, '(02) 4950 6206', '0421 192 494', 'jaymzxyz@hotmail.com, jamesmathers@live.com.au', '19 Raggatt Cr', 'Edgeworth', '2285', 8, 15, 2, 2, 1, '2013-03-04 00:00:00', NULL, NULL, NULL, NULL, NULL, NULL, NULL, NULL, NULL, NULL, NULL, NULL, NULL, NULL, NULL, NULL, NULL, NULL),
(394, 'Ivan Grauer', 'GRA-1/12', '2013-03-05 00:00:00', NULL, NULL, '0417 541 186', 'ivan@yourpharmacy.com.au', '4 Snowdon Ave', 'Caulfield', '3162', 5, 15, NULL, 2, 1, '2013-03-05 00:00:00', NULL, NULL, NULL, NULL, NULL, NULL, NULL, NULL, NULL, NULL, NULL, NULL, NULL, NULL, NULL, NULL, NULL, NULL),
(395, 'Danielle Fisher', 'none', '2013-03-05 00:00:00', 'Maternal grandfather Polish - left after WWII.', NULL, '0422 058 869', 'danielle.fisher@scu.edu.au', NULL, NULL, NULL, NULL, 15, NULL, 1, 1, '2013-03-04 00:00:00', 6, '2013-03-05 00:00:00', NULL, NULL, NULL, NULL, NULL, NULL, NULL, NULL, NULL, NULL, NULL, NULL, NULL, NULL, NULL, NULL),
(396, 'Tamara Kusz', 'none', '2013-03-05 00:00:00', 'Father and paternal grandparents Polish. Left Poland after WWII for Australia and Canada.', '(33) 676828688', NULL, 'sm.tm@live.com.au', NULL, NULL, NULL, NULL, 82, NULL, 1, 1, '2013-03-03 00:00:00', 6, '2013-03-05 00:00:00', NULL, NULL, NULL, 6, '2013-03-08 00:00:00', NULL, NULL, NULL, NULL, NULL, NULL, NULL, NULL, NULL, NULL, NULL),
(397, 'Edward Korzeniewski', 'none', '2013-03-05 00:00:00', 'Father and paternal grandparents Polish. Left Poland before WWI for USA.', '(858) 7773649', NULL, 'bamcram@hushmail.com', NULL, NULL, NULL, NULL, 244, NULL, 1, 1, '2013-03-03 00:00:00', 6, '2013-03-05 00:00:00', NULL, NULL, NULL, NULL, NULL, NULL, NULL, NULL, NULL, NULL, NULL, NULL, NULL, NULL, NULL, NULL),
(398, 'Edna Kutcher', 'none', '2013-03-05 00:00:00', 'Parents and grandparents Polish. Left Poland during WWII for Australia, Italy and Israel. Family comes from an area that is no longer in Poland. One ancestor served in a foreign army.', '(02) 95940361', NULL, 'edna.k@optusnet.com.au', NULL, NULL, NULL, NULL, 15, NULL, 1, 1, '2013-03-04 00:00:00', 6, '2013-03-05 00:00:00', NULL, NULL, NULL, NULL, NULL, NULL, NULL, NULL, NULL, NULL, NULL, NULL, NULL, NULL, NULL, NULL),
(400, 'Sally Vellar', 'none', '2013-03-05 00:00:00', 'Mother and maternal grandparents Polish. Family member served in Polish army. They left Poland after WWII for Australia.', NULL, '(61) 0409 482 256', 'svell13@eq.edu.au', NULL, NULL, NULL, NULL, 15, NULL, 1, 1, '2013-03-02 00:00:00', 6, '2013-03-05 00:00:00', NULL, NULL, NULL, NULL, NULL, NULL, NULL, NULL, NULL, NULL, NULL, NULL, NULL, NULL, NULL, NULL);
INSERT INTO `contactdashboard` (`ID`, `ContactName`, `ArchiveName`, `Since`, `Notes`, `Landline`, `Mobile`, `Email`, `AddressLine1`, `AddressLine2`, `PostCode`, `State`, `Country`, `What`, `Status`, `OpenOrClosed`, `DateOfEnquiry`, `HowTheyFoundUs`, `SendInfoPack`, `AddToNewsletterList`, `FollowUp`, `Other`, `ModifiedBy`, `ModifiedOn`, `FileCompiledByMateusz`, `LodgedOn`, `CaseNumber`, `NameOfCaseOfficer`, `FeedbackFromCaseOfficer`, `CCReceived`, `CivilRegistrationOffice`, `PolishBCReceived`, `PolishMCReceived`, `PESELNumberAppliedDate`, `PESELNumber`) VALUES
(401, 'Cassandra Peszko', 'none', '2013-03-05 00:00:00', 'Father and maternal grandparents Polish. Although mentions father was born in Australia in 1958. Left Poland after WWII for Australia. A family member served in the Polish army.', NULL, '0450 310 356', 'cassandrapeszko@hotmail.com', NULL, NULL, NULL, NULL, 15, NULL, 1, 1, '2013-03-01 00:00:00', 6, '2013-03-05 00:00:00', NULL, NULL, NULL, NULL, NULL, NULL, NULL, NULL, NULL, NULL, NULL, NULL, NULL, NULL, NULL, NULL),
(402, 'Bradley Smorgan', 'none', '2013-03-06 00:00:00', 'Maternal grandmother Polish.', NULL, '(04) 19826888', 'bsmorgan@gmail.com', NULL, NULL, NULL, NULL, 15, NULL, 1, 1, '2013-03-06 00:00:00', 6, '2013-03-06 00:00:00', NULL, NULL, NULL, NULL, NULL, NULL, NULL, NULL, NULL, NULL, NULL, NULL, NULL, NULL, NULL, NULL),
(403, 'Denise Coffey', 'none', '2013-03-06 00:00:00', 'Maternal grandmother Polish. Left Poland before WWII.', '(802) 2499154', NULL, 'denisecoffey62@gmail.com', NULL, NULL, NULL, NULL, 244, NULL, 1, 1, '2013-03-06 00:00:00', 6, '2013-03-06 00:00:00', NULL, NULL, NULL, NULL, NULL, NULL, NULL, NULL, NULL, NULL, NULL, NULL, NULL, NULL, NULL, NULL),
(405, 'Helen Jaworski', 'JAW-1/11', '2013-03-06 00:00:00', NULL, '9871 3019', '0434 641 827', 'hjaworski@hotmail.com', '21 Douglass Ave', 'Carlingford', '2118', 8, 15, 2, 2, 1, '2013-03-06 00:00:00', NULL, NULL, NULL, NULL, NULL, NULL, NULL, NULL, NULL, NULL, NULL, NULL, NULL, NULL, NULL, NULL, NULL, NULL),
(407, 'Simon Lewicki', 'LEWIC-1/13', '2013-03-06 00:00:00', NULL, NULL, '0417 453 893', 'simonlewicki@me.com', '14 Angophora Cres', 'Forestville', '2087', 5, 15, 2, 1, 1, '2013-03-06 00:00:00', NULL, NULL, NULL, NULL, NULL, NULL, NULL, NULL, NULL, NULL, NULL, NULL, NULL, NULL, NULL, NULL, NULL, NULL),
(408, 'Shelley Jelonek', 'JEL-2/12', '2013-03-07 00:00:00', 'Tadeusz'' contact details: 2/24 Bluetail Crescent, Upper Coomero QLD 4209, 0406 053 547, 07 3254 2011 (office)', NULL, '0409 266 955', 'shelleyliana@gmail.com', 'PO Box 456', 'Fortitude Valley', '4006', 2, 15, 2, 2, 1, '2010-09-03 00:00:00', NULL, '2010-09-03 00:00:00', NULL, NULL, NULL, NULL, NULL, NULL, NULL, NULL, NULL, NULL, NULL, NULL, NULL, NULL, NULL, NULL),
(409, 'Nathan Jelonek', 'JEL-2/12', '2013-03-07 00:00:00', '2nd email address: nate_jelonek@edwards.com', NULL, '0423 884 597', 'nathan.jelonek@bigpond.com', '305/169 Leichhardt Street', 'Spring Hill, Brisbane', '4000', 2, 15, 2, 2, 1, '2013-03-07 00:00:00', NULL, NULL, NULL, NULL, NULL, NULL, NULL, NULL, NULL, NULL, NULL, NULL, NULL, NULL, NULL, NULL, NULL, NULL),
(412, 'Anna Kohut', 'KOHUT', '2013-03-07 00:00:00', NULL, NULL, '0417 566 234', 'anna.kohut007@gmail.com', '17 Augustine Tce', 'Glenroy', '3046', 5, 15, 2, 1, 1, '2013-03-07 00:00:00', NULL, NULL, NULL, NULL, NULL, 6, '2013-03-08 00:00:00', NULL, NULL, NULL, NULL, NULL, NULL, NULL, NULL, NULL, NULL, NULL),
(414, 'Michael Zajd', 'ZAJ-4/12', '2013-04-07 00:00:00', NULL, '9819 1361', NULL, 'mnzajd@gmail.com', 'PO Box 108', 'Hawthorn', '3122', 5, 15, 2, 2, 1, '2012-03-02 00:00:00', NULL, NULL, NULL, NULL, NULL, 7, '2013-03-08 00:00:00', NULL, NULL, NULL, NULL, NULL, NULL, NULL, NULL, NULL, NULL, NULL),
(415, 'Daniel Sam Zajd', 'ZAJ-4/12', '2013-04-07 00:00:00', NULL, NULL, NULL, NULL, NULL, NULL, NULL, NULL, NULL, 2, 2, 1, '2013-03-08 00:00:00', NULL, NULL, NULL, NULL, NULL, 7, '2013-03-08 00:00:00', NULL, NULL, NULL, NULL, NULL, NULL, NULL, NULL, NULL, NULL, NULL),
(416, 'Monica Zajd', 'ZAJ-4/12', '2013-04-07 00:00:00', NULL, NULL, NULL, NULL, NULL, NULL, NULL, NULL, NULL, 2, 2, 1, '2013-03-08 00:00:00', NULL, NULL, NULL, NULL, NULL, 7, '2013-03-08 00:00:00', NULL, NULL, NULL, NULL, NULL, NULL, NULL, NULL, NULL, NULL, NULL),
(417, 'Bernadette Zajd', 'ZAJ-4/12', '2013-04-07 00:00:00', NULL, NULL, NULL, NULL, NULL, NULL, NULL, NULL, NULL, 2, 2, 1, '2013-03-08 00:00:00', NULL, NULL, NULL, NULL, NULL, 7, '2013-03-08 00:00:00', NULL, NULL, NULL, NULL, NULL, NULL, NULL, NULL, NULL, NULL, NULL),
(418, 'Genevieve Wessels', 'none', '2013-04-07 00:00:00', 'Paternal grandmother Polish.', '(041) 3653059', NULL, 'genevieve.wessels@hotmail.com', NULL, NULL, NULL, NULL, 213, NULL, 1, 1, '2013-03-08 00:00:00', 6, '2013-03-08 00:00:00', NULL, NULL, NULL, 6, '2013-03-08 00:00:00', NULL, NULL, NULL, NULL, NULL, NULL, NULL, NULL, NULL, NULL, NULL),
(419, 'Melanie Mika', 'none', '2013-04-07 00:00:00', 'Parents and grandparents Polish. The left Poland after WW2 for the USA.', '(410) 5555555', NULL, 'star_angel7777@hotmail.com', NULL, NULL, NULL, NULL, 244, NULL, 1, 1, '2013-03-07 00:00:00', 6, '2013-03-08 00:00:00', NULL, NULL, NULL, 6, '2013-03-08 00:00:00', NULL, NULL, NULL, NULL, NULL, NULL, NULL, NULL, NULL, NULL, NULL);

-- --------------------------------------------------------

--
-- Table structure for table `countries`
--

CREATE TABLE IF NOT EXISTS `countries` (
  `id` int(11) NOT NULL AUTO_INCREMENT,
  `country_name` varchar(56) NOT NULL,
  PRIMARY KEY (`id`)
) ENGINE=InnoDB  DEFAULT CHARSET=latin1 AUTO_INCREMENT=258 ;

--
-- Dumping data for table `countries`
--

INSERT INTO `countries` (`id`, `country_name`) VALUES
(1, 'Afghanistan'),
(2, 'Akrotiri'),
(3, 'Albania'),
(4, 'Algeria'),
(5, 'American Samoa'),
(6, 'Andorra'),
(7, 'Angola'),
(8, 'Anguilla'),
(9, 'Antarctica'),
(10, 'Antigua and Barbuda'),
(11, 'Argentina'),
(12, 'Armenia'),
(13, 'Aruba'),
(14, 'Ashmore and Cartier Islands'),
(15, 'Australia'),
(16, 'Austria'),
(17, 'Azerbaijan'),
(18, 'Bahamas, The'),
(19, 'Bahrain'),
(20, 'Bangladesh'),
(21, 'Barbados'),
(22, 'Bassas da India'),
(23, 'Belarus'),
(24, 'Belgium'),
(25, 'Belize'),
(26, 'Benin'),
(27, 'Bermuda'),
(28, 'Bhutan'),
(29, 'Bolivia'),
(30, 'Bosnia and Herzegovina'),
(31, 'Botswana'),
(32, 'Bouvet Island'),
(33, 'Brazil'),
(34, 'British Indian Ocean Territory'),
(35, 'British Virgin Islands'),
(36, 'Brunei'),
(37, 'Bulgaria'),
(38, 'Burkina Faso'),
(39, 'Burma'),
(40, 'Burundi'),
(41, 'Cambodia'),
(42, 'Cameroon'),
(43, 'Canada'),
(44, 'Cape Verde'),
(45, 'Cayman Islands'),
(46, 'Central African Republic'),
(47, 'Chad'),
(48, 'Chile'),
(49, 'China'),
(50, 'Christmas Island'),
(51, 'Clipperton Island'),
(52, 'Cocos (Keeling) Islands'),
(53, 'Colombia'),
(54, 'Comoros'),
(55, 'Congo, Democratic Republic of the'),
(56, 'Congo, Republic of the'),
(57, 'Cook Islands'),
(58, 'Coral Sea Islands'),
(59, 'Costa Rica'),
(60, 'Cote d''Ivoire'),
(61, 'Croatia'),
(62, 'Cuba'),
(63, 'Cyprus'),
(64, 'Czech Republic'),
(65, 'Denmark'),
(66, 'Dhekelia'),
(67, 'Djibouti'),
(68, 'Dominica'),
(69, 'Dominican Republic'),
(70, 'Ecuador'),
(71, 'Egypt'),
(72, 'El Salvador'),
(73, 'Equatorial Guinea'),
(74, 'Eritrea'),
(75, 'Estonia'),
(76, 'Ethiopia'),
(77, 'Europa Island'),
(78, 'Falkland Islands (Islas Malvinas)'),
(79, 'Faroe Islands'),
(80, 'Fiji'),
(81, 'Finland'),
(82, 'France'),
(83, 'French Guiana'),
(84, 'French Polynesia'),
(85, 'French Southern and Antarctic Lands'),
(86, 'Gabon'),
(87, 'Gambia, The'),
(88, 'Gaza Strip'),
(89, 'Georgia'),
(90, 'Germany'),
(91, 'Ghana'),
(92, 'Gibraltar'),
(93, 'Glorioso Islands'),
(94, 'Greece'),
(95, 'Greenland'),
(96, 'Grenada'),
(97, 'Guadeloupe'),
(98, 'Guam'),
(99, 'Guatemala'),
(100, 'Guernsey'),
(101, 'Guinea'),
(102, 'Guinea-Bissau'),
(103, 'Guyana'),
(104, 'Haiti'),
(105, 'Heard Island and McDonald Islands'),
(106, 'Holy See (Vatican City)'),
(107, 'Honduras'),
(108, 'Hong Kong'),
(109, 'Hungary'),
(110, 'Iceland'),
(111, 'India'),
(112, 'Indonesia'),
(113, 'Iran'),
(114, 'Iraq'),
(115, 'Ireland'),
(116, 'Isle of Man'),
(117, 'Israel'),
(118, 'Italy'),
(119, 'Jamaica'),
(120, 'Jan Mayen'),
(121, 'Japan'),
(122, 'Jersey'),
(123, 'Jordan'),
(124, 'Juan de Nova Island'),
(125, 'Kazakhstan'),
(126, 'Kenya'),
(127, 'Kiribati'),
(128, 'Korea, North'),
(129, 'Korea, South'),
(130, 'Kuwait'),
(131, 'Kyrgyzstan'),
(132, 'Laos'),
(133, 'Latvia'),
(134, 'Lebanon'),
(135, 'Lesotho'),
(136, 'Liberia'),
(137, 'Libya'),
(138, 'Liechtenstein'),
(139, 'Lithuania'),
(140, 'Luxembourg'),
(141, 'Macau'),
(142, 'Macedonia'),
(143, 'Madagascar'),
(144, 'Malawi'),
(145, 'Malaysia'),
(146, 'Maldives'),
(147, 'Mali'),
(148, 'Malta'),
(149, 'Marshall Islands'),
(150, 'Martinique'),
(151, 'Mauritania'),
(152, 'Mauritius'),
(153, 'Mayotte'),
(154, 'Mexico'),
(155, 'Micronesia, Federated States of'),
(156, 'Moldova'),
(157, 'Monaco'),
(158, 'Mongolia'),
(159, 'Montserrat'),
(160, 'Morocco'),
(161, 'Mozambique'),
(162, 'Namibia'),
(163, 'Nauru'),
(164, 'Navassa Island'),
(165, 'Nepal'),
(166, 'Netherlands'),
(167, 'Netherlands Antilles'),
(168, 'New Caledonia'),
(169, 'New Zealand'),
(170, 'Nicaragua'),
(171, 'Niger'),
(172, 'Nigeria'),
(173, 'Niue'),
(174, 'Norfolk Island'),
(175, 'Northern Mariana Islands'),
(176, 'Norway'),
(177, 'Oman'),
(178, 'Pakistan'),
(179, 'Palau'),
(180, 'Panama'),
(181, 'Papua New Guinea'),
(182, 'Paracel Islands'),
(183, 'Paraguay'),
(184, 'Peru'),
(185, 'Philippines'),
(186, 'Pitcairn Islands'),
(187, 'Poland'),
(188, 'Portugal'),
(189, 'Puerto Rico'),
(190, 'Qatar'),
(191, 'Reunion'),
(192, 'Romania'),
(193, 'Russia'),
(194, 'Rwanda'),
(195, 'Saint Helena'),
(196, 'Saint Kitts and Nevis'),
(197, 'Saint Lucia'),
(198, 'Saint Pierre and Miquelon'),
(199, 'Saint Vincent and the Grenadines'),
(200, 'Samoa'),
(201, 'San Marino'),
(202, 'Sao Tome and Principe'),
(203, 'Saudi Arabia'),
(204, 'Senegal'),
(205, 'Serbia and Montenegro'),
(206, 'Seychelles'),
(207, 'Sierra Leone'),
(208, 'Singapore'),
(209, 'Slovakia'),
(210, 'Slovenia'),
(211, 'Solomon Islands'),
(212, 'Somalia'),
(213, 'South Africa'),
(214, 'South Georgia and the South Sandwich Islands'),
(215, 'Spain'),
(216, 'Spratly Islands'),
(217, 'Sri Lanka'),
(218, 'Sudan'),
(219, 'Suriname'),
(220, 'Svalbard'),
(221, 'Swaziland'),
(222, 'Sweden'),
(223, 'Switzerland'),
(224, 'Syria'),
(225, 'Taiwan'),
(226, 'Tajikistan'),
(227, 'Tanzania'),
(228, 'Thailand'),
(229, 'Timor-Leste'),
(230, 'Togo'),
(231, 'Tokelau'),
(232, 'Tonga'),
(233, 'Trinidad and Tobago'),
(234, 'Tromelin Island'),
(235, 'Tunisia'),
(236, 'Turkey'),
(237, 'Turkmenistan'),
(238, 'Turks and Caicos Islands'),
(239, 'Tuvalu'),
(240, 'Uganda'),
(241, 'Ukraine'),
(242, 'United Arab Emirates'),
(243, 'United Kingdom'),
(244, 'United States'),
(245, 'Uruguay'),
(246, 'Uzbekistan'),
(247, 'Vanuatu'),
(248, 'Venezuela'),
(249, 'Vietnam'),
(250, 'Virgin Islands'),
(251, 'Wake Island'),
(252, 'Wallis and Futuna'),
(253, 'West Bank'),
(254, 'Western Sahara'),
(255, 'Yemen'),
(256, 'Zambia'),
(257, 'Zimbabwe');

-- --------------------------------------------------------

--
-- Table structure for table `docnotes`
--

CREATE TABLE IF NOT EXISTS `docnotes` (
  `id` int(11) NOT NULL AUTO_INCREMENT,
  `document_id` int(11) NOT NULL,
  `user_id` int(12) NOT NULL,
  `note` text NOT NULL,
  `created` datetime NOT NULL,
  `modified` datetime NOT NULL,
  PRIMARY KEY (`id`),
  KEY `document_id` (`document_id`),
  KEY `user_id` (`user_id`)
) ENGINE=InnoDB DEFAULT CHARSET=latin1 AUTO_INCREMENT=1 ;

-- --------------------------------------------------------

--
-- Table structure for table `documents`
--

CREATE TABLE IF NOT EXISTS `documents` (
  `id` int(11) NOT NULL AUTO_INCREMENT,
  `archive_id` int(12) NOT NULL,
  `applicant_id` int(12) DEFAULT NULL,
  `ancestortype_id` int(12) DEFAULT NULL,
  `documenttype_id` int(12) NOT NULL,
  `filename` varchar(255) NOT NULL,
  `filesize` int(11) unsigned NOT NULL DEFAULT '0',
  `filemime` varchar(500) NOT NULL DEFAULT 'text/plain',
  `created` datetime DEFAULT NULL,
  PRIMARY KEY (`id`),
  KEY `archive_id` (`archive_id`),
  KEY `applicant_id` (`applicant_id`),
  KEY `ancestortype_id` (`ancestortype_id`),
  KEY `documenttype_id` (`documenttype_id`)
) ENGINE=InnoDB  DEFAULT CHARSET=latin1 AUTO_INCREMENT=20 ;

--
-- Dumping data for table `documents`
--

INSERT INTO `documents` (`id`, `archive_id`, `applicant_id`, `ancestortype_id`, `documenttype_id`, `filename`, `filesize`, `filemime`, `created`) VALUES
(1, 207, NULL, 8, 6, 'TES-1-13 Family ASP.txt', 4, 'text/plain', '2013-08-26 22:13:18'),
(2, 207, NULL, 6, 5, 'TES-1-13 Great grandfather NatC.pdf', 737136, 'application/pdf', '2013-08-26 22:13:48'),
(3, 207, 424, NULL, 6, 'TES-1-13 Thomas ASP.txt', 4, 'text/plain', '2013-08-26 22:14:26'),
(4, 207, 424, NULL, 6, 'TES-1-13 Thomas ASP.pdf', 737136, 'application/pdf', '2013-08-26 22:14:55'),
(5, 203, NULL, 8, 6, 'D-1-13 Family ASP.pdf', 61024, 'application/pdf', '2013-08-27 00:40:12'),
(6, 203, 420, NULL, 6, 'D-1-13 d ASP.pdf', 61024, 'application/pdf', '2013-08-27 00:40:29'),
(7, 209, NULL, 3, 1, 'HUS-1-13 Grandmother BC.pdf', 106686, 'application/pdf', '2013-08-27 00:40:43'),
(8, 211, NULL, 8, 1, 'MCB-1-13 Family BC.pdf', 528733, 'application/pdf', '2013-08-27 03:43:03'),
(9, 207, NULL, 8, 6, 'TES-1-13 Family ASP.ctp', 1214, 'application/octet-stream', '2013-08-28 10:39:54'),
(10, 207, NULL, 8, 6, 'TES-1-13 Family ASP 06-09-13.txt', 15, 'text/plain', '2013-09-06 00:48:50'),
(11, 207, NULL, 2, 18, 'TES-1-13 Father DL 06-09-13.', 13, 'application/octet-stream', '2013-09-06 00:52:24'),
(12, 207, NULL, 8, 6, 'TES-1-13 Family ASP 06-09-13.docx', 45241, 'application/vnd.openxmlformats-officedocument.wordprocessingml.document', '2013-09-06 00:54:13'),
(13, 207, 424, NULL, 6, 'TES-1-13 Thomas ASP 06-09-13.jpg', 879394, 'image/jpeg', '2013-09-06 00:55:00'),
(14, 207, NULL, 8, 6, 'TES-1-13 Family ASP 06-09-13.png', 33587, 'image/png', '2013-09-06 00:55:06'),
(15, 207, NULL, 8, 6, 'TES-1-13 Family ASP 06-09-13.pdf', 262234, 'application/pdf', '2013-09-06 00:56:00'),
(16, 207, 424, NULL, 11, 'TES-1-13 Thomas TravD 06-09-13.php', 2223, 'application/octet-stream', '2013-09-06 00:57:05'),
(17, 207, NULL, 8, 6, 'TES-1-13 Family ASP 06-09-13 2.pdf', 68048, 'application/pdf', '2013-09-06 00:57:13'),
(18, 207, NULL, 8, 6, 'TES-1-13 Family ASP 06-09-13 3.pdf', 106686, 'application/pdf', '2013-09-06 00:57:26'),
(19, 207, NULL, 8, 6, 'TES-1-13 Family ASP 06-09-13 4.pdf', 203593, 'application/pdf', '2013-09-06 00:57:35');

-- --------------------------------------------------------

--
-- Table structure for table `documenttypes`
--

CREATE TABLE IF NOT EXISTS `documenttypes` (
  `id` int(11) NOT NULL AUTO_INCREMENT,
  `category` varchar(26) DEFAULT NULL,
  `type` varchar(50) DEFAULT NULL,
  `code` varchar(6) DEFAULT NULL,
  PRIMARY KEY (`id`)
) ENGINE=InnoDB  DEFAULT CHARSET=latin1 AUTO_INCREMENT=19 ;

--
-- Dumping data for table `documenttypes`
--

INSERT INTO `documenttypes` (`id`, `category`, `type`, `code`) VALUES
(1, 'Both', 'Birth certificate', 'BC'),
(2, 'Both', 'Marriage certificate', 'MC'),
(3, 'Ancestor', 'Death certificate', 'DC'),
(4, 'Both', 'Letter of authority', 'LoA'),
(5, 'Both', 'Naturalisation certificate', 'NatC'),
(6, 'Ancestor', 'Army service papers', 'ASP'),
(7, 'Ancestor', 'School records', 'SR'),
(8, 'Ancestor', 'Citizenship certificate', 'CC'),
(9, 'Both', 'Other', 'Other'),
(10, 'Both', 'Passport/ID', 'PASS'),
(11, 'Ancestor', 'Travel document', 'TravD'),
(12, 'Ancestor', 'Family book', 'FamB'),
(13, 'Ancestor', 'Family tree', 'FamT'),
(14, 'Ancestor', 'Ship manifest', 'ShipM'),
(15, 'Both', 'ITS', 'ITS'),
(16, 'Ancestor', 'IRO', 'IRO'),
(17, 'Applicant', 'Change of name certificate', 'CON'),
(18, 'Applicant', 'Driver''s license', 'DL');

-- --------------------------------------------------------

--
-- Table structure for table `employees`
--

CREATE TABLE IF NOT EXISTS `employees` (
  `id` int(11) NOT NULL AUTO_INCREMENT,
  `user_id` int(11) NOT NULL,
  `first_name` varchar(50) NOT NULL,
  `surname` varchar(50) NOT NULL,
  `status` varchar(50) NOT NULL,
  `email` varchar(30) NOT NULL,
  `role_id` int(11) NOT NULL,
  `created` datetime DEFAULT NULL,
  `modified` datetime DEFAULT NULL,
  PRIMARY KEY (`id`),
  KEY `user_id` (`user_id`),
  KEY `role_id` (`role_id`)
) ENGINE=InnoDB  DEFAULT CHARSET=latin1 AUTO_INCREMENT=8 ;

--
-- Dumping data for table `employees`
--

INSERT INTO `employees` (`id`, `user_id`, `first_name`, `surname`, `status`, `email`, `role_id`, `created`, `modified`) VALUES
(1, 423, 'Frangklin', 'M', 'Active', 'famew1@monash.edu', 3, '2013-08-26 11:48:08', '2013-08-26 11:48:08'),
(2, 425, 'Jessica', 'Greer', 'Active', 'jwgre2@student.monash.edu', 1, '2013-08-26 12:28:43', '2013-08-26 12:28:43'),
(3, 426, 'aa', 'aa', 'Active', 'aa@aa.com', 1, '2013-08-26 21:18:03', '2013-08-26 21:18:03'),
(4, 438, 'Frangklin', 'Mewengkang', 'Active', 'fm@fm.com', 3, '2013-08-28 12:27:46', '2013-08-28 12:27:46'),
(5, 440, 'Sally', 'Staffmember', 'Active', 'salstaff@gmail.com', 1, '2013-09-05 23:59:09', '2013-09-05 23:59:09'),
(6, 1, 'Andrea', 'Administrator', 'Active', 'polarontest@gmail.com', 1, '2013-08-26 21:18:03', '2013-09-15 03:52:22'),
(7, 442, 'Kerry', 'Smith', '', 'polarontest@gmail.com', 0, '2013-09-10 03:30:04', '2013-09-10 03:30:04');

-- --------------------------------------------------------

--
-- Table structure for table `login_tokens`
--

CREATE TABLE IF NOT EXISTS `login_tokens` (
  `id` int(11) NOT NULL AUTO_INCREMENT,
  `user_id` int(11) NOT NULL,
  `token` char(32) NOT NULL,
  `duration` varchar(32) NOT NULL,
  `used` tinyint(1) NOT NULL DEFAULT '0',
  `created` datetime NOT NULL,
  `expires` datetime NOT NULL,
  PRIMARY KEY (`id`)
) ENGINE=MyISAM  DEFAULT CHARSET=utf8 AUTO_INCREMENT=22 ;

--
-- Dumping data for table `login_tokens`
--

INSERT INTO `login_tokens` (`id`, `user_id`, `token`, `duration`, `used`, `created`, `expires`) VALUES
(17, 444, '34edc7dc643334ef87a428583c332d6f', '2 weeks', 0, '2013-09-17 02:08:55', '2013-10-01 02:08:55'),
(16, 1, 'f5c889d0bf49fb4d31bb58bf58f3d39c', '2 weeks', 0, '2013-09-17 01:29:44', '2013-10-01 01:29:44'),
(15, 444, 'b61cf69b874f2d8092bec9e00f175bf9', '2 weeks', 0, '2013-09-17 01:29:18', '2013-10-01 01:29:18'),
(14, 444, 'e1c8e7fdfd06527ffd0e10306ece087a', '2 weeks', 0, '2013-09-17 01:26:50', '2013-10-01 01:26:50'),
(13, 1, '823a157c28f27359e2d18200ca1039ed', '2 weeks', 0, '2013-09-17 01:15:25', '2013-10-01 01:15:25'),
(6, 442, '6721332052264f3eaba3fa2a914c6d7d', '2 weeks', 0, '2013-09-10 03:30:53', '2013-09-24 03:30:53'),
(12, 1, '9e142f75b9f181af682fedf7778c182b', '2 weeks', 0, '2013-09-16 22:39:27', '2013-09-30 22:39:27'),
(11, 1, 'f6626f1c2c1923bc9f720e82bee8be70', '2 weeks', 1, '2013-09-16 03:53:34', '2013-09-30 03:53:34'),
(10, 1, '69c9658a85ca00a1fb73e895d8cf8407', '2 weeks', 1, '2013-09-15 22:28:03', '2013-09-29 22:28:03'),
(18, 1, '37200e40368ebf96c5f44bf3c9adf09c', '2 weeks', 0, '2013-09-17 02:09:09', '2013-10-01 02:09:09'),
(19, 444, '245262b30ffebef6740ba01c653790e6', '2 weeks', 0, '2013-09-17 02:09:34', '2013-10-01 02:09:34'),
(20, 1, 'c2016d422666b55cb2072dc38cef8281', '2 weeks', 0, '2013-09-17 02:10:16', '2013-10-01 02:10:16'),
(21, 1, '442ca206ac011f610a98047e5f5b212b', '2 weeks', 0, '2013-09-17 02:33:57', '2013-10-01 02:33:57');

-- --------------------------------------------------------

--
-- Table structure for table `notesubjects`
--

CREATE TABLE IF NOT EXISTS `notesubjects` (
  `id` int(11) NOT NULL AUTO_INCREMENT,
  `subject_text` varchar(200) NOT NULL,
  PRIMARY KEY (`id`)
) ENGINE=InnoDB  DEFAULT CHARSET=latin1 AUTO_INCREMENT=2 ;

--
-- Dumping data for table `notesubjects`
--

INSERT INTO `notesubjects` (`id`, `subject_text`) VALUES
(1, 'Follow up');

-- --------------------------------------------------------

--
-- Table structure for table `roles`
--

CREATE TABLE IF NOT EXISTS `roles` (
  `id` int(11) NOT NULL AUTO_INCREMENT,
  `role_name` varchar(20) NOT NULL,
  PRIMARY KEY (`id`)
) ENGINE=InnoDB  DEFAULT CHARSET=latin1 AUTO_INCREMENT=9 ;

--
-- Dumping data for table `roles`
--

INSERT INTO `roles` (`id`, `role_name`) VALUES
(1, 'CEO'),
(2, 'Operations Manager'),
(3, 'Business Manager'),
(4, 'Researcher'),
(5, 'Research Assistant'),
(6, 'Researcher in Poland'),
(7, 'Translator in Poland'),
(8, 'Read-only');

-- --------------------------------------------------------

--
-- Table structure for table `statuses`
--

CREATE TABLE IF NOT EXISTS `statuses` (
  `id` int(11) NOT NULL AUTO_INCREMENT,
  `status_type` varchar(56) NOT NULL,
  PRIMARY KEY (`id`)
) ENGINE=InnoDB  DEFAULT CHARSET=latin1 AUTO_INCREMENT=12 ;

--
-- Dumping data for table `statuses`
--

INSERT INTO `statuses` (`id`, `status_type`) VALUES
(1, 'New'),
(2, 'Phone appointment confirmed'),
(3, 'Documents required'),
(4, 'Actions required'),
(5, 'File to be reviewed'),
(6, 'Awaiting quote'),
(7, 'Quote sent'),
(8, 'Quote accepted'),
(9, 'Agreement sent'),
(10, 'Enquiry'),
(11, 'Client');

-- --------------------------------------------------------

--
-- Table structure for table `users`
--

CREATE TABLE IF NOT EXISTS `users` (
  `id` int(12) NOT NULL AUTO_INCREMENT,
  `user_group_id` int(11) NOT NULL,
  `username` varchar(50) DEFAULT NULL,
  `password` varchar(200) DEFAULT NULL,
  `salt` text NOT NULL,
  `email_verified` int(1) DEFAULT '0',
  `active` int(1) NOT NULL DEFAULT '0',
  `ip_address` varchar(50) DEFAULT NULL,
  `type` varchar(26) DEFAULT 'Client',
  `created` datetime DEFAULT NULL,
  `modified` datetime DEFAULT NULL,
  PRIMARY KEY (`id`)
) ENGINE=InnoDB  DEFAULT CHARSET=latin1 AUTO_INCREMENT=445 ;

--
-- Dumping data for table `users`
--

INSERT INTO `users` (`id`, `user_group_id`, `username`, `password`, `salt`, `email_verified`, `active`, `ip_address`, `type`, `created`, `modified`) VALUES
(1, 1, 'admin', '4ec73cbb780467b9316c5fe1749d5642', '3574c2c9569eeab875ba573181936717', 1, 1, '', 'Employee', '2013-09-09 13:01:56', '2013-09-15 03:42:13'),
(66, 0, 'purple67@me.com', NULL, '', 0, 0, NULL, 'Client', '2012-10-29 00:00:00', '2012-10-21 00:00:00'),
(67, 0, 'mibberz@hotmail.com', NULL, '', 0, 0, NULL, 'Client', '2013-03-12 00:00:00', '2013-03-08 00:00:00'),
(68, 0, 'danilayman@hotmail.com', NULL, '', 0, 0, NULL, 'Client', '2012-10-29 00:00:00', '2012-08-22 00:00:00'),
(69, 0, 'josh@jmarketing.com.au', NULL, '', 0, 0, NULL, 'Client', '2012-10-29 00:00:00', NULL),
(70, 0, 'kai_182@hotmail.com', NULL, '', 0, 0, NULL, 'Client', '2012-10-31 00:00:00', '2011-03-23 00:00:00'),
(71, 0, 'richard@ryteclighting.com.au', NULL, '', 0, 0, NULL, 'Client', '2012-10-31 00:00:00', '2012-09-28 00:00:00'),
(72, 0, 'robkay@live.com', NULL, '', 0, 0, NULL, 'Client', '2012-11-02 00:00:00', '2012-11-01 00:00:00'),
(73, 0, 'nathan@kilikanoon.com.au', NULL, '', 0, 0, NULL, 'Client', '2012-11-02 00:00:00', '2012-08-09 00:00:00'),
(74, 0, 'troyhindley@hotmail.com', NULL, '', 0, 0, NULL, 'Client', '2012-11-09 00:00:00', '2012-11-09 00:00:00'),
(75, 0, 'lisaschnell@hotmail.com', NULL, '', 0, 0, NULL, 'Client', '2012-11-09 00:00:00', '2013-03-08 00:00:00'),
(76, 0, 'warrenrozen@hotmail.com', NULL, '', 0, 0, NULL, 'Client', '2013-03-20 00:00:00', '2013-03-08 00:00:00'),
(77, 0, 'villa411@hotmail.com', NULL, '', 0, 0, NULL, 'Client', '2012-11-12 00:00:00', '2012-11-12 00:00:00'),
(78, 0, 'ofirg@email.com', NULL, '', 0, 0, NULL, 'Client', '2012-11-12 00:00:00', '2012-11-12 00:00:00'),
(79, 0, '61cjs94@gmail.com', NULL, '', 0, 0, NULL, 'Client', '2012-11-13 00:00:00', '2012-11-13 00:00:00'),
(80, 0, 'paulstillen@gmail.com', NULL, '', 0, 0, NULL, 'Client', '2012-11-13 00:00:00', '2012-11-13 00:00:00'),
(81, 0, 'belld11@hotmail.com', NULL, '', 0, 0, NULL, 'Client', '2012-11-13 00:00:00', '2012-11-13 00:00:00'),
(82, 0, 'kmmckenzie93@gmail.com', NULL, '', 0, 0, NULL, 'Client', '2012-11-14 00:00:00', '2012-11-14 00:00:00'),
(83, 0, 'sjsiryj@gmail.com', NULL, '', 0, 0, NULL, 'Client', '2012-11-14 00:00:00', NULL),
(85, 0, 'jamesrichardmarzec@hotmail.com', NULL, '', 0, 0, NULL, 'Client', '2012-11-15 00:00:00', '2012-11-15 00:00:00'),
(86, 0, 'roberta707@gmail.com', NULL, '', 0, 0, NULL, 'Client', '2012-11-15 00:00:00', '2012-11-06 00:00:00'),
(87, 0, 'jmandzij@live.com.au', NULL, '', 0, 0, NULL, 'Client', '2012-11-16 00:00:00', '2012-11-16 00:00:00'),
(88, 0, 'matthew.huggins@uqconnect.edu.au', NULL, '', 0, 0, NULL, 'Client', '2012-11-16 00:00:00', '2013-03-08 00:00:00'),
(89, 0, 'adriangruszka@hotmail.com', NULL, '', 0, 0, NULL, 'Client', '2012-11-16 00:00:00', '2012-11-16 00:00:00'),
(90, 0, 'villaavbbh@sbcglobal.net', NULL, '', 0, 0, NULL, 'Client', '2012-11-19 00:00:00', '2012-11-19 00:00:00'),
(91, 0, 'rose_mautner@yahoo.com.au', NULL, '', 0, 0, NULL, 'Client', '2012-11-19 00:00:00', '2012-11-19 00:00:00'),
(92, 0, 'ebella1983@gmail.com', NULL, '', 0, 0, NULL, 'Client', '2012-11-20 00:00:00', '2012-11-20 00:00:00'),
(93, 0, 'laura.wesolowski@rocketmail.com', NULL, '', 0, 0, NULL, 'Client', '2012-11-28 00:00:00', '2012-11-28 00:00:00'),
(94, 0, 'm.korycin@bigpond.com', NULL, '', 0, 0, NULL, 'Client', '2012-11-29 00:00:00', '2012-11-29 00:00:00'),
(95, 0, 'andbli@yahoo.com', NULL, '', 0, 0, NULL, 'Client', '2012-11-29 00:00:00', '2012-11-29 00:00:00'),
(96, 0, 'dcla.6359@bigpond.com', NULL, '', 0, 0, NULL, 'Client', '2012-11-29 00:00:00', '2012-11-29 00:00:00'),
(97, 0, 'sam@siteplat.com', NULL, '', 0, 0, NULL, 'Client', '2012-11-29 00:00:00', '2012-11-29 00:00:00'),
(98, 0, 'laurawmcdonald@gmail.com', NULL, '', 0, 0, NULL, 'Client', '2012-11-29 00:00:00', '2012-11-29 00:00:00'),
(99, 0, 'laurabreynolds@comcast.net', NULL, '', 0, 0, NULL, 'Client', '2012-11-29 00:00:00', '2012-11-29 00:00:00'),
(100, 0, 'leesmolinski@comcast.net', NULL, '', 0, 0, NULL, 'Client', '2012-11-29 00:00:00', '2012-11-29 00:00:00'),
(101, 0, 'zorak1997@yahoo.com', NULL, '', 0, 0, NULL, 'Client', '2012-11-29 00:00:00', '2012-11-29 00:00:00'),
(102, 0, 'Anthony_kisiel@hotmail.com', NULL, '', 0, 0, NULL, 'Client', '2012-11-29 00:00:00', '2012-11-29 00:00:00'),
(103, 0, 'ajy@hotmail.com', NULL, '', 0, 0, NULL, 'Client', '2012-11-29 00:00:00', '2012-11-29 00:00:00'),
(104, 0, 'martyniak@gmail.com', NULL, '', 0, 0, NULL, 'Client', '2012-11-29 00:00:00', '2012-11-29 00:00:00'),
(105, 0, 'alisondabros@hotmail.com', NULL, '', 0, 0, NULL, 'Client', '2012-11-29 00:00:00', '2013-03-20 00:00:00'),
(106, 0, 'aupeterrichards@yahoo.com', NULL, '', 0, 0, NULL, 'Client', '2012-11-29 00:00:00', '2012-11-29 00:00:00'),
(107, 0, 'nyul-nyul@web.de', NULL, '', 0, 0, NULL, 'Client', '2012-11-30 00:00:00', '2012-11-30 00:00:00'),
(108, 0, 'sbochens@gmail.com', NULL, '', 0, 0, NULL, 'Client', '2012-12-03 00:00:00', '2012-12-03 00:00:00'),
(110, 0, 'anetaper@gmail.com', NULL, '', 0, 0, NULL, 'Client', '2012-12-03 00:00:00', '2012-12-03 00:00:00'),
(111, 0, 'elean_or@hotmail.com', NULL, '', 0, 0, NULL, 'Client', '2012-12-03 00:00:00', '2012-12-03 00:00:00'),
(112, 0, 'ivan19@o2.pl', NULL, '', 0, 0, NULL, 'Client', '2012-12-06 00:00:00', '2012-12-06 00:00:00'),
(113, 0, 'kristy_skiel@hotmail.co.uk', NULL, '', 0, 0, NULL, 'Client', '2012-12-06 00:00:00', '2012-12-06 00:00:00'),
(114, 0, 'eudovich@bigpond.net.au', NULL, '', 0, 0, NULL, 'Client', '2012-12-07 00:00:00', '2012-12-07 00:00:00'),
(115, 0, 'michal_maslanka@hotmail.com', NULL, '', 0, 0, NULL, 'Client', '2012-12-10 00:00:00', '2012-12-10 00:00:00'),
(116, 0, 'skliger@bigpond.com', NULL, '', 0, 0, NULL, 'Client', '2012-12-10 00:00:00', '2012-12-10 00:00:00'),
(117, 0, 'kathrin@ymail.com', NULL, '', 0, 0, NULL, 'Client', '2012-12-10 00:00:00', '2012-12-10 00:00:00'),
(118, 0, 'dariusz.rusiecki@gmail.com', NULL, '', 0, 0, NULL, 'Client', '2012-12-12 00:00:00', '2012-12-12 00:00:00'),
(119, 0, 'trevor.ziemer61@gmail.com', NULL, '', 0, 0, NULL, 'Client', '2012-12-12 00:00:00', '2012-12-12 00:00:00'),
(120, 0, 'eviperlmutter@hotmail.com', NULL, '', 0, 0, NULL, 'Client', '2012-12-12 00:00:00', '2012-12-12 00:00:00'),
(122, 0, 'kyle.czech@live.com.au', NULL, '', 0, 0, NULL, 'Client', '2012-12-12 00:00:00', '2012-12-12 00:00:00'),
(123, 0, 'nbarclay@serviceworks.com.au', NULL, '', 0, 0, NULL, 'Client', '2012-12-12 00:00:00', '2012-12-12 00:00:00'),
(124, 0, 'jmkudelko@gmail.com', NULL, '', 0, 0, NULL, 'Client', '2012-12-13 00:00:00', '2012-12-13 00:00:00'),
(125, 0, 'hannahjwarren@hotmail.com', NULL, '', 0, 0, NULL, 'Client', '2013-01-07 00:00:00', NULL),
(129, 0, 'radywonik.alex@gmail.com', NULL, '', 0, 0, NULL, 'Client', '2013-01-07 00:00:00', NULL),
(130, 0, 'elisabethakhurst@gmail.com', NULL, '', 0, 0, NULL, 'Client', '2013-01-07 00:00:00', NULL),
(131, 0, 'monika.page@horizonpower.com.au', NULL, '', 0, 0, NULL, 'Client', '2013-01-07 00:00:00', NULL),
(132, 0, 'monika.page@horizonpower.com.au', NULL, '', 0, 0, NULL, 'Client', '2013-01-07 00:00:00', NULL),
(133, 0, 'sam@margalit.com.au', NULL, '', 0, 0, NULL, 'Client', '2013-01-07 00:00:00', NULL),
(134, 0, 'markcullen66@hotmail.com', NULL, '', 0, 0, NULL, 'Client', '2013-01-07 00:00:00', NULL),
(135, 0, 'tamara.smolinski@live.com', NULL, '', 0, 0, NULL, 'Client', '2013-01-08 00:00:00', NULL),
(136, 0, 'rina@kithbrookepark.com.au', NULL, '', 0, 0, NULL, 'Client', '2013-01-08 00:00:00', NULL),
(137, 0, 'Antonina.Pilat@bakermckenzie.com', NULL, '', 0, 0, NULL, 'Client', '2013-01-08 00:00:00', NULL),
(138, 0, 'lozburgoyne@hotmail.com', NULL, '', 0, 0, NULL, 'Client', '2013-01-08 00:00:00', NULL),
(139, 0, 'traceyreksmiss@optusnet.com.au', NULL, '', 0, 0, NULL, 'Client', '2013-01-09 00:00:00', NULL),
(140, 0, 'ben.niciak@gmail.com', NULL, '', 0, 0, NULL, 'Client', '2013-01-09 00:00:00', NULL),
(142, 0, 'leonl@westnet.com.au', NULL, '', 0, 0, NULL, 'Client', '2013-01-09 00:00:00', NULL),
(143, 0, 'markszulgit@hotmail.com', NULL, '', 0, 0, NULL, 'Client', '2013-01-09 00:00:00', NULL),
(144, 0, 'jp@squiz.net', NULL, '', 0, 0, NULL, 'Client', '2013-01-10 00:00:00', NULL),
(145, 0, 'malia.price-morris@wellsfargo.com', NULL, '', 0, 0, NULL, 'Client', '2013-01-10 00:00:00', NULL),
(146, 0, 'naomi.adamczyk@gmail.com', NULL, '', 0, 0, NULL, 'Client', '2013-01-11 00:00:00', NULL),
(147, 0, 'jduristrading@gmail.com', NULL, '', 0, 0, NULL, 'Client', '2013-01-11 00:00:00', NULL),
(148, 0, 'anorovs@gmail.com', NULL, '', 0, 0, NULL, 'Client', '2013-01-11 00:00:00', NULL),
(150, 0, 'samaraw29@gmail.com', NULL, '', 0, 0, NULL, 'Client', '2013-01-11 00:00:00', NULL),
(151, 0, 'miriamb@hotkey.net.au', NULL, '', 0, 0, NULL, 'Client', '2013-01-17 00:00:00', NULL),
(152, 0, 'newell-knespal@bigpond.com', NULL, '', 0, 0, NULL, 'Client', '2013-01-17 00:00:00', NULL),
(154, 0, 'acrgray@gmail.com', NULL, '', 0, 0, NULL, 'Client', '2013-01-17 00:00:00', NULL),
(155, 0, 'naomibatiste@hotmail.com', NULL, '', 0, 0, NULL, 'Client', '2013-01-17 00:00:00', NULL),
(156, 0, 'kozera@northnet.com.au', NULL, '', 0, 0, NULL, 'Client', '2013-01-17 00:00:00', NULL),
(157, 0, 'yolanda.loughnan@gmail.com', NULL, '', 0, 0, NULL, 'Client', '2013-01-17 00:00:00', NULL),
(158, 0, 'nathan.patrick@insearch.edu.au', NULL, '', 0, 0, NULL, 'Client', '2013-01-17 00:00:00', NULL),
(159, 0, 'patricia.e@live.se', NULL, '', 0, 0, NULL, 'Client', '2013-01-17 00:00:00', NULL),
(160, 0, 'eva.krystoff@alliancebernstein.com', NULL, '', 0, 0, NULL, 'Client', '2013-01-18 00:00:00', NULL),
(161, 0, 'paulatudek@gmail.com', NULL, '', 0, 0, NULL, 'Client', '2013-01-18 00:00:00', NULL),
(162, 0, 'ipitythefool101@gmail.com', NULL, '', 0, 0, NULL, 'Client', '2013-01-18 00:00:00', NULL),
(163, 0, 'mer1989@bigpond.com', NULL, '', 0, 0, NULL, 'Client', '2013-01-18 00:00:00', NULL),
(164, 0, 'mark.sam@iinet.net.au', NULL, '', 0, 0, NULL, 'Client', '2013-01-18 00:00:00', NULL),
(165, 0, 'skewart@bigpond.com', NULL, '', 0, 0, NULL, 'Client', '2013-01-18 00:00:00', NULL),
(166, 0, 'kk_magna@bigpond.com', NULL, '', 0, 0, NULL, 'Client', '2013-01-18 00:00:00', NULL),
(167, 0, 'stefan.zasiadczyk@deewr.gov.au', NULL, '', 0, 0, NULL, 'Client', '2013-01-18 00:00:00', '2013-03-08 00:00:00'),
(168, 0, 'szadyj@transfieldservices.com', NULL, '', 0, 0, NULL, 'Client', '2013-01-18 00:00:00', NULL),
(169, 0, 'benjamingrady@hotmail.com', NULL, '', 0, 0, NULL, 'Client', '2013-01-18 00:00:00', NULL),
(170, 0, 'earanee.n@gmail.com', NULL, '', 0, 0, NULL, 'Client', '2013-01-18 00:00:00', NULL),
(171, 0, 'shane.rafanowicz@gmail.com', NULL, '', 0, 0, NULL, 'Client', '2013-01-18 00:00:00', NULL),
(172, 0, 'haniajoy@gmail.com', NULL, '', 0, 0, NULL, 'Client', '2013-01-21 00:00:00', NULL),
(173, 0, 'ge.reynolds@optusnet.com.au', NULL, '', 0, 0, NULL, 'Client', '2013-01-21 00:00:00', NULL),
(174, 0, 'izabela.nowakowska@mail.com', NULL, '', 0, 0, NULL, 'Client', '2013-01-21 00:00:00', NULL),
(175, 0, 'mmatheson3@hotmail.com', NULL, '', 0, 0, NULL, 'Client', '2013-01-21 00:00:00', NULL),
(176, 0, 'c.dziuba@hotmail.com', NULL, '', 0, 0, NULL, 'Client', '2013-01-21 00:00:00', NULL),
(177, 0, 'celestek3@yahoo.com', NULL, '', 0, 0, NULL, 'Client', '2013-01-22 00:00:00', NULL),
(178, 0, 'tessalexandraschlink@hotmail.com', NULL, '', 0, 0, NULL, 'Client', '2013-01-22 00:00:00', NULL),
(179, 0, 'madeline_helena@hotmail.com', NULL, '', 0, 0, NULL, 'Client', '2013-01-22 00:00:00', NULL),
(180, 0, 'jmmasternak@gmail.com', NULL, '', 0, 0, NULL, 'Client', '2013-01-23 00:00:00', NULL),
(181, 0, 'elliot.wasniewski@live.com', NULL, '', 0, 0, NULL, 'Client', '2013-01-23 00:00:00', NULL),
(182, 0, 'rob.frankow@blueyonder.co.uk', NULL, '', 0, 0, NULL, 'Client', '2013-01-23 00:00:00', NULL),
(183, 0, 'alekskornel@hotmail.com', NULL, '', 0, 0, NULL, 'Client', '2013-01-24 00:00:00', NULL),
(184, 0, 'peter.chesterfield@mcarthur.com.au', NULL, '', 0, 0, NULL, 'Client', '2013-01-25 00:00:00', NULL),
(185, 0, 'michelle.korycin@hotmail.com', NULL, '', 0, 0, NULL, 'Client', '2013-01-25 00:00:00', '2013-03-08 00:00:00'),
(186, 0, 'brandell-deptula@hotmail.com', NULL, '', 0, 0, NULL, 'Client', '2013-01-29 00:00:00', NULL),
(187, 0, 'evagory@gmail.com', NULL, '', 0, 0, NULL, 'Client', '2013-01-29 00:00:00', NULL),
(188, 0, 'christyna.kruczaj@cosmeditour.com', NULL, '', 0, 0, NULL, 'Client', '2013-01-29 00:00:00', NULL),
(189, 0, 'danielpowiecki@hotmail.com', NULL, '', 0, 0, NULL, 'Client', '2013-01-29 00:00:00', NULL),
(190, 0, 'zevon01@hotmail.com', NULL, '', 0, 0, NULL, 'Client', '2013-01-29 00:00:00', NULL),
(191, 0, 'marama.whyte@gmail.com', NULL, '', 0, 0, NULL, 'Client', '2013-01-29 00:00:00', NULL),
(192, 0, 'bex@pobox.com', NULL, '', 0, 0, NULL, 'Client', '2013-01-29 00:00:00', NULL),
(193, 0, 'jeffreysbender1@gmail.com', NULL, '', 0, 0, NULL, 'Client', '2013-01-30 00:00:00', NULL),
(194, 0, 'd_pipczak@yahoo.com.au', NULL, '', 0, 0, NULL, 'Client', '2013-01-31 00:00:00', NULL),
(196, 0, 'oliviap@showbiz.com.au', NULL, '', 0, 0, NULL, 'Client', '2013-01-31 00:00:00', NULL),
(197, 0, 'jocelyn.fantasia@gmail.com', NULL, '', 0, 0, NULL, 'Client', '2013-02-01 00:00:00', NULL),
(201, 0, 'trecky1992@live.com', NULL, '', 0, 0, NULL, 'Client', '2013-02-01 00:00:00', NULL),
(202, 0, 'heydavewinter@gmail.com', NULL, '', 0, 0, NULL, 'Client', '2013-02-01 00:00:00', NULL),
(207, 0, 'adela@wunderkind.comau', NULL, '', 0, 0, NULL, 'Client', '2013-02-05 00:00:00', NULL),
(208, 0, 'mills_tom@hotmail.com', NULL, '', 0, 0, NULL, 'Client', '2013-02-05 00:00:00', NULL),
(209, 0, 'simonolenski@gmailcom', NULL, '', 0, 0, NULL, 'Client', '2013-02-05 00:00:00', NULL),
(211, 0, 'juz.cohen@gmail.com', NULL, '', 0, 0, NULL, 'Client', '2013-02-05 00:00:00', NULL),
(213, 0, NULL, NULL, '', 0, 0, NULL, 'Client', '2013-02-05 00:00:00', NULL),
(215, 0, 'stan_kucharski@hotmail.com', NULL, '', 0, 0, NULL, 'Client', '2013-02-05 00:00:00', NULL),
(216, 0, 'lynette@zalcberg.com.au', NULL, '', 0, 0, NULL, 'Client', '2013-02-05 00:00:00', '2013-03-08 00:00:00'),
(217, 0, 'raybusch@gmail.com', NULL, '', 0, 0, NULL, 'Client', '2013-02-05 00:00:00', NULL),
(218, 0, 'info@beataenglish.com', NULL, '', 0, 0, NULL, 'Client', '2013-02-06 00:00:00', NULL),
(219, 0, 'miriambalsam@gmail.com', NULL, '', 0, 0, NULL, 'Client', '2013-02-06 00:00:00', NULL),
(221, 0, 'gideon.katz@hotmail.com', NULL, '', 0, 0, NULL, 'Client', '2013-02-06 00:00:00', NULL),
(223, 0, 'gptski@gmail.com', NULL, '', 0, 0, NULL, 'Client', '2013-02-06 00:00:00', NULL),
(224, 0, 'jeremy.hoptowit@gmail.com', NULL, '', 0, 0, NULL, 'Client', '2013-02-06 00:00:00', NULL),
(225, 0, 'melanielaurenjohnston@gmail.com', NULL, '', 0, 0, NULL, 'Client', '2013-02-06 00:00:00', NULL),
(226, 0, 'wakka2079@hotmail.com', NULL, '', 0, 0, NULL, 'Client', '2013-02-06 00:00:00', NULL),
(228, 0, 'fjohnston@trebnet.com', NULL, '', 0, 0, NULL, 'Client', '2013-02-06 00:00:00', NULL),
(230, 0, 'bszyfer@gmail.com', NULL, '', 0, 0, NULL, 'Client', '2013-02-06 00:00:00', NULL),
(231, 0, 'miz_zoe@hotmail.com', NULL, '', 0, 0, NULL, 'Client', '2013-02-06 00:00:00', NULL),
(232, 0, 'n/a - liaising via Bon Szyfer', NULL, '', 0, 0, NULL, 'Client', '2013-02-06 00:00:00', NULL),
(233, 0, 'n/a, all communication via Bon', NULL, '', 0, 0, NULL, 'Client', '2013-02-06 00:00:00', NULL),
(234, 0, NULL, NULL, '', 0, 0, NULL, 'Client', '2013-02-07 00:00:00', NULL),
(236, 0, NULL, NULL, '', 0, 0, NULL, 'Client', '2013-02-07 00:00:00', '2013-03-15 00:00:00'),
(237, 0, NULL, NULL, '', 0, 0, NULL, 'Client', '2013-02-07 00:00:00', NULL),
(239, 0, 'bradleyfivee@yahoo.com', NULL, '', 0, 0, NULL, 'Client', '2013-02-07 00:00:00', NULL),
(240, 0, 'illyk86@gmail.com', NULL, '', 0, 0, NULL, 'Client', '2013-02-07 00:00:00', NULL),
(241, 0, 'patryk.marach@icloud.com', NULL, '', 0, 0, NULL, 'Client', '2013-02-07 00:00:00', NULL),
(242, 0, 'jules.once@gmail.com', NULL, '', 0, 0, NULL, 'Client', '2013-02-07 00:00:00', NULL),
(243, 0, 'cassandramcmanus@hotmail.com', NULL, '', 0, 0, NULL, 'Client', '2013-02-07 00:00:00', NULL),
(244, 0, 'udcbht@gmail.com', NULL, '', 0, 0, NULL, 'Client', '2013-02-07 00:00:00', NULL),
(245, 0, 'yehuda@fishkind.org', NULL, '', 0, 0, NULL, 'Client', '2013-02-07 00:00:00', '2013-03-14 00:00:00'),
(246, 0, 'esdftom@gmail.com', NULL, '', 0, 0, NULL, 'Client', '2013-02-07 00:00:00', NULL),
(247, 0, 'benjozefiak@gmail.com', NULL, '', 0, 0, NULL, 'Client', '2013-02-04 00:00:00', NULL),
(248, 0, 'joseph.kozera@gmail.com', NULL, '', 0, 0, NULL, 'Client', '2013-02-07 00:00:00', NULL),
(249, 0, 'emily.kozera@hotmail.com', NULL, '', 0, 0, NULL, 'Client', '2013-02-07 00:00:00', NULL),
(250, 0, NULL, NULL, '', 0, 0, NULL, 'Client', '2013-02-07 00:00:00', NULL),
(251, 0, NULL, NULL, '', 0, 0, NULL, 'Client', '2013-02-07 00:00:00', NULL),
(252, 0, 'myer@amalgadent.com.au', NULL, '', 0, 0, NULL, 'Client', '2013-02-07 00:00:00', NULL),
(253, 0, 'harry.bryce@vu.edu.au', NULL, '', 0, 0, NULL, 'Client', '2013-02-07 00:00:00', NULL),
(255, 0, NULL, NULL, '', 0, 0, NULL, 'Client', '2013-02-08 00:00:00', NULL),
(256, 0, 'tokicat@gmail.com', NULL, '', 0, 0, NULL, 'Client', '2013-02-08 00:00:00', NULL),
(259, 0, 'kozfour@hotmail.ca', NULL, '', 0, 0, NULL, 'Client', '2013-02-08 00:00:00', NULL),
(260, 0, 'ssolywoda@hotmail.com', NULL, '', 0, 0, NULL, 'Client', '2013-02-08 00:00:00', '2013-03-08 00:00:00'),
(261, 0, 'natalie220988@gmail.com', NULL, '', 0, 0, NULL, 'Client', '2013-02-08 00:00:00', NULL),
(262, 0, 'woytek21@gmail.com', NULL, '', 0, 0, NULL, 'Client', '2013-02-08 00:00:00', NULL),
(263, 0, 'mwtrain@powerup.com.au', NULL, '', 0, 0, NULL, 'Client', '2013-02-08 00:00:00', NULL),
(264, 0, NULL, NULL, '', 0, 0, NULL, 'Client', '2013-02-08 00:00:00', NULL),
(265, 0, 'timoznobyshyn@me.com', NULL, '', 0, 0, NULL, 'Client', '2013-02-08 00:00:00', NULL),
(266, 0, NULL, NULL, '', 0, 0, NULL, 'Client', '2013-02-08 00:00:00', NULL),
(267, 0, 'yvette.zegenhagen@gmail.com', NULL, '', 0, 0, NULL, 'Client', '2013-02-08 00:00:00', NULL),
(268, 0, NULL, NULL, '', 0, 0, NULL, 'Client', '2013-02-08 00:00:00', NULL),
(269, 0, NULL, NULL, '', 0, 0, NULL, 'Client', '2013-02-08 00:00:00', NULL),
(271, 0, NULL, NULL, '', 0, 0, NULL, 'Client', '2013-02-10 00:00:00', NULL),
(272, 0, 'suzanne.adler@gmail.com', NULL, '', 0, 0, NULL, 'Client', '2013-02-10 00:00:00', NULL),
(273, 0, 'avoland@bigpond.com.au', NULL, '', 0, 0, NULL, 'Client', '2013-02-10 00:00:00', NULL),
(274, 0, 'katebidwell@hotmail.com', NULL, '', 0, 0, NULL, 'Client', '2013-02-10 00:00:00', NULL),
(275, 0, 'stillwaters@live.com', NULL, '', 0, 0, NULL, 'Client', '2013-02-10 00:00:00', NULL),
(276, 0, 'monskib@hotmail.com', NULL, '', 0, 0, NULL, 'Client', '2013-02-10 00:00:00', '2013-03-08 00:00:00'),
(277, 0, 'bkarpeta@westpac.com.au', NULL, '', 0, 0, NULL, 'Client', '2013-02-10 00:00:00', NULL),
(279, 0, 'bobykas@hotmail.com', NULL, '', 0, 0, NULL, 'Client', '2013-02-10 00:00:00', NULL),
(280, 0, NULL, NULL, '', 0, 0, NULL, 'Client', '2013-02-11 00:00:00', NULL),
(281, 0, NULL, NULL, '', 0, 0, NULL, 'Client', '2013-02-11 00:00:00', NULL),
(282, 0, NULL, NULL, '', 0, 0, NULL, 'Client', '2013-02-11 00:00:00', NULL),
(283, 0, 'kat258@hotmail.com', NULL, '', 0, 0, NULL, 'Client', '2013-02-11 00:00:00', NULL),
(284, 0, 'rob@gm.com', NULL, '', 0, 0, NULL, 'Client', '2013-02-11 00:00:00', NULL),
(285, 0, 'christopherkabala@peoplepc.com', NULL, '', 0, 0, NULL, 'Client', '2013-02-11 00:00:00', NULL),
(286, 0, 'krukem@gmail.com', NULL, '', 0, 0, NULL, 'Client', '2013-02-11 00:00:00', NULL),
(287, 0, 'peter.morgan@ymail.com', NULL, '', 0, 0, NULL, 'Client', '2013-02-11 00:00:00', NULL),
(288, 0, 'bdrezner@hlbwa.com.au', NULL, '', 0, 0, NULL, 'Client', '2013-02-11 00:00:00', NULL),
(289, 0, 'bdrezner@hlbwa.com.au', NULL, '', 0, 0, NULL, 'Client', '2013-02-11 00:00:00', NULL),
(290, 0, 'bdrezner@hlbwa.com.au', NULL, '', 0, 0, NULL, 'Client', '2013-02-11 00:00:00', NULL),
(291, 0, 'sallyrobin18@yahoo.com', NULL, '', 0, 0, NULL, 'Client', '2013-02-11 00:00:00', NULL),
(292, 0, 'patphayes@hotmail.com', NULL, '', 0, 0, NULL, 'Client', '2013-02-11 00:00:00', NULL),
(293, 0, 'leslie.bee@me.com', NULL, '', 0, 0, NULL, 'Client', '2013-02-11 00:00:00', NULL),
(295, 0, 'jasmine-dwyer@hotmail.com', NULL, '', 0, 0, NULL, 'Client', '2013-02-12 00:00:00', NULL),
(296, 0, 'julian_wozniak@optusnet.com.au', NULL, '', 0, 0, NULL, 'Client', '2013-02-12 00:00:00', NULL),
(297, 0, 'angeladavey81@hotmail.com', NULL, '', 0, 0, NULL, 'Client', '2013-02-12 00:00:00', NULL),
(298, 0, 'hkempler@gmail.com', NULL, '', 0, 0, NULL, 'Client', '2013-02-12 00:00:00', NULL),
(299, 0, NULL, NULL, '', 0, 0, NULL, 'Client', '2013-02-12 00:00:00', NULL),
(300, 0, NULL, NULL, '', 0, 0, NULL, 'Client', '2013-02-13 00:00:00', NULL),
(301, 0, 'diana.m.125@gmail.com', NULL, '', 0, 0, NULL, 'Client', '2013-02-14 00:00:00', NULL),
(302, 0, 'cocoshel@hotmail.com.au', NULL, '', 0, 0, NULL, 'Client', '2013-02-14 00:00:00', NULL),
(305, 0, 'josh_slu@me.com', NULL, '', 0, 0, NULL, 'Client', '2013-02-14 00:00:00', NULL),
(308, 0, 'ral401@rogers.com', NULL, '', 0, 0, NULL, 'Client', '2013-02-14 00:00:00', NULL),
(310, 0, 'bender@monash.edu', NULL, '', 0, 0, NULL, 'Client', '2013-02-14 00:00:00', NULL),
(312, 0, 'anka.cyganka@hotmail.com', NULL, '', 0, 0, NULL, 'Client', '2013-02-15 00:00:00', NULL),
(313, 0, NULL, NULL, '', 0, 0, NULL, 'Client', '2013-02-15 00:00:00', NULL),
(314, 0, 'simone.a.turner@gmail.com', NULL, '', 0, 0, NULL, 'Client', '2013-02-18 00:00:00', NULL),
(315, 0, 'nickolasplummer@bigpond.com', NULL, '', 0, 0, NULL, 'Client', '2013-02-19 00:00:00', NULL),
(317, 0, 'jrlewczuk@gmail.com', NULL, '', 0, 0, NULL, 'Client', '2013-02-19 00:00:00', NULL),
(318, 0, 'henrynina@mooloolabarealestate.com.au', NULL, '', 0, 0, NULL, 'Client', '2013-02-19 00:00:00', NULL),
(319, 0, 'jagiello.ms@gmail.com', NULL, '', 0, 0, NULL, 'Client', '2013-02-19 00:00:00', NULL),
(320, 0, 'tessbd@hotmail.com', NULL, '', 0, 0, NULL, 'Client', '2013-02-19 00:00:00', NULL),
(321, 0, 'adekel1@optusnet.com.au', NULL, '', 0, 0, NULL, 'Client', '2013-02-19 00:00:00', NULL),
(322, 0, 'ezmay28@hotmail.com', NULL, '', 0, 0, NULL, 'Client', '2013-02-19 00:00:00', NULL),
(323, 0, 'witkowskip@theweeklytimes.com.au', NULL, '', 0, 0, NULL, 'Client', '2013-02-19 00:00:00', NULL),
(324, 0, 'eviperlmutter@hotmail.com', NULL, '', 0, 0, NULL, 'Client', '2013-02-20 00:00:00', NULL),
(325, 0, 'robertlittlejohn@bigpond.com', NULL, '', 0, 0, NULL, 'Client', '2013-02-20 00:00:00', NULL),
(328, 0, NULL, NULL, '', 0, 0, NULL, 'Client', '2013-02-21 00:00:00', NULL),
(331, 0, 'samantha_bielanski@hotmail.com', NULL, '', 0, 0, NULL, 'Client', '2013-02-21 00:00:00', NULL),
(332, 0, 'donaldsonjm@yahoo.com.au', NULL, '', 0, 0, NULL, 'Client', '2013-02-21 00:00:00', NULL),
(333, 0, 'matt@synthesisproductions.com', NULL, '', 0, 0, NULL, 'Client', '2013-02-21 00:00:00', NULL),
(334, 0, 'frank.kurzel@unisa.edu.au', NULL, '', 0, 0, NULL, 'Client', '2013-02-21 00:00:00', NULL),
(335, 0, 'hj_jenice@live.com.au', NULL, '', 0, 0, NULL, 'Client', '2013-02-21 00:00:00', NULL),
(336, 0, 'gcharny@wolseleycorporate.com', NULL, '', 0, 0, NULL, 'Client', '2013-02-21 00:00:00', NULL),
(337, 0, 'lisa.dibbs@mater.org.au', NULL, '', 0, 0, NULL, 'Client', '2013-02-21 00:00:00', NULL),
(338, 0, 'mdpucilowski@gmail.com', NULL, '', 0, 0, NULL, 'Client', '2013-02-21 00:00:00', NULL),
(340, 0, 'andeepollard@gmail.com', NULL, '', 0, 0, NULL, 'Client', '2013-02-21 00:00:00', NULL),
(341, 0, 'ana@fernandezdeaguirre.com', NULL, '', 0, 0, NULL, 'Client', '2013-02-21 00:00:00', NULL),
(342, 0, 'sophie_tymerski@hotmail.com', NULL, '', 0, 0, NULL, 'Client', '2013-02-21 00:00:00', NULL),
(343, 0, 'caroashford@hotmail.com', NULL, '', 0, 0, NULL, 'Client', '2013-02-21 00:00:00', NULL),
(344, 0, 'david@acli.com.au', NULL, '', 0, 0, NULL, 'Client', '2013-02-21 00:00:00', NULL),
(345, 0, 'learose_b@bigpond.com', NULL, '', 0, 0, NULL, 'Client', '2013-02-21 00:00:00', NULL),
(346, 0, 'georgielab2@hotmail.com', NULL, '', 0, 0, NULL, 'Client', '2012-03-21 00:00:00', NULL),
(347, 0, NULL, NULL, '', 0, 0, NULL, 'Client', '2012-03-22 00:00:00', NULL),
(348, 0, 'jrdejean1@yahoo.com', NULL, '', 0, 0, NULL, 'Client', '2013-02-22 00:00:00', NULL),
(349, 0, NULL, NULL, '', 0, 0, NULL, 'Client', '2013-02-22 00:00:00', NULL),
(350, 0, 'ljsliw@gmail.com', NULL, '', 0, 0, NULL, 'Client', '2013-02-25 00:00:00', NULL),
(351, 0, 'paul@mobilityplus.com.au', NULL, '', 0, 0, NULL, 'Client', '2013-02-25 00:00:00', NULL),
(352, 0, 'rowse@netspace.net.au', NULL, '', 0, 0, NULL, 'Client', '2013-02-25 00:00:00', NULL),
(353, 0, 'tjkwasnica@hotmail.com.au', NULL, '', 0, 0, NULL, 'Client', '2013-02-25 00:00:00', NULL),
(354, 0, 'ziel10015@flinders.edu.au', NULL, '', 0, 0, NULL, 'Client', '2013-02-26 00:00:00', NULL),
(355, 0, 'scttgldsmth@gmail.com', NULL, '', 0, 0, NULL, 'Client', '2013-02-26 00:00:00', NULL),
(356, 0, 'jamestraveller@yahoo.com.au', NULL, '', 0, 0, NULL, 'Client', '2013-02-26 00:00:00', NULL),
(357, 0, 'einheibl@gmail.com', NULL, '', 0, 0, NULL, 'Client', '2013-02-26 00:00:00', NULL),
(358, 0, 'bgelberg@hothamtax.com', NULL, '', 0, 0, NULL, 'Client', '2013-02-26 00:00:00', NULL),
(359, 0, 'luckysprite@gmail.com', NULL, '', 0, 0, NULL, 'Client', '2013-02-27 00:00:00', NULL),
(361, 0, 'banana@gmail.com', NULL, '', 0, 0, NULL, 'Client', '2013-02-27 00:00:00', NULL),
(362, 0, 'smitty_94@live.com', NULL, '', 0, 0, NULL, 'Client', '2013-02-27 00:00:00', NULL),
(364, 0, 'trishan_ryan@hotmail.com', NULL, '', 0, 0, NULL, 'Client', '2013-02-28 00:00:00', NULL),
(365, 0, 'jennifer.nadwodny@gmail.com', NULL, '', 0, 0, NULL, 'Client', '2013-02-28 00:00:00', NULL),
(366, 0, NULL, NULL, '', 0, 0, NULL, 'Client', '2013-02-28 00:00:00', NULL),
(367, 0, NULL, NULL, '', 0, 0, NULL, 'Client', '2013-02-28 00:00:00', NULL),
(368, 0, NULL, NULL, '', 0, 0, NULL, 'Client', '2013-02-28 00:00:00', NULL),
(369, 0, 'jonts85@hotmail.com', NULL, '', 0, 0, NULL, 'Client', '2013-02-28 00:00:00', NULL),
(374, 0, 's.andra.k@hotmail.com', NULL, '', 0, 0, NULL, 'Client', '2013-02-28 00:00:00', NULL),
(376, 0, 'alex.moodie@gmail.com', NULL, '', 0, 0, NULL, 'Client', '2013-02-28 00:00:00', NULL),
(377, 0, 'leithpoulsen@hotmail.com', NULL, '', 0, 0, NULL, 'Client', '2013-03-01 00:00:00', NULL),
(378, 0, 'gabrielle.ward@neostrada.pl', NULL, '', 0, 0, NULL, 'Client', '2013-03-01 00:00:00', NULL),
(379, 0, 'paul@comtek.co.uk', NULL, '', 0, 0, NULL, 'Client', '2013-03-01 00:00:00', NULL),
(381, 0, 'ken_madej@hotmail.com / ken.madej@anu.edu.au', NULL, '', 0, 0, NULL, 'Client', '2013-03-01 00:00:00', NULL),
(382, 0, 'diegogrun@yahoo.com', NULL, '', 0, 0, NULL, 'Client', '2013-03-01 00:00:00', NULL),
(386, 0, NULL, NULL, '', 0, 0, NULL, 'Client', '2013-03-04 00:00:00', NULL),
(387, 0, NULL, NULL, '', 0, 0, NULL, 'Client', '2013-03-04 00:00:00', NULL),
(388, 0, NULL, NULL, '', 0, 0, NULL, 'Client', '2013-03-04 00:00:00', NULL),
(390, 0, 'justin.ridgeway@whittlesea.vic.gov.au', NULL, '', 0, 0, NULL, 'Client', '2013-03-04 00:00:00', NULL),
(393, 0, 'jaymzxyz@hotmail.com, jamesmathers@live.com.au', NULL, '', 0, 0, NULL, 'Client', '2013-03-04 00:00:00', NULL),
(394, 0, 'ivan@yourpharmacy.com.au', NULL, '', 0, 0, NULL, 'Client', '2013-03-05 00:00:00', NULL),
(395, 0, 'danielle.fisher@scu.edu.au', NULL, '', 0, 0, NULL, 'Client', '2013-03-05 00:00:00', NULL),
(396, 0, 'sm.tm@live.com.au', NULL, '', 0, 0, NULL, 'Client', '2013-03-05 00:00:00', '2013-03-08 00:00:00'),
(397, 0, 'bamcram@hushmail.com', NULL, '', 0, 0, NULL, 'Client', '2013-03-05 00:00:00', NULL),
(398, 0, 'edna.k@optusnet.com.au', NULL, '', 0, 0, NULL, 'Client', '2013-03-05 00:00:00', NULL),
(400, 0, 'svell13@eq.edu.au', NULL, '', 0, 0, NULL, 'Client', '2013-03-05 00:00:00', NULL),
(401, 0, 'cassandrapeszko@hotmail.com', NULL, '', 0, 0, NULL, 'Client', '2013-03-05 00:00:00', NULL),
(402, 0, 'bsmorgan@gmail.com', NULL, '', 0, 0, NULL, 'Client', '2013-03-06 00:00:00', NULL),
(403, 0, 'denisecoffey62@gmail.com', NULL, '', 0, 0, NULL, 'Client', '2013-03-06 00:00:00', NULL),
(405, 0, 'hjaworski@hotmail.com', NULL, '', 0, 0, NULL, 'Client', '2013-03-06 00:00:00', NULL),
(407, 0, 'simonlewicki@me.com', NULL, '', 0, 0, NULL, 'Client', '2013-03-06 00:00:00', NULL),
(408, 0, 'shelleyliana@gmail.com', NULL, '', 0, 0, NULL, 'Client', '2013-03-07 00:00:00', NULL),
(409, 0, 'nathan.jelonek@bigpond.com', NULL, '', 0, 0, NULL, 'Client', '2013-03-07 00:00:00', NULL),
(412, 0, 'anna.kohut007@gmail.com', NULL, '', 0, 0, NULL, 'Client', '2013-03-07 00:00:00', '2013-03-08 00:00:00'),
(414, 0, 'mnzajd@gmail.com', NULL, '', 0, 0, NULL, 'Client', '2013-04-07 00:00:00', '2013-03-08 00:00:00'),
(415, 0, NULL, NULL, '', 0, 0, NULL, 'Client', '2013-04-07 00:00:00', '2013-03-08 00:00:00'),
(416, 0, NULL, NULL, '', 0, 0, NULL, 'Client', '2013-04-07 00:00:00', '2013-03-08 00:00:00'),
(417, 0, NULL, NULL, '', 0, 0, NULL, 'Client', '2013-04-07 00:00:00', '2013-03-08 00:00:00'),
(418, 0, 'genevieve.wessels@hotmail.com', NULL, '', 0, 0, NULL, 'Client', '2013-04-07 00:00:00', '2013-03-08 00:00:00'),
(419, 0, 'star_angel7777@hotmail.com', NULL, '', 0, 0, NULL, 'Client', '2013-04-07 00:00:00', '2013-03-08 00:00:00'),
(420, 0, 'd', 'd27d98a9aa85e151b219ae615f0e678db6d85ddb', '', 0, 0, NULL, 'Client', '2013-08-25 12:35:41', '2013-08-25 12:35:41'),
(421, 0, 'd', 'd27d98a9aa85e151b219ae615f0e678db6d85ddb', '', 0, 0, NULL, 'Client', '2013-08-26 03:16:56', '2013-08-26 03:16:56'),
(422, 0, 'v', '21456ff06d8b6c400088af67cec5f38d57ce93ab', '', 0, 0, NULL, 'Client', '2013-08-26 11:13:51', '2013-08-26 11:13:51'),
(423, 0, 'fm', 'f74ea5ebead02a5d92e1b4e296a49cf131796fd7', '', 0, 0, NULL, 'Employee', '2013-08-26 11:48:08', '2013-08-26 11:48:08'),
(424, 0, 'fam', '62183d3a4eee9dbfb43bbabb38597978f5d69336', '', 0, 0, NULL, 'Client', '2013-08-26 12:19:27', '2013-08-26 12:19:27'),
(425, 0, 'jwgre2', '59b280a385cc11f91e11fc36bd01521980a87466', '', 0, 0, NULL, 'Employee', '2013-08-26 12:28:43', '2013-08-26 12:28:43'),
(426, 0, 'aa', '4a78f9a60ab3dfa5b3c1296da28fd9e91fae8ae8', '', 0, 0, NULL, 'Employee', '2013-08-26 21:18:03', '2013-08-26 21:18:03'),
(427, 0, 'tt', '78ddf86d947d701a0edb385268984c0aea6b45c3', '', 0, 0, NULL, 'Client', '2013-08-26 22:12:06', '2013-08-26 22:12:06'),
(428, 0, 'g', '44315a6685a7a2d27f33705dc8ea25b40dc67f31', '', 0, 0, NULL, 'Client', '2013-08-27 00:14:26', '2013-08-27 00:14:26'),
(429, 0, 'info@polaron.com.au', 'bdf11f29d3f32dab3fde1cb06f924761ed5a152e', '', 0, 0, NULL, 'Client', '2013-08-27 00:31:37', '2013-08-27 00:31:37'),
(430, 0, 'd', 'f642216a862a2875e9d64796541784200ae8eb8a', '', 0, 0, NULL, 'Client', '2013-08-27 00:38:21', '2013-08-27 00:38:21'),
(431, 0, 'Bob', '6856f0bca1410bb555dfee7bff09fbe2d7b92936', '', 0, 0, NULL, 'Client', '2013-08-27 03:41:50', '2013-08-27 03:41:50'),
(432, 0, '', 'f642216a862a2875e9d64796541784200ae8eb8a', '', 0, 0, NULL, 'Client', '2013-08-27 05:46:00', '2013-08-27 05:46:00'),
(433, 0, 'd', 'd27d98a9aa85e151b219ae615f0e678db6d85ddb', '', 0, 0, NULL, 'Client', '2013-08-28 02:28:15', '2013-08-28 02:28:15'),
(434, 0, 'f', 'cb6d7fa1fa94f490e62a55ca70c43768d16cbdb3', '', 0, 0, NULL, 'Client', '2013-08-28 02:31:54', '2013-08-28 02:31:54'),
(435, 0, 'r', '29c0696970288c644f3b6a88aa4485035501360a', '', 0, 0, NULL, 'Client', '2013-08-28 02:51:35', '2013-08-28 02:51:35'),
(436, 0, 'r', 'f642216a862a2875e9d64796541784200ae8eb8a', '', 0, 0, NULL, 'Client', '2013-08-28 02:52:40', '2013-08-28 02:52:40'),
(437, 0, 't', '029950bd0d4cebaef2eee5880afb330ebc4eb4c9', '', 0, 0, NULL, 'Client', '2013-08-28 02:56:31', '2013-08-28 02:56:31'),
(438, 0, 'fm', 'f74ea5ebead02a5d92e1b4e296a49cf131796fd7', '', 0, 0, NULL, 'Employee', '2013-08-28 12:27:46', '2013-08-28 12:27:46'),
(439, 0, '', 'f642216a862a2875e9d64796541784200ae8eb8a', '', 0, 0, NULL, 'Client', '2013-08-30 00:19:12', '2013-08-30 00:19:12'),
(440, 0, 'sstaff', '45ce4c835c6b74b3d56b2ac8381c3ec6bfaccfb8', '', 0, 0, NULL, 'Employee', '2013-09-05 23:59:09', '2013-09-05 23:59:09'),
(442, 1, 'polarontest@gmail.com', 'caaff8dc88742276bd6a71a6f976772d', '61b2e362dce99e815ae6060d850d1bff', 1, 1, NULL, 'Client', '2013-09-10 03:30:03', '2013-09-10 03:30:03'),
(443, 0, 'rob@gmail.com', 'robert', '', 0, 0, NULL, 'Client', '2013-09-17 00:42:01', '2013-09-17 00:42:01'),
(444, 2, 'ablake@gmail.com', 'b6a3f667d42b49e6b12ece8d0e9c5084', 'f2c37eddae5ae77205a7bcc84b50557c', 1, 1, '127.0.0.1', 'Client', '2013-09-17 01:24:40', '2013-09-17 01:24:40');

-- --------------------------------------------------------

--
-- Table structure for table `user_groups`
--

CREATE TABLE IF NOT EXISTS `user_groups` (
  `id` int(11) NOT NULL AUTO_INCREMENT,
  `name` varchar(100) DEFAULT NULL,
  `alias_name` varchar(100) DEFAULT NULL,
  `allowRegistration` int(1) NOT NULL DEFAULT '1',
  `created` datetime DEFAULT NULL,
  `modified` datetime DEFAULT NULL,
  PRIMARY KEY (`id`)
) ENGINE=InnoDB  DEFAULT CHARSET=latin1 AUTO_INCREMENT=12 ;

--
-- Dumping data for table `user_groups`
--

INSERT INTO `user_groups` (`id`, `name`, `alias_name`, `allowRegistration`, `created`, `modified`) VALUES
(1, 'Admin', 'Admin', 0, '2013-09-09 13:02:51', '2013-09-09 13:02:51'),
(2, 'User', 'User', 1, '2013-09-09 13:02:51', '2013-09-09 13:02:51'),
(3, 'Guest', 'Guest', 0, '2013-09-09 13:02:51', '2013-09-09 13:02:51'),
(4, 'CEO', 'CEO', 1, '2013-09-17 02:34:45', '2013-09-17 02:34:45'),
(5, 'Operations Manager', 'Operations_Manager', 1, '2013-09-17 02:35:00', '2013-09-17 02:35:00'),
(6, 'Business Manager', 'Business_Manager', 1, '2013-09-17 02:35:08', '2013-09-17 02:35:08'),
(7, 'Researcher', 'Researcher', 1, '2013-09-17 02:35:13', '2013-09-17 02:35:13'),
(8, 'Research Assistant', 'Research_Assistant', 1, '2013-09-17 02:35:21', '2013-09-17 02:35:21'),
(9, 'Researcher in Poland', 'Researcher_in_Poland', 1, '2013-09-17 02:35:52', '2013-09-17 02:35:52'),
(10, 'Translator in Poland', 'Translator_in_Poland', 1, '2013-09-17 02:36:08', '2013-09-17 02:36:08'),
(11, 'Read-only', 'Read-only', 1, '2013-09-17 02:36:12', '2013-09-17 02:36:12');

-- --------------------------------------------------------

--
-- Table structure for table `user_group_permissions`
--

CREATE TABLE IF NOT EXISTS `user_group_permissions` (
  `id` int(10) unsigned NOT NULL AUTO_INCREMENT,
  `user_group_id` int(10) unsigned NOT NULL,
  `controller` varchar(50) CHARACTER SET latin1 COLLATE latin1_general_ci NOT NULL,
  `action` varchar(100) CHARACTER SET latin1 COLLATE latin1_general_ci NOT NULL,
  `allowed` tinyint(1) unsigned NOT NULL DEFAULT '1',
  PRIMARY KEY (`id`)
) ENGINE=InnoDB  DEFAULT CHARSET=latin1 AUTO_INCREMENT=97 ;

--
-- Dumping data for table `user_group_permissions`
--

INSERT INTO `user_group_permissions` (`id`, `user_group_id`, `controller`, `action`, `allowed`) VALUES
(1, 1, 'Pages', 'display', 1),
(2, 2, 'Pages', 'display', 1),
(3, 3, 'Pages', 'display', 1),
(4, 1, 'UserGroupPermissions', 'index', 1),
(5, 2, 'UserGroupPermissions', 'index', 0),
(6, 3, 'UserGroupPermissions', 'index', 0),
(7, 1, 'UserGroupPermissions', 'update', 1),
(8, 2, 'UserGroupPermissions', 'update', 0),
(9, 3, 'UserGroupPermissions', 'update', 0),
(10, 1, 'UserGroups', 'index', 1),
(11, 2, 'UserGroups', 'index', 0),
(12, 3, 'UserGroups', 'index', 0),
(13, 1, 'UserGroups', 'addGroup', 1),
(14, 2, 'UserGroups', 'addGroup', 0),
(15, 3, 'UserGroups', 'addGroup', 0),
(16, 1, 'UserGroups', 'editGroup', 1),
(17, 2, 'UserGroups', 'editGroup', 0),
(18, 3, 'UserGroups', 'editGroup', 0),
(19, 1, 'UserGroups', 'deleteGroup', 1),
(20, 2, 'UserGroups', 'deleteGroup', 0),
(21, 3, 'UserGroups', 'deleteGroup', 0),
(22, 1, 'Users', 'index', 1),
(23, 2, 'Users', 'index', 0),
(24, 3, 'Users', 'index', 0),
(25, 1, 'Users', 'viewUser', 1),
(26, 2, 'Users', 'viewUser', 0),
(27, 3, 'Users', 'viewUser', 0),
(28, 1, 'Users', 'myprofile', 1),
(29, 2, 'Users', 'myprofile', 1),
(30, 3, 'Users', 'myprofile', 0),
(31, 1, 'Users', 'login', 1),
(32, 2, 'Users', 'login', 1),
(33, 3, 'Users', 'login', 1),
(34, 1, 'Users', 'logout', 1),
(35, 2, 'Users', 'logout', 1),
(36, 3, 'Users', 'logout', 1),
(37, 1, 'Users', 'register', 1),
(38, 2, 'Users', 'register', 1),
(39, 3, 'Users', 'register', 1),
(40, 1, 'Users', 'changePassword', 1),
(41, 2, 'Users', 'changePassword', 1),
(42, 3, 'Users', 'changePassword', 0),
(43, 1, 'Users', 'changeUserPassword', 1),
(44, 2, 'Users', 'changeUserPassword', 0),
(45, 3, 'Users', 'changeUserPassword', 0),
(46, 1, 'Users', 'addUser', 1),
(47, 2, 'Users', 'addUser', 0),
(48, 3, 'Users', 'addUser', 0),
(49, 1, 'Users', 'editUser', 1),
(50, 2, 'Users', 'editUser', 0),
(51, 3, 'Users', 'editUser', 0),
(52, 1, 'Users', 'dashboard', 1),
(53, 2, 'Users', 'dashboard', 1),
(54, 3, 'Users', 'dashboard', 0),
(55, 1, 'Users', 'deleteUser', 1),
(56, 2, 'Users', 'deleteUser', 0),
(57, 3, 'Users', 'deleteUser', 0),
(58, 1, 'Users', 'makeActive', 1),
(59, 2, 'Users', 'makeActive', 0),
(60, 3, 'Users', 'makeActive', 0),
(61, 1, 'Users', 'accessDenied', 1),
(62, 2, 'Users', 'accessDenied', 1),
(63, 3, 'Users', 'accessDenied', 1),
(64, 1, 'Users', 'userVerification', 1),
(65, 2, 'Users', 'userVerification', 1),
(66, 3, 'Users', 'userVerification', 1),
(67, 1, 'Users', 'forgotPassword', 1),
(68, 2, 'Users', 'forgotPassword', 1),
(69, 3, 'Users', 'forgotPassword', 1),
(70, 1, 'Users', 'makeActiveInactive', 1),
(71, 2, 'Users', 'makeActiveInactive', 0),
(72, 3, 'Users', 'makeActiveInactive', 0),
(73, 1, 'Users', 'verifyEmail', 1),
(74, 2, 'Users', 'verifyEmail', 0),
(75, 3, 'Users', 'verifyEmail', 0),
(76, 1, 'Users', 'activatePassword', 1),
(77, 2, 'Users', 'activatePassword', 1),
(78, 3, 'Users', 'activatePassword', 1),
(79, 1, 'Documents', 'mydocs', 0),
(80, 2, 'Documents', 'mydocs', 1),
(81, 3, 'Documents', 'mydocs', 0),
(82, 1, 'Documents', 'uploadDoc', 0),
(83, 2, 'Documents', 'uploadDoc', 1),
(84, 3, 'Documents', 'uploadDoc', 0),
(85, 1, 'Documents', 'sendFile', 0),
(86, 2, 'Documents', 'sendFile', 1),
(87, 3, 'Documents', 'sendFile', 0),
(88, 1, 'Documents', 'uploadancestor', 0),
(89, 2, 'Documents', 'uploadancestor', 1),
(90, 3, 'Documents', 'uploadancestor', 0),
(91, 1, 'Documents', 'uploadapplicant', 0),
(92, 2, 'Documents', 'uploadapplicant', 1),
(93, 3, 'Documents', 'uploadapplicant', 0),
(94, 1, 'Documents', 'view', 0),
(95, 2, 'Documents', 'view', 1),
(96, 3, 'Documents', 'view', 0);

--
-- Constraints for dumped tables
--

--
-- Constraints for table `addresses`
--
ALTER TABLE `addresses`
  ADD CONSTRAINT `addresses_ibfk_1` FOREIGN KEY (`applicant_id`) REFERENCES `applicants` (`id`) ON UPDATE CASCADE;

--
-- Constraints for table `applicants`
--
ALTER TABLE `applicants`
  ADD CONSTRAINT `applicants_ibfk_2` FOREIGN KEY (`archive_id`) REFERENCES `archives` (`id`) ON UPDATE CASCADE,
  ADD CONSTRAINT `applicants_ibfk_3` FOREIGN KEY (`clientcase_id`) REFERENCES `clientcases` (`id`) ON UPDATE CASCADE;

--
-- Constraints for table `archiveloans`
--
ALTER TABLE `archiveloans`
  ADD CONSTRAINT `archiveloans_ibfk_1` FOREIGN KEY (`archive_id`) REFERENCES `archives` (`id`) ON UPDATE CASCADE,
  ADD CONSTRAINT `archiveloans_ibfk_2` FOREIGN KEY (`employee_id`) REFERENCES `employees` (`id`) ON UPDATE CASCADE;

--
-- Constraints for table `casenotes`
--
ALTER TABLE `casenotes`
  ADD CONSTRAINT `casenotes_ibfk_2` FOREIGN KEY (`user_id`) REFERENCES `users` (`id`) ON UPDATE CASCADE,
  ADD CONSTRAINT `casenotes_ibfk_3` FOREIGN KEY (`clientcase_id`) REFERENCES `clientcases` (`id`) ON UPDATE CASCADE;

--
-- Constraints for table `casestatuses`
--
ALTER TABLE `casestatuses`
  ADD CONSTRAINT `casestatuses_ibfk_2` FOREIGN KEY (`status_id`) REFERENCES `statuses` (`id`) ON UPDATE CASCADE,
  ADD CONSTRAINT `casestatuses_ibfk_3` FOREIGN KEY (`clientcase_id`) REFERENCES `clientcases` (`id`) ON UPDATE CASCADE;

--
-- Constraints for table `clientcases`
--
ALTER TABLE `clientcases`
  ADD CONSTRAINT `clientcases_ibfk_1` FOREIGN KEY (`user_id`) REFERENCES `users` (`id`) ON UPDATE CASCADE,
  ADD CONSTRAINT `clientcases_ibfk_2` FOREIGN KEY (`archive_id`) REFERENCES `archives` (`id`) ON UPDATE CASCADE,
  ADD CONSTRAINT `clientcases_ibfk_3` FOREIGN KEY (`status_id`) REFERENCES `statuses` (`id`) ON UPDATE CASCADE;

--
-- Constraints for table `docnotes`
--
ALTER TABLE `docnotes`
  ADD CONSTRAINT `docnotes_ibfk_1` FOREIGN KEY (`document_id`) REFERENCES `documents` (`id`) ON UPDATE CASCADE,
  ADD CONSTRAINT `docnotes_ibfk_2` FOREIGN KEY (`user_id`) REFERENCES `users` (`id`) ON UPDATE CASCADE;

/*!40101 SET CHARACTER_SET_CLIENT=@OLD_CHARACTER_SET_CLIENT */;
/*!40101 SET CHARACTER_SET_RESULTS=@OLD_CHARACTER_SET_RESULTS */;
/*!40101 SET COLLATION_CONNECTION=@OLD_COLLATION_CONNECTION */;
